filepath,filename,class,split
E:\Dr. Atef Ismail\Khaled Dental\Paper2\archive (10)\Tooth Discoloration\Tooth_Discoloration_0_9676.jpeg,Tooth_Discoloration_0_9676.jpeg,Tooth Discoloration,Training
E:\Dr. Atef Ismail\Khaled Dental\Paper2\archive (10)\Gingivitis\(1019).jpg,(1019).jpg,Gingivitis,Training
E:\Dr. Atef Ismail\Khaled Dental\Paper2\archive (10)\Calculus\(862).jpg,(862).jpg,Calculus,Training
E:\Dr. Atef Ismail\Khaled Dental\Paper2\archive (10)\Calculus\(817).jpg,(817).jpg,Calculus,Training
E:\Dr. Atef Ismail\Khaled Dental\Paper2\archive (10)\Tooth Discoloration\Tooth_Discoloration_0_423.jpeg,Tooth_Discoloration_0_423.jpeg,Tooth Discoloration,Training
E:\Dr. Atef Ismail\Khaled Dental\Paper2\archive (10)\hypodontia\(790).JPG,(790).JPG,Hypodontia,Training
E:\Dr. Atef Ismail\Khaled Dental\Paper2\archive (10)\Gingivitis\(1458).jpg,(1458).jpg,Gingivitis,Training
E:\Dr. Atef Ismail\Khaled Dental\Paper2\archive (10)\Mouth Ulcer\Mouth_Ulcer_0_6983.jpeg,Mouth_Ulcer_0_6983.jpeg,Mouth Ulcer,Training
E:\Dr. Atef Ismail\Khaled Dental\Paper2\archive (10)\Mouth Ulcer\Mouth_Ulcer_0_5478.jpeg,Mouth_Ulcer_0_5478.jpeg,Mouth Ulcer,Training
E:\Dr. Atef Ismail\Khaled Dental\Paper2\archive (10)\Tooth Discoloration\Tooth_Discoloration_0_7495.jpeg,Tooth_Discoloration_0_7495.jpeg,Tooth Discoloration,Training
E:\Dr. Atef Ismail\Khaled Dental\Paper2\archive (10)\hypodontia\(1251).JPG,(1251).JPG,Hypodontia,Training
E:\Dr. Atef Ismail\Khaled Dental\Paper2\archive (10)\Gingivitis\(1531).jpg,(1531).jpg,Gingivitis,Training
E:\Dr. Atef Ismail\Khaled Dental\Paper2\archive (10)\Mouth Ulcer\Mouth_Ulcer_0_9170.jpeg,Mouth_Ulcer_0_9170.jpeg,Mouth Ulcer,Training
E:\Dr. Atef Ismail\Khaled Dental\Paper2\archive (10)\Tooth Discoloration\Tooth_Discoloration_0_3552.jpeg,Tooth_Discoloration_0_3552.jpeg,Tooth Discoloration,Training
E:\Dr. Atef Ismail\Khaled Dental\Paper2\archive (10)\hypodontia\(232).JPG,(232).JPG,Hypodontia,Training
E:\Dr. Atef Ismail\Khaled Dental\Paper2\archive (10)\Calculus\(488).jpg,(488).jpg,Calculus,Training
E:\Dr. Atef Ismail\Khaled Dental\Paper2\archive (10)\Gingivitis\(1045).jpg,(1045).jpg,Gingivitis,Training
E:\Dr. Atef Ismail\Khaled Dental\Paper2\archive (10)\Gingivitis\(528).jpg,(528).jpg,Gingivitis,Training
E:\Dr. Atef Ismail\Khaled Dental\Paper2\archive (10)\Gingivitis\(272).jpg,(272).jpg,Gingivitis,Training
E:\Dr. Atef Ismail\Khaled Dental\Paper2\archive (10)\Tooth Discoloration\Tooth_Discoloration_0_5935.jpeg,Tooth_Discoloration_0_5935.jpeg,Tooth Discoloration,Training
E:\Dr. Atef Ismail\Khaled Dental\Paper2\archive (10)\hypodontia\(180).JPG,(180).JPG,Hypodontia,Training
E:\Dr. Atef Ismail\Khaled Dental\Paper2\archive (10)\hypodontia\(865).JPG,(865).JPG,Hypodontia,Training
E:\Dr. Atef Ismail\Khaled Dental\Paper2\archive (10)\Caries_Gingivitus\caries_0_5135.jpeg,caries_0_5135.jpeg,Caries-Gingivitis,Training
E:\Dr. Atef Ismail\Khaled Dental\Paper2\archive (10)\Caries_Gingivitus\560.jpg,560.jpg,Caries-Gingivitis,Training
E:\Dr. Atef Ismail\Khaled Dental\Paper2\archive (10)\Tooth Discoloration\Tooth_Discoloration_0_9604.jpeg,Tooth_Discoloration_0_9604.jpeg,Tooth Discoloration,Training
E:\Dr. Atef Ismail\Khaled Dental\Paper2\archive (10)\hypodontia\(1189).JPG,(1189).JPG,Hypodontia,Training
E:\Dr. Atef Ismail\Khaled Dental\Paper2\archive (10)\hypodontia\(1100).jpg,(1100).jpg,Hypodontia,Training
E:\Dr. Atef Ismail\Khaled Dental\Paper2\archive (10)\Calculus\(541).jpg,(541).jpg,Calculus,Training
E:\Dr. Atef Ismail\Khaled Dental\Paper2\archive (10)\Calculus\(35).jpg,(35).jpg,Calculus,Training
E:\Dr. Atef Ismail\Khaled Dental\Paper2\archive (10)\Mouth Ulcer\Mouth_Ulcer_0_589.jpeg,Mouth_Ulcer_0_589.jpeg,Mouth Ulcer,Training
E:\Dr. Atef Ismail\Khaled Dental\Paper2\archive (10)\Caries_Gingivitus\caries_0_3721.jpeg,caries_0_3721.jpeg,Caries-Gingivitis,Training
E:\Dr. Atef Ismail\Khaled Dental\Paper2\archive (10)\Mouth Ulcer\Mouth_Ulcer_0_6229.jpeg,Mouth_Ulcer_0_6229.jpeg,Mouth Ulcer,Training
E:\Dr. Atef Ismail\Khaled Dental\Paper2\archive (10)\Tooth Discoloration\Tooth_Discoloration_0_3913.jpeg,Tooth_Discoloration_0_3913.jpeg,Tooth Discoloration,Training
E:\Dr. Atef Ismail\Khaled Dental\Paper2\archive (10)\Gingivitis\(2033).jpg,(2033).jpg,Gingivitis,Training
E:\Dr. Atef Ismail\Khaled Dental\Paper2\archive (10)\Caries_Gingivitus\292.jpg,292.jpg,Caries-Gingivitis,Training
E:\Dr. Atef Ismail\Khaled Dental\Paper2\archive (10)\Caries_Gingivitus\caries_0_3238.jpeg,caries_0_3238.jpeg,Caries-Gingivitis,Training
E:\Dr. Atef Ismail\Khaled Dental\Paper2\archive (10)\Calculus\(495).jpg,(495).jpg,Calculus,Training
E:\Dr. Atef Ismail\Khaled Dental\Paper2\archive (10)\Gingivitis\(949).jpg,(949).jpg,Gingivitis,Training
E:\Dr. Atef Ismail\Khaled Dental\Paper2\archive (10)\Gingivitis\(1679).jpg,(1679).jpg,Gingivitis,Training
E:\Dr. Atef Ismail\Khaled Dental\Paper2\archive (10)\Mouth Ulcer\Mouth_Ulcer_0_6147.jpeg,Mouth_Ulcer_0_6147.jpeg,Mouth Ulcer,Training
E:\Dr. Atef Ismail\Khaled Dental\Paper2\archive (10)\Mouth Ulcer\Mouth_Ulcer_0_8045.jpeg,Mouth_Ulcer_0_8045.jpeg,Mouth Ulcer,Training
E:\Dr. Atef Ismail\Khaled Dental\Paper2\archive (10)\Gingivitis\(2012).jpg,(2012).jpg,Gingivitis,Training
E:\Dr. Atef Ismail\Khaled Dental\Paper2\archive (10)\Mouth Ulcer\Mouth_Ulcer_0_3967.jpeg,Mouth_Ulcer_0_3967.jpeg,Mouth Ulcer,Training
E:\Dr. Atef Ismail\Khaled Dental\Paper2\archive (10)\hypodontia\(434).JPG,(434).JPG,Hypodontia,Training
E:\Dr. Atef Ismail\Khaled Dental\Paper2\archive (10)\hypodontia\(665).jpg,(665).jpg,Hypodontia,Training
E:\Dr. Atef Ismail\Khaled Dental\Paper2\archive (10)\Calculus\(919).jpg,(919).jpg,Calculus,Training
E:\Dr. Atef Ismail\Khaled Dental\Paper2\archive (10)\Mouth Ulcer\Mouth_Ulcer_0_2445.jpeg,Mouth_Ulcer_0_2445.jpeg,Mouth Ulcer,Training
E:\Dr. Atef Ismail\Khaled Dental\Paper2\archive (10)\Tooth Discoloration\Tooth_Discoloration_0_3.jpeg,Tooth_Discoloration_0_3.jpeg,Tooth Discoloration,Training
E:\Dr. Atef Ismail\Khaled Dental\Paper2\archive (10)\Tooth Discoloration\Tooth_Discoloration_0_5161.jpeg,Tooth_Discoloration_0_5161.jpeg,Tooth Discoloration,Training
E:\Dr. Atef Ismail\Khaled Dental\Paper2\archive (10)\Mouth Ulcer\Mouth_Ulcer_0_4298.jpeg,Mouth_Ulcer_0_4298.jpeg,Mouth Ulcer,Training
E:\Dr. Atef Ismail\Khaled Dental\Paper2\archive (10)\Mouth Ulcer\Mouth_Ulcer_0_9037.jpeg,Mouth_Ulcer_0_9037.jpeg,Mouth Ulcer,Training
E:\Dr. Atef Ismail\Khaled Dental\Paper2\archive (10)\Calculus\(789).jpg,(789).jpg,Calculus,Training
E:\Dr. Atef Ismail\Khaled Dental\Paper2\archive (10)\Mouth Ulcer\Mouth_Ulcer_0_8776.jpeg,Mouth_Ulcer_0_8776.jpeg,Mouth Ulcer,Training
E:\Dr. Atef Ismail\Khaled Dental\Paper2\archive (10)\Tooth Discoloration\Tooth_Discoloration_0_8966.jpeg,Tooth_Discoloration_0_8966.jpeg,Tooth Discoloration,Training
E:\Dr. Atef Ismail\Khaled Dental\Paper2\archive (10)\Caries_Gingivitus\569.jpg,569.jpg,Caries-Gingivitis,Training
E:\Dr. Atef Ismail\Khaled Dental\Paper2\archive (10)\Caries_Gingivitus\caries_0_639.jpeg,caries_0_639.jpeg,Caries-Gingivitis,Training
E:\Dr. Atef Ismail\Khaled Dental\Paper2\archive (10)\Tooth Discoloration\Tooth_Discoloration_0_7117.jpeg,Tooth_Discoloration_0_7117.jpeg,Tooth Discoloration,Training
E:\Dr. Atef Ismail\Khaled Dental\Paper2\archive (10)\Tooth Discoloration\Tooth_Discoloration_0_5696.jpeg,Tooth_Discoloration_0_5696.jpeg,Tooth Discoloration,Training
E:\Dr. Atef Ismail\Khaled Dental\Paper2\archive (10)\Mouth Ulcer\Mouth_Ulcer_0_627.jpeg,Mouth_Ulcer_0_627.jpeg,Mouth Ulcer,Training
E:\Dr. Atef Ismail\Khaled Dental\Paper2\archive (10)\Tooth Discoloration\Tooth_Discoloration_0_6476.jpeg,Tooth_Discoloration_0_6476.jpeg,Tooth Discoloration,Training
E:\Dr. Atef Ismail\Khaled Dental\Paper2\archive (10)\Mouth Ulcer\Mouth_Ulcer_0_4311.jpeg,Mouth_Ulcer_0_4311.jpeg,Mouth Ulcer,Training
E:\Dr. Atef Ismail\Khaled Dental\Paper2\archive (10)\Mouth Ulcer\Mouth_Ulcer_0_8538.jpeg,Mouth_Ulcer_0_8538.jpeg,Mouth Ulcer,Training
E:\Dr. Atef Ismail\Khaled Dental\Paper2\archive (10)\Mouth Ulcer\Mouth_Ulcer_0_3901.jpeg,Mouth_Ulcer_0_3901.jpeg,Mouth Ulcer,Training
E:\Dr. Atef Ismail\Khaled Dental\Paper2\archive (10)\hypodontia\(840).JPG,(840).JPG,Hypodontia,Training
E:\Dr. Atef Ismail\Khaled Dental\Paper2\archive (10)\Tooth Discoloration\Tooth_Discoloration_0_7191.jpeg,Tooth_Discoloration_0_7191.jpeg,Tooth Discoloration,Training
E:\Dr. Atef Ismail\Khaled Dental\Paper2\archive (10)\Caries_Gingivitus\caries_0_4212.jpeg,caries_0_4212.jpeg,Caries-Gingivitis,Training
E:\Dr. Atef Ismail\Khaled Dental\Paper2\archive (10)\Mouth Ulcer\Mouth_Ulcer_0_493.jpeg,Mouth_Ulcer_0_493.jpeg,Mouth Ulcer,Training
E:\Dr. Atef Ismail\Khaled Dental\Paper2\archive (10)\Gingivitis\(739).jpg,(739).jpg,Gingivitis,Training
E:\Dr. Atef Ismail\Khaled Dental\Paper2\archive (10)\Calculus\(666).jpg,(666).jpg,Calculus,Training
E:\Dr. Atef Ismail\Khaled Dental\Paper2\archive (10)\Mouth Ulcer\Mouth_Ulcer_0_7150.jpeg,Mouth_Ulcer_0_7150.jpeg,Mouth Ulcer,Training
E:\Dr. Atef Ismail\Khaled Dental\Paper2\archive (10)\Tooth Discoloration\Tooth_Discoloration_0_9204.jpeg,Tooth_Discoloration_0_9204.jpeg,Tooth Discoloration,Training
E:\Dr. Atef Ismail\Khaled Dental\Paper2\archive (10)\Gingivitis\(812).jpg,(812).jpg,Gingivitis,Training
E:\Dr. Atef Ismail\Khaled Dental\Paper2\archive (10)\hypodontia\(991).JPG,(991).JPG,Hypodontia,Training
E:\Dr. Atef Ismail\Khaled Dental\Paper2\archive (10)\Caries_Gingivitus\26.jpg,26.jpg,Caries-Gingivitis,Training
E:\Dr. Atef Ismail\Khaled Dental\Paper2\archive (10)\Gingivitis\(1553).jpg,(1553).jpg,Gingivitis,Training
E:\Dr. Atef Ismail\Khaled Dental\Paper2\archive (10)\Caries_Gingivitus\491.jpg,491.jpg,Caries-Gingivitis,Training
E:\Dr. Atef Ismail\Khaled Dental\Paper2\archive (10)\Tooth Discoloration\Tooth_Discoloration_0_9393.jpeg,Tooth_Discoloration_0_9393.jpeg,Tooth Discoloration,Training
E:\Dr. Atef Ismail\Khaled Dental\Paper2\archive (10)\Caries_Gingivitus\444.jpg,444.jpg,Caries-Gingivitis,Training
E:\Dr. Atef Ismail\Khaled Dental\Paper2\archive (10)\Mouth Ulcer\Mouth_Ulcer_0_314.jpeg,Mouth_Ulcer_0_314.jpeg,Mouth Ulcer,Training
E:\Dr. Atef Ismail\Khaled Dental\Paper2\archive (10)\Gingivitis\(1077).jpg,(1077).jpg,Gingivitis,Training
E:\Dr. Atef Ismail\Khaled Dental\Paper2\archive (10)\Gingivitis\(1390).jpg,(1390).jpg,Gingivitis,Training
E:\Dr. Atef Ismail\Khaled Dental\Paper2\archive (10)\Tooth Discoloration\Tooth_Discoloration_0_6312.jpeg,Tooth_Discoloration_0_6312.jpeg,Tooth Discoloration,Training
E:\Dr. Atef Ismail\Khaled Dental\Paper2\archive (10)\hypodontia\(69).jpg,(69).jpg,Hypodontia,Training
E:\Dr. Atef Ismail\Khaled Dental\Paper2\archive (10)\Caries_Gingivitus\caries_0_4414.jpeg,caries_0_4414.jpeg,Caries-Gingivitis,Training
E:\Dr. Atef Ismail\Khaled Dental\Paper2\archive (10)\Calculus\(1281).jpg,(1281).jpg,Calculus,Training
E:\Dr. Atef Ismail\Khaled Dental\Paper2\archive (10)\Tooth Discoloration\Tooth_Discoloration_0_6562.jpeg,Tooth_Discoloration_0_6562.jpeg,Tooth Discoloration,Training
E:\Dr. Atef Ismail\Khaled Dental\Paper2\archive (10)\Caries_Gingivitus\caries_0_4391.jpeg,caries_0_4391.jpeg,Caries-Gingivitis,Training
E:\Dr. Atef Ismail\Khaled Dental\Paper2\archive (10)\Tooth Discoloration\Tooth_Discoloration_0_7234.jpeg,Tooth_Discoloration_0_7234.jpeg,Tooth Discoloration,Training
E:\Dr. Atef Ismail\Khaled Dental\Paper2\archive (10)\Gingivitis\(934).jpg,(934).jpg,Gingivitis,Training
E:\Dr. Atef Ismail\Khaled Dental\Paper2\archive (10)\Tooth Discoloration\Tooth_Discoloration_0_115.jpeg,Tooth_Discoloration_0_115.jpeg,Tooth Discoloration,Training
E:\Dr. Atef Ismail\Khaled Dental\Paper2\archive (10)\hypodontia\(714).JPG,(714).JPG,Hypodontia,Training
E:\Dr. Atef Ismail\Khaled Dental\Paper2\archive (10)\Gingivitis\(2020).jpg,(2020).jpg,Gingivitis,Training
E:\Dr. Atef Ismail\Khaled Dental\Paper2\archive (10)\Tooth Discoloration\Tooth_Discoloration_0_4733.jpeg,Tooth_Discoloration_0_4733.jpeg,Tooth Discoloration,Training
E:\Dr. Atef Ismail\Khaled Dental\Paper2\archive (10)\Calculus\(273).jpg,(273).jpg,Calculus,Training
E:\Dr. Atef Ismail\Khaled Dental\Paper2\archive (10)\hypodontia\(997).JPG,(997).JPG,Hypodontia,Training
E:\Dr. Atef Ismail\Khaled Dental\Paper2\archive (10)\Mouth Ulcer\Mouth_Ulcer_0_6813.jpeg,Mouth_Ulcer_0_6813.jpeg,Mouth Ulcer,Training
E:\Dr. Atef Ismail\Khaled Dental\Paper2\archive (10)\Mouth Ulcer\Mouth_Ulcer_0_2163.jpeg,Mouth_Ulcer_0_2163.jpeg,Mouth Ulcer,Training
E:\Dr. Atef Ismail\Khaled Dental\Paper2\archive (10)\Mouth Ulcer\Mouth_Ulcer_0_3741.jpeg,Mouth_Ulcer_0_3741.jpeg,Mouth Ulcer,Training
E:\Dr. Atef Ismail\Khaled Dental\Paper2\archive (10)\Mouth Ulcer\Mouth_Ulcer_0_2236.jpeg,Mouth_Ulcer_0_2236.jpeg,Mouth Ulcer,Training
E:\Dr. Atef Ismail\Khaled Dental\Paper2\archive (10)\hypodontia\(783).JPG,(783).JPG,Hypodontia,Training
E:\Dr. Atef Ismail\Khaled Dental\Paper2\archive (10)\Gingivitis\(1042).jpg,(1042).jpg,Gingivitis,Training
E:\Dr. Atef Ismail\Khaled Dental\Paper2\archive (10)\Mouth Ulcer\Mouth_Ulcer_0_6967.jpeg,Mouth_Ulcer_0_6967.jpeg,Mouth Ulcer,Training
E:\Dr. Atef Ismail\Khaled Dental\Paper2\archive (10)\Mouth Ulcer\Mouth_Ulcer_0_1020.jpeg,Mouth_Ulcer_0_1020.jpeg,Mouth Ulcer,Training
E:\Dr. Atef Ismail\Khaled Dental\Paper2\archive (10)\Tooth Discoloration\Tooth_Discoloration_0_6031.jpeg,Tooth_Discoloration_0_6031.jpeg,Tooth Discoloration,Training
E:\Dr. Atef Ismail\Khaled Dental\Paper2\archive (10)\Tooth Discoloration\Tooth_Discoloration_0_1621.jpeg,Tooth_Discoloration_0_1621.jpeg,Tooth Discoloration,Training
E:\Dr. Atef Ismail\Khaled Dental\Paper2\archive (10)\hypodontia\(628).JPG,(628).JPG,Hypodontia,Training
E:\Dr. Atef Ismail\Khaled Dental\Paper2\archive (10)\Gingivitis\(1913).jpg,(1913).jpg,Gingivitis,Training
E:\Dr. Atef Ismail\Khaled Dental\Paper2\archive (10)\Tooth Discoloration\Tooth_Discoloration_0_9896.jpeg,Tooth_Discoloration_0_9896.jpeg,Tooth Discoloration,Training
E:\Dr. Atef Ismail\Khaled Dental\Paper2\archive (10)\Mouth Ulcer\Mouth_Ulcer_0_4099.jpeg,Mouth_Ulcer_0_4099.jpeg,Mouth Ulcer,Training
E:\Dr. Atef Ismail\Khaled Dental\Paper2\archive (10)\Calculus\(881).jpg,(881).jpg,Calculus,Training
E:\Dr. Atef Ismail\Khaled Dental\Paper2\archive (10)\Gingivitis\(1451).jpg,(1451).jpg,Gingivitis,Training
E:\Dr. Atef Ismail\Khaled Dental\Paper2\archive (10)\Tooth Discoloration\Tooth_Discoloration_0_2512.jpeg,Tooth_Discoloration_0_2512.jpeg,Tooth Discoloration,Training
E:\Dr. Atef Ismail\Khaled Dental\Paper2\archive (10)\Calculus\(613).jpg,(613).jpg,Calculus,Training
E:\Dr. Atef Ismail\Khaled Dental\Paper2\archive (10)\Gingivitis\(790).jpg,(790).jpg,Gingivitis,Training
E:\Dr. Atef Ismail\Khaled Dental\Paper2\archive (10)\Mouth Ulcer\Mouth_Ulcer_0_7279.jpeg,Mouth_Ulcer_0_7279.jpeg,Mouth Ulcer,Training
E:\Dr. Atef Ismail\Khaled Dental\Paper2\archive (10)\Gingivitis\(2254).jpg,(2254).jpg,Gingivitis,Training
E:\Dr. Atef Ismail\Khaled Dental\Paper2\archive (10)\Mouth Ulcer\Mouth_Ulcer_0_2982.jpeg,Mouth_Ulcer_0_2982.jpeg,Mouth Ulcer,Training
E:\Dr. Atef Ismail\Khaled Dental\Paper2\archive (10)\Mouth Ulcer\Mouth_Ulcer_0_9267.jpeg,Mouth_Ulcer_0_9267.jpeg,Mouth Ulcer,Training
E:\Dr. Atef Ismail\Khaled Dental\Paper2\archive (10)\Mouth Ulcer\Mouth_Ulcer_0_6636.jpeg,Mouth_Ulcer_0_6636.jpeg,Mouth Ulcer,Training
E:\Dr. Atef Ismail\Khaled Dental\Paper2\archive (10)\hypodontia\(682).jpg,(682).jpg,Hypodontia,Training
E:\Dr. Atef Ismail\Khaled Dental\Paper2\archive (10)\Tooth Discoloration\Tooth_Discoloration_0_6891.jpeg,Tooth_Discoloration_0_6891.jpeg,Tooth Discoloration,Training
E:\Dr. Atef Ismail\Khaled Dental\Paper2\archive (10)\Mouth Ulcer\Mouth_Ulcer_0_7374.jpeg,Mouth_Ulcer_0_7374.jpeg,Mouth Ulcer,Training
E:\Dr. Atef Ismail\Khaled Dental\Paper2\archive (10)\Caries_Gingivitus\404.jpg,404.jpg,Caries-Gingivitis,Training
E:\Dr. Atef Ismail\Khaled Dental\Paper2\archive (10)\Tooth Discoloration\Tooth_Discoloration_0_3374.jpeg,Tooth_Discoloration_0_3374.jpeg,Tooth Discoloration,Training
E:\Dr. Atef Ismail\Khaled Dental\Paper2\archive (10)\Mouth Ulcer\Mouth_Ulcer_0_4598.jpeg,Mouth_Ulcer_0_4598.jpeg,Mouth Ulcer,Training
E:\Dr. Atef Ismail\Khaled Dental\Paper2\archive (10)\Mouth Ulcer\Mouth_Ulcer_0_8662.jpeg,Mouth_Ulcer_0_8662.jpeg,Mouth Ulcer,Training
E:\Dr. Atef Ismail\Khaled Dental\Paper2\archive (10)\Calculus\(1260).jpg,(1260).jpg,Calculus,Training
E:\Dr. Atef Ismail\Khaled Dental\Paper2\archive (10)\Mouth Ulcer\Mouth_Ulcer_0_907.jpeg,Mouth_Ulcer_0_907.jpeg,Mouth Ulcer,Training
E:\Dr. Atef Ismail\Khaled Dental\Paper2\archive (10)\Caries_Gingivitus\(22).jpg,(22).jpg,Caries-Gingivitis,Training
E:\Dr. Atef Ismail\Khaled Dental\Paper2\archive (10)\Caries_Gingivitus\620.jpg,620.jpg,Caries-Gingivitis,Training
E:\Dr. Atef Ismail\Khaled Dental\Paper2\archive (10)\Calculus\(671).jpg,(671).jpg,Calculus,Training
E:\Dr. Atef Ismail\Khaled Dental\Paper2\archive (10)\Gingivitis\(1446).jpg,(1446).jpg,Gingivitis,Training
E:\Dr. Atef Ismail\Khaled Dental\Paper2\archive (10)\Tooth Discoloration\Tooth_Discoloration_0_7704.jpeg,Tooth_Discoloration_0_7704.jpeg,Tooth Discoloration,Training
E:\Dr. Atef Ismail\Khaled Dental\Paper2\archive (10)\Tooth Discoloration\Tooth_Discoloration_0_2820.jpeg,Tooth_Discoloration_0_2820.jpeg,Tooth Discoloration,Training
E:\Dr. Atef Ismail\Khaled Dental\Paper2\archive (10)\Tooth Discoloration\Tooth_Discoloration_0_1470.jpeg,Tooth_Discoloration_0_1470.jpeg,Tooth Discoloration,Training
E:\Dr. Atef Ismail\Khaled Dental\Paper2\archive (10)\Gingivitis\(1675).jpg,(1675).jpg,Gingivitis,Training
E:\Dr. Atef Ismail\Khaled Dental\Paper2\archive (10)\Caries_Gingivitus\451.jpg,451.jpg,Caries-Gingivitis,Training
E:\Dr. Atef Ismail\Khaled Dental\Paper2\archive (10)\Calculus\(1088).jpg,(1088).jpg,Calculus,Training
E:\Dr. Atef Ismail\Khaled Dental\Paper2\archive (10)\Tooth Discoloration\Tooth_Discoloration_0_4783.jpeg,Tooth_Discoloration_0_4783.jpeg,Tooth Discoloration,Training
E:\Dr. Atef Ismail\Khaled Dental\Paper2\archive (10)\Gingivitis\(1378).jpg,(1378).jpg,Gingivitis,Training
E:\Dr. Atef Ismail\Khaled Dental\Paper2\archive (10)\Mouth Ulcer\Mouth_Ulcer_0_2006.jpeg,Mouth_Ulcer_0_2006.jpeg,Mouth Ulcer,Training
E:\Dr. Atef Ismail\Khaled Dental\Paper2\archive (10)\Tooth Discoloration\Tooth_Discoloration_0_9092.jpeg,Tooth_Discoloration_0_9092.jpeg,Tooth Discoloration,Training
E:\Dr. Atef Ismail\Khaled Dental\Paper2\archive (10)\Calculus\(1238).jpg,(1238).jpg,Calculus,Training
E:\Dr. Atef Ismail\Khaled Dental\Paper2\archive (10)\Mouth Ulcer\Mouth_Ulcer_0_1893.jpeg,Mouth_Ulcer_0_1893.jpeg,Mouth Ulcer,Training
E:\Dr. Atef Ismail\Khaled Dental\Paper2\archive (10)\Mouth Ulcer\Mouth_Ulcer_0_4481.jpeg,Mouth_Ulcer_0_4481.jpeg,Mouth Ulcer,Training
E:\Dr. Atef Ismail\Khaled Dental\Paper2\archive (10)\Caries_Gingivitus\277.jpg,277.jpg,Caries-Gingivitis,Training
E:\Dr. Atef Ismail\Khaled Dental\Paper2\archive (10)\hypodontia\(371).JPG,(371).JPG,Hypodontia,Training
E:\Dr. Atef Ismail\Khaled Dental\Paper2\archive (10)\Mouth Ulcer\Mouth_Ulcer_0_7400.jpeg,Mouth_Ulcer_0_7400.jpeg,Mouth Ulcer,Training
E:\Dr. Atef Ismail\Khaled Dental\Paper2\archive (10)\Tooth Discoloration\Tooth_Discoloration_0_1483.jpeg,Tooth_Discoloration_0_1483.jpeg,Tooth Discoloration,Training
E:\Dr. Atef Ismail\Khaled Dental\Paper2\archive (10)\Caries_Gingivitus\208.jpg,208.jpg,Caries-Gingivitis,Training
E:\Dr. Atef Ismail\Khaled Dental\Paper2\archive (10)\Mouth Ulcer\Mouth_Ulcer_0_1887.jpeg,Mouth_Ulcer_0_1887.jpeg,Mouth Ulcer,Training
E:\Dr. Atef Ismail\Khaled Dental\Paper2\archive (10)\Tooth Discoloration\Tooth_Discoloration_0_4957.jpeg,Tooth_Discoloration_0_4957.jpeg,Tooth Discoloration,Training
E:\Dr. Atef Ismail\Khaled Dental\Paper2\archive (10)\Mouth Ulcer\Mouth_Ulcer_0_6929.jpeg,Mouth_Ulcer_0_6929.jpeg,Mouth Ulcer,Training
E:\Dr. Atef Ismail\Khaled Dental\Paper2\archive (10)\Calculus\(674).jpg,(674).jpg,Calculus,Training
E:\Dr. Atef Ismail\Khaled Dental\Paper2\archive (10)\Gingivitis\(1535).jpg,(1535).jpg,Gingivitis,Training
E:\Dr. Atef Ismail\Khaled Dental\Paper2\archive (10)\Caries_Gingivitus\333.jpg,333.jpg,Caries-Gingivitis,Training
E:\Dr. Atef Ismail\Khaled Dental\Paper2\archive (10)\Mouth Ulcer\Mouth_Ulcer_0_3356.jpeg,Mouth_Ulcer_0_3356.jpeg,Mouth Ulcer,Training
E:\Dr. Atef Ismail\Khaled Dental\Paper2\archive (10)\Tooth Discoloration\Tooth_Discoloration_0_6413.jpeg,Tooth_Discoloration_0_6413.jpeg,Tooth Discoloration,Training
E:\Dr. Atef Ismail\Khaled Dental\Paper2\archive (10)\Gingivitis\(1950).jpg,(1950).jpg,Gingivitis,Training
E:\Dr. Atef Ismail\Khaled Dental\Paper2\archive (10)\Mouth Ulcer\Mouth_Ulcer_0_1561.jpeg,Mouth_Ulcer_0_1561.jpeg,Mouth Ulcer,Training
E:\Dr. Atef Ismail\Khaled Dental\Paper2\archive (10)\Calculus\(373).jpg,(373).jpg,Calculus,Training
E:\Dr. Atef Ismail\Khaled Dental\Paper2\archive (10)\hypodontia\(259).JPG,(259).JPG,Hypodontia,Training
E:\Dr. Atef Ismail\Khaled Dental\Paper2\archive (10)\Calculus\(443).jpg,(443).jpg,Calculus,Training
E:\Dr. Atef Ismail\Khaled Dental\Paper2\archive (10)\Calculus\(1255).jpg,(1255).jpg,Calculus,Training
E:\Dr. Atef Ismail\Khaled Dental\Paper2\archive (10)\Mouth Ulcer\Mouth_Ulcer_0_8322.jpeg,Mouth_Ulcer_0_8322.jpeg,Mouth Ulcer,Training
E:\Dr. Atef Ismail\Khaled Dental\Paper2\archive (10)\Mouth Ulcer\Mouth_Ulcer_0_4272.jpeg,Mouth_Ulcer_0_4272.jpeg,Mouth Ulcer,Training
E:\Dr. Atef Ismail\Khaled Dental\Paper2\archive (10)\Mouth Ulcer\Mouth_Ulcer_0_2929.jpeg,Mouth_Ulcer_0_2929.jpeg,Mouth Ulcer,Training
E:\Dr. Atef Ismail\Khaled Dental\Paper2\archive (10)\Tooth Discoloration\Tooth_Discoloration_0_107.jpeg,Tooth_Discoloration_0_107.jpeg,Tooth Discoloration,Training
E:\Dr. Atef Ismail\Khaled Dental\Paper2\archive (10)\Caries_Gingivitus\7.jpg,7.jpg,Caries-Gingivitis,Training
E:\Dr. Atef Ismail\Khaled Dental\Paper2\archive (10)\Calculus\(1222).jpg,(1222).jpg,Calculus,Training
E:\Dr. Atef Ismail\Khaled Dental\Paper2\archive (10)\Caries_Gingivitus\100.jpg,100.jpg,Caries-Gingivitis,Training
E:\Dr. Atef Ismail\Khaled Dental\Paper2\archive (10)\hypodontia\(277).JPG,(277).JPG,Hypodontia,Training
E:\Dr. Atef Ismail\Khaled Dental\Paper2\archive (10)\Gingivitis\(1989).jpg,(1989).jpg,Gingivitis,Training
E:\Dr. Atef Ismail\Khaled Dental\Paper2\archive (10)\Gingivitis\(153).jpg,(153).jpg,Gingivitis,Training
E:\Dr. Atef Ismail\Khaled Dental\Paper2\archive (10)\Mouth Ulcer\Mouth_Ulcer_0_2762.jpeg,Mouth_Ulcer_0_2762.jpeg,Mouth Ulcer,Training
E:\Dr. Atef Ismail\Khaled Dental\Paper2\archive (10)\Calculus\(726).jpg,(726).jpg,Calculus,Training
E:\Dr. Atef Ismail\Khaled Dental\Paper2\archive (10)\Tooth Discoloration\Tooth_Discoloration_0_1927.jpeg,Tooth_Discoloration_0_1927.jpeg,Tooth Discoloration,Training
E:\Dr. Atef Ismail\Khaled Dental\Paper2\archive (10)\Caries_Gingivitus\544.jpg,544.jpg,Caries-Gingivitis,Training
E:\Dr. Atef Ismail\Khaled Dental\Paper2\archive (10)\Mouth Ulcer\Mouth_Ulcer_0_7382.jpeg,Mouth_Ulcer_0_7382.jpeg,Mouth Ulcer,Training
E:\Dr. Atef Ismail\Khaled Dental\Paper2\archive (10)\Gingivitis\(1995).jpg,(1995).jpg,Gingivitis,Training
E:\Dr. Atef Ismail\Khaled Dental\Paper2\archive (10)\Caries_Gingivitus\caries_0_4030.jpeg,caries_0_4030.jpeg,Caries-Gingivitis,Training
E:\Dr. Atef Ismail\Khaled Dental\Paper2\archive (10)\Mouth Ulcer\Mouth_Ulcer_0_5117.jpeg,Mouth_Ulcer_0_5117.jpeg,Mouth Ulcer,Training
E:\Dr. Atef Ismail\Khaled Dental\Paper2\archive (10)\hypodontia\(78).JPG,(78).JPG,Hypodontia,Training
E:\Dr. Atef Ismail\Khaled Dental\Paper2\archive (10)\Calculus\(987).jpg,(987).jpg,Calculus,Training
E:\Dr. Atef Ismail\Khaled Dental\Paper2\archive (10)\Mouth Ulcer\Mouth_Ulcer_0_3560.jpeg,Mouth_Ulcer_0_3560.jpeg,Mouth Ulcer,Training
E:\Dr. Atef Ismail\Khaled Dental\Paper2\archive (10)\Gingivitis\(387).jpg,(387).jpg,Gingivitis,Training
E:\Dr. Atef Ismail\Khaled Dental\Paper2\archive (10)\Gingivitis\(974).jpg,(974).jpg,Gingivitis,Training
E:\Dr. Atef Ismail\Khaled Dental\Paper2\archive (10)\Mouth Ulcer\Mouth_Ulcer_0_5141.jpeg,Mouth_Ulcer_0_5141.jpeg,Mouth Ulcer,Training
E:\Dr. Atef Ismail\Khaled Dental\Paper2\archive (10)\Gingivitis\(743).jpg,(743).jpg,Gingivitis,Training
E:\Dr. Atef Ismail\Khaled Dental\Paper2\archive (10)\Mouth Ulcer\Mouth_Ulcer_0_3218.jpeg,Mouth_Ulcer_0_3218.jpeg,Mouth Ulcer,Training
E:\Dr. Atef Ismail\Khaled Dental\Paper2\archive (10)\Mouth Ulcer\Mouth_Ulcer_0_2648.jpeg,Mouth_Ulcer_0_2648.jpeg,Mouth Ulcer,Training
E:\Dr. Atef Ismail\Khaled Dental\Paper2\archive (10)\Mouth Ulcer\Mouth_Ulcer_0_9199.jpeg,Mouth_Ulcer_0_9199.jpeg,Mouth Ulcer,Training
E:\Dr. Atef Ismail\Khaled Dental\Paper2\archive (10)\Gingivitis\(685).jpg,(685).jpg,Gingivitis,Training
E:\Dr. Atef Ismail\Khaled Dental\Paper2\archive (10)\Gingivitis\(158).jpg,(158).jpg,Gingivitis,Training
E:\Dr. Atef Ismail\Khaled Dental\Paper2\archive (10)\hypodontia\(1137).JPG,(1137).JPG,Hypodontia,Training
E:\Dr. Atef Ismail\Khaled Dental\Paper2\archive (10)\Gingivitis\(844).jpg,(844).jpg,Gingivitis,Training
E:\Dr. Atef Ismail\Khaled Dental\Paper2\archive (10)\Mouth Ulcer\Mouth_Ulcer_0_2625.jpeg,Mouth_Ulcer_0_2625.jpeg,Mouth Ulcer,Training
E:\Dr. Atef Ismail\Khaled Dental\Paper2\archive (10)\Tooth Discoloration\Tooth_Discoloration_0_3841.jpeg,Tooth_Discoloration_0_3841.jpeg,Tooth Discoloration,Training
E:\Dr. Atef Ismail\Khaled Dental\Paper2\archive (10)\Caries_Gingivitus\caries_0_104.jpeg,caries_0_104.jpeg,Caries-Gingivitis,Training
E:\Dr. Atef Ismail\Khaled Dental\Paper2\archive (10)\Gingivitis\(2029).jpg,(2029).jpg,Gingivitis,Training
E:\Dr. Atef Ismail\Khaled Dental\Paper2\archive (10)\Mouth Ulcer\Mouth_Ulcer_0_7277.jpeg,Mouth_Ulcer_0_7277.jpeg,Mouth Ulcer,Training
E:\Dr. Atef Ismail\Khaled Dental\Paper2\archive (10)\Mouth Ulcer\Mouth_Ulcer_0_5605.jpeg,Mouth_Ulcer_0_5605.jpeg,Mouth Ulcer,Training
E:\Dr. Atef Ismail\Khaled Dental\Paper2\archive (10)\Gingivitis\(160).jpg,(160).jpg,Gingivitis,Training
E:\Dr. Atef Ismail\Khaled Dental\Paper2\archive (10)\Mouth Ulcer\Mouth_Ulcer_0_4198.jpeg,Mouth_Ulcer_0_4198.jpeg,Mouth Ulcer,Training
E:\Dr. Atef Ismail\Khaled Dental\Paper2\archive (10)\Caries_Gingivitus\caries_0_4969.jpeg,caries_0_4969.jpeg,Caries-Gingivitis,Training
E:\Dr. Atef Ismail\Khaled Dental\Paper2\archive (10)\Tooth Discoloration\Tooth_Discoloration_0_7148.jpeg,Tooth_Discoloration_0_7148.jpeg,Tooth Discoloration,Training
E:\Dr. Atef Ismail\Khaled Dental\Paper2\archive (10)\hypodontia\(175).JPG,(175).JPG,Hypodontia,Training
E:\Dr. Atef Ismail\Khaled Dental\Paper2\archive (10)\Gingivitis\(545).jpg,(545).jpg,Gingivitis,Training
E:\Dr. Atef Ismail\Khaled Dental\Paper2\archive (10)\Gingivitis\(772).jpg,(772).jpg,Gingivitis,Training
E:\Dr. Atef Ismail\Khaled Dental\Paper2\archive (10)\Mouth Ulcer\Mouth_Ulcer_0_2314.jpeg,Mouth_Ulcer_0_2314.jpeg,Mouth Ulcer,Training
E:\Dr. Atef Ismail\Khaled Dental\Paper2\archive (10)\hypodontia\(509).jpg,(509).jpg,Hypodontia,Training
E:\Dr. Atef Ismail\Khaled Dental\Paper2\archive (10)\hypodontia\(70).jpg,(70).jpg,Hypodontia,Training
E:\Dr. Atef Ismail\Khaled Dental\Paper2\archive (10)\Calculus\(355).jpg,(355).jpg,Calculus,Training
E:\Dr. Atef Ismail\Khaled Dental\Paper2\archive (10)\Gingivitis\(902).jpg,(902).jpg,Gingivitis,Training
E:\Dr. Atef Ismail\Khaled Dental\Paper2\archive (10)\hypodontia\(4).JPG,(4).JPG,Hypodontia,Training
E:\Dr. Atef Ismail\Khaled Dental\Paper2\archive (10)\Mouth Ulcer\Mouth_Ulcer_0_4045.jpeg,Mouth_Ulcer_0_4045.jpeg,Mouth Ulcer,Training
E:\Dr. Atef Ismail\Khaled Dental\Paper2\archive (10)\Tooth Discoloration\Tooth_Discoloration_0_8227.jpeg,Tooth_Discoloration_0_8227.jpeg,Tooth Discoloration,Training
E:\Dr. Atef Ismail\Khaled Dental\Paper2\archive (10)\Mouth Ulcer\Mouth_Ulcer_0_6323.jpeg,Mouth_Ulcer_0_6323.jpeg,Mouth Ulcer,Training
E:\Dr. Atef Ismail\Khaled Dental\Paper2\archive (10)\Caries_Gingivitus\caries_0_113.jpeg,caries_0_113.jpeg,Caries-Gingivitis,Training
E:\Dr. Atef Ismail\Khaled Dental\Paper2\archive (10)\Calculus\(69).jpg,(69).jpg,Calculus,Training
E:\Dr. Atef Ismail\Khaled Dental\Paper2\archive (10)\Tooth Discoloration\Tooth_Discoloration_0_4545.jpeg,Tooth_Discoloration_0_4545.jpeg,Tooth Discoloration,Training
E:\Dr. Atef Ismail\Khaled Dental\Paper2\archive (10)\Calculus\(1122).jpg,(1122).jpg,Calculus,Training
E:\Dr. Atef Ismail\Khaled Dental\Paper2\archive (10)\Mouth Ulcer\Mouth_Ulcer_0_7884.jpeg,Mouth_Ulcer_0_7884.jpeg,Mouth Ulcer,Training
E:\Dr. Atef Ismail\Khaled Dental\Paper2\archive (10)\Gingivitis\(533).jpg,(533).jpg,Gingivitis,Training
E:\Dr. Atef Ismail\Khaled Dental\Paper2\archive (10)\Gingivitis\(141).jpg,(141).jpg,Gingivitis,Training
E:\Dr. Atef Ismail\Khaled Dental\Paper2\archive (10)\Mouth Ulcer\Mouth_Ulcer_0_8239.jpeg,Mouth_Ulcer_0_8239.jpeg,Mouth Ulcer,Training
E:\Dr. Atef Ismail\Khaled Dental\Paper2\archive (10)\Mouth Ulcer\Mouth_Ulcer_0_4497.jpeg,Mouth_Ulcer_0_4497.jpeg,Mouth Ulcer,Training
E:\Dr. Atef Ismail\Khaled Dental\Paper2\archive (10)\Mouth Ulcer\Mouth_Ulcer_0_8237.jpeg,Mouth_Ulcer_0_8237.jpeg,Mouth Ulcer,Training
E:\Dr. Atef Ismail\Khaled Dental\Paper2\archive (10)\Caries_Gingivitus\107.jpg,107.jpg,Caries-Gingivitis,Training
E:\Dr. Atef Ismail\Khaled Dental\Paper2\archive (10)\Tooth Discoloration\Tooth_Discoloration_0_6497.jpeg,Tooth_Discoloration_0_6497.jpeg,Tooth Discoloration,Training
E:\Dr. Atef Ismail\Khaled Dental\Paper2\archive (10)\Tooth Discoloration\Tooth_Discoloration_0_1223.jpeg,Tooth_Discoloration_0_1223.jpeg,Tooth Discoloration,Training
E:\Dr. Atef Ismail\Khaled Dental\Paper2\archive (10)\Mouth Ulcer\Mouth_Ulcer_0_6644.jpeg,Mouth_Ulcer_0_6644.jpeg,Mouth Ulcer,Training
E:\Dr. Atef Ismail\Khaled Dental\Paper2\archive (10)\Tooth Discoloration\Tooth_Discoloration_0_9933.jpeg,Tooth_Discoloration_0_9933.jpeg,Tooth Discoloration,Training
E:\Dr. Atef Ismail\Khaled Dental\Paper2\archive (10)\Tooth Discoloration\Tooth_Discoloration_0_7722.jpeg,Tooth_Discoloration_0_7722.jpeg,Tooth Discoloration,Training
E:\Dr. Atef Ismail\Khaled Dental\Paper2\archive (10)\hypodontia\(422).JPG,(422).JPG,Hypodontia,Training
E:\Dr. Atef Ismail\Khaled Dental\Paper2\archive (10)\Caries_Gingivitus\caries_0_392.jpeg,caries_0_392.jpeg,Caries-Gingivitis,Training
E:\Dr. Atef Ismail\Khaled Dental\Paper2\archive (10)\Tooth Discoloration\Tooth_Discoloration_0_3964.jpeg,Tooth_Discoloration_0_3964.jpeg,Tooth Discoloration,Training
E:\Dr. Atef Ismail\Khaled Dental\Paper2\archive (10)\Mouth Ulcer\Mouth_Ulcer_0_6051.jpeg,Mouth_Ulcer_0_6051.jpeg,Mouth Ulcer,Training
E:\Dr. Atef Ismail\Khaled Dental\Paper2\archive (10)\hypodontia\(842).JPG,(842).JPG,Hypodontia,Training
E:\Dr. Atef Ismail\Khaled Dental\Paper2\archive (10)\Gingivitis\(650).jpg,(650).jpg,Gingivitis,Training
E:\Dr. Atef Ismail\Khaled Dental\Paper2\archive (10)\hypodontia\(739).JPG,(739).JPG,Hypodontia,Training
E:\Dr. Atef Ismail\Khaled Dental\Paper2\archive (10)\hypodontia\(1007).JPG,(1007).JPG,Hypodontia,Training
E:\Dr. Atef Ismail\Khaled Dental\Paper2\archive (10)\Caries_Gingivitus\caries_0_3887.jpeg,caries_0_3887.jpeg,Caries-Gingivitis,Training
E:\Dr. Atef Ismail\Khaled Dental\Paper2\archive (10)\Calculus\(242).jpg,(242).jpg,Calculus,Training
E:\Dr. Atef Ismail\Khaled Dental\Paper2\archive (10)\Tooth Discoloration\Tooth_Discoloration_0_6146.jpeg,Tooth_Discoloration_0_6146.jpeg,Tooth Discoloration,Training
E:\Dr. Atef Ismail\Khaled Dental\Paper2\archive (10)\Tooth Discoloration\Tooth_Discoloration_0_5588.jpeg,Tooth_Discoloration_0_5588.jpeg,Tooth Discoloration,Training
E:\Dr. Atef Ismail\Khaled Dental\Paper2\archive (10)\Calculus\(158).jpg,(158).jpg,Calculus,Training
E:\Dr. Atef Ismail\Khaled Dental\Paper2\archive (10)\hypodontia\(13).JPG,(13).JPG,Hypodontia,Training
E:\Dr. Atef Ismail\Khaled Dental\Paper2\archive (10)\hypodontia\(302).JPG,(302).JPG,Hypodontia,Training
E:\Dr. Atef Ismail\Khaled Dental\Paper2\archive (10)\hypodontia\(1097).jpg,(1097).jpg,Hypodontia,Training
E:\Dr. Atef Ismail\Khaled Dental\Paper2\archive (10)\Calculus\(1085).jpg,(1085).jpg,Calculus,Training
E:\Dr. Atef Ismail\Khaled Dental\Paper2\archive (10)\Mouth Ulcer\Mouth_Ulcer_0_2476.jpeg,Mouth_Ulcer_0_2476.jpeg,Mouth Ulcer,Training
E:\Dr. Atef Ismail\Khaled Dental\Paper2\archive (10)\Mouth Ulcer\Mouth_Ulcer_0_1983.jpeg,Mouth_Ulcer_0_1983.jpeg,Mouth Ulcer,Training
E:\Dr. Atef Ismail\Khaled Dental\Paper2\archive (10)\Gingivitis\(1297).jpg,(1297).jpg,Gingivitis,Training
E:\Dr. Atef Ismail\Khaled Dental\Paper2\archive (10)\Mouth Ulcer\Mouth_Ulcer_0_4067.jpeg,Mouth_Ulcer_0_4067.jpeg,Mouth Ulcer,Training
E:\Dr. Atef Ismail\Khaled Dental\Paper2\archive (10)\Tooth Discoloration\Tooth_Discoloration_0_562.jpeg,Tooth_Discoloration_0_562.jpeg,Tooth Discoloration,Training
E:\Dr. Atef Ismail\Khaled Dental\Paper2\archive (10)\Calculus\(128).jpg,(128).jpg,Calculus,Training
E:\Dr. Atef Ismail\Khaled Dental\Paper2\archive (10)\Gingivitis\(448).jpg,(448).jpg,Gingivitis,Training
E:\Dr. Atef Ismail\Khaled Dental\Paper2\archive (10)\hypodontia\(1216).jpg,(1216).jpg,Hypodontia,Training
E:\Dr. Atef Ismail\Khaled Dental\Paper2\archive (10)\Tooth Discoloration\Tooth_Discoloration_0_6250.jpeg,Tooth_Discoloration_0_6250.jpeg,Tooth Discoloration,Training
E:\Dr. Atef Ismail\Khaled Dental\Paper2\archive (10)\Caries_Gingivitus\123.jpg,123.jpg,Caries-Gingivitis,Training
E:\Dr. Atef Ismail\Khaled Dental\Paper2\archive (10)\Mouth Ulcer\Mouth_Ulcer_0_6865.jpeg,Mouth_Ulcer_0_6865.jpeg,Mouth Ulcer,Training
E:\Dr. Atef Ismail\Khaled Dental\Paper2\archive (10)\Mouth Ulcer\Mouth_Ulcer_0_9979.jpeg,Mouth_Ulcer_0_9979.jpeg,Mouth Ulcer,Training
E:\Dr. Atef Ismail\Khaled Dental\Paper2\archive (10)\Mouth Ulcer\Mouth_Ulcer_0_7719.jpeg,Mouth_Ulcer_0_7719.jpeg,Mouth Ulcer,Training
E:\Dr. Atef Ismail\Khaled Dental\Paper2\archive (10)\Gingivitis\(1663).jpg,(1663).jpg,Gingivitis,Training
E:\Dr. Atef Ismail\Khaled Dental\Paper2\archive (10)\hypodontia\(915).jpg,(915).jpg,Hypodontia,Training
E:\Dr. Atef Ismail\Khaled Dental\Paper2\archive (10)\Gingivitis\(1217).jpg,(1217).jpg,Gingivitis,Training
E:\Dr. Atef Ismail\Khaled Dental\Paper2\archive (10)\hypodontia\(500).JPG,(500).JPG,Hypodontia,Training
E:\Dr. Atef Ismail\Khaled Dental\Paper2\archive (10)\Gingivitis\(942).jpg,(942).jpg,Gingivitis,Training
E:\Dr. Atef Ismail\Khaled Dental\Paper2\archive (10)\Calculus\(661).jpg,(661).jpg,Calculus,Training
E:\Dr. Atef Ismail\Khaled Dental\Paper2\archive (10)\Tooth Discoloration\Tooth_Discoloration_0_6872.jpeg,Tooth_Discoloration_0_6872.jpeg,Tooth Discoloration,Training
E:\Dr. Atef Ismail\Khaled Dental\Paper2\archive (10)\Gingivitis\(295).jpg,(295).jpg,Gingivitis,Training
E:\Dr. Atef Ismail\Khaled Dental\Paper2\archive (10)\Tooth Discoloration\Tooth_Discoloration_0_9018.jpeg,Tooth_Discoloration_0_9018.jpeg,Tooth Discoloration,Training
E:\Dr. Atef Ismail\Khaled Dental\Paper2\archive (10)\Mouth Ulcer\Mouth_Ulcer_0_4931.jpeg,Mouth_Ulcer_0_4931.jpeg,Mouth Ulcer,Training
E:\Dr. Atef Ismail\Khaled Dental\Paper2\archive (10)\Caries_Gingivitus\caries_0_3348.jpeg,caries_0_3348.jpeg,Caries-Gingivitis,Training
E:\Dr. Atef Ismail\Khaled Dental\Paper2\archive (10)\Tooth Discoloration\Tooth_Discoloration_0_7656.jpeg,Tooth_Discoloration_0_7656.jpeg,Tooth Discoloration,Training
E:\Dr. Atef Ismail\Khaled Dental\Paper2\archive (10)\Mouth Ulcer\Mouth_Ulcer_0_6187.jpeg,Mouth_Ulcer_0_6187.jpeg,Mouth Ulcer,Training
E:\Dr. Atef Ismail\Khaled Dental\Paper2\archive (10)\hypodontia\(83).JPG,(83).JPG,Hypodontia,Training
E:\Dr. Atef Ismail\Khaled Dental\Paper2\archive (10)\Tooth Discoloration\Tooth_Discoloration_0_5847.jpeg,Tooth_Discoloration_0_5847.jpeg,Tooth Discoloration,Training
E:\Dr. Atef Ismail\Khaled Dental\Paper2\archive (10)\Mouth Ulcer\Mouth_Ulcer_0_540.jpeg,Mouth_Ulcer_0_540.jpeg,Mouth Ulcer,Training
E:\Dr. Atef Ismail\Khaled Dental\Paper2\archive (10)\hypodontia\(879).JPG,(879).JPG,Hypodontia,Training
E:\Dr. Atef Ismail\Khaled Dental\Paper2\archive (10)\Tooth Discoloration\Tooth_Discoloration_0_3357.jpeg,Tooth_Discoloration_0_3357.jpeg,Tooth Discoloration,Training
E:\Dr. Atef Ismail\Khaled Dental\Paper2\archive (10)\Gingivitis\(778).jpg,(778).jpg,Gingivitis,Training
E:\Dr. Atef Ismail\Khaled Dental\Paper2\archive (10)\Tooth Discoloration\Tooth_Discoloration_0_9609.jpeg,Tooth_Discoloration_0_9609.jpeg,Tooth Discoloration,Training
E:\Dr. Atef Ismail\Khaled Dental\Paper2\archive (10)\Mouth Ulcer\Mouth_Ulcer_0_5864.jpeg,Mouth_Ulcer_0_5864.jpeg,Mouth Ulcer,Training
E:\Dr. Atef Ismail\Khaled Dental\Paper2\archive (10)\Calculus\(1114).jpg,(1114).jpg,Calculus,Training
E:\Dr. Atef Ismail\Khaled Dental\Paper2\archive (10)\Gingivitis\(1350).jpg,(1350).jpg,Gingivitis,Training
E:\Dr. Atef Ismail\Khaled Dental\Paper2\archive (10)\Calculus\(1022).jpg,(1022).jpg,Calculus,Training
E:\Dr. Atef Ismail\Khaled Dental\Paper2\archive (10)\Gingivitis\(1100)(1).jpg,(1100)(1).jpg,Gingivitis,Training
E:\Dr. Atef Ismail\Khaled Dental\Paper2\archive (10)\Mouth Ulcer\Mouth_Ulcer_0_4703.jpeg,Mouth_Ulcer_0_4703.jpeg,Mouth Ulcer,Training
E:\Dr. Atef Ismail\Khaled Dental\Paper2\archive (10)\Calculus\(1269).jpg,(1269).jpg,Calculus,Training
E:\Dr. Atef Ismail\Khaled Dental\Paper2\archive (10)\Mouth Ulcer\Mouth_Ulcer_0_5251.jpeg,Mouth_Ulcer_0_5251.jpeg,Mouth Ulcer,Training
E:\Dr. Atef Ismail\Khaled Dental\Paper2\archive (10)\Calculus\(320).jpg,(320).jpg,Calculus,Training
E:\Dr. Atef Ismail\Khaled Dental\Paper2\archive (10)\Mouth Ulcer\Mouth_Ulcer_0_4156.jpeg,Mouth_Ulcer_0_4156.jpeg,Mouth Ulcer,Training
E:\Dr. Atef Ismail\Khaled Dental\Paper2\archive (10)\hypodontia\(521).jpg,(521).jpg,Hypodontia,Training
E:\Dr. Atef Ismail\Khaled Dental\Paper2\archive (10)\Tooth Discoloration\Tooth_Discoloration_0_5002.jpeg,Tooth_Discoloration_0_5002.jpeg,Tooth Discoloration,Training
E:\Dr. Atef Ismail\Khaled Dental\Paper2\archive (10)\Tooth Discoloration\Tooth_Discoloration_0_4209.jpeg,Tooth_Discoloration_0_4209.jpeg,Tooth Discoloration,Training
E:\Dr. Atef Ismail\Khaled Dental\Paper2\archive (10)\Gingivitis\(367).jpg,(367).jpg,Gingivitis,Training
E:\Dr. Atef Ismail\Khaled Dental\Paper2\archive (10)\Calculus\(1079).jpg,(1079).jpg,Calculus,Training
E:\Dr. Atef Ismail\Khaled Dental\Paper2\archive (10)\hypodontia\(795).JPG,(795).JPG,Hypodontia,Training
E:\Dr. Atef Ismail\Khaled Dental\Paper2\archive (10)\Caries_Gingivitus\559.jpg,559.jpg,Caries-Gingivitis,Training
E:\Dr. Atef Ismail\Khaled Dental\Paper2\archive (10)\hypodontia\(61).JPG,(61).JPG,Hypodontia,Training
E:\Dr. Atef Ismail\Khaled Dental\Paper2\archive (10)\hypodontia\(708).JPG,(708).JPG,Hypodontia,Training
E:\Dr. Atef Ismail\Khaled Dental\Paper2\archive (10)\Caries_Gingivitus\(56).jpg,(56).jpg,Caries-Gingivitis,Training
E:\Dr. Atef Ismail\Khaled Dental\Paper2\archive (10)\hypodontia\(545).jpg,(545).jpg,Hypodontia,Training
E:\Dr. Atef Ismail\Khaled Dental\Paper2\archive (10)\Mouth Ulcer\Mouth_Ulcer_0_3113.jpeg,Mouth_Ulcer_0_3113.jpeg,Mouth Ulcer,Training
E:\Dr. Atef Ismail\Khaled Dental\Paper2\archive (10)\Mouth Ulcer\Mouth_Ulcer_0_462.jpeg,Mouth_Ulcer_0_462.jpeg,Mouth Ulcer,Training
E:\Dr. Atef Ismail\Khaled Dental\Paper2\archive (10)\Mouth Ulcer\Mouth_Ulcer_0_3665.jpeg,Mouth_Ulcer_0_3665.jpeg,Mouth Ulcer,Training
E:\Dr. Atef Ismail\Khaled Dental\Paper2\archive (10)\Gingivitis\(687).jpg,(687).jpg,Gingivitis,Training
E:\Dr. Atef Ismail\Khaled Dental\Paper2\archive (10)\Gingivitis\(1843).jpg,(1843).jpg,Gingivitis,Training
E:\Dr. Atef Ismail\Khaled Dental\Paper2\archive (10)\Calculus\(248).jpg,(248).jpg,Calculus,Training
E:\Dr. Atef Ismail\Khaled Dental\Paper2\archive (10)\Caries_Gingivitus\caries_0_3561.jpeg,caries_0_3561.jpeg,Caries-Gingivitis,Training
E:\Dr. Atef Ismail\Khaled Dental\Paper2\archive (10)\Calculus\(1066).jpg,(1066).jpg,Calculus,Training
E:\Dr. Atef Ismail\Khaled Dental\Paper2\archive (10)\Tooth Discoloration\Tooth_Discoloration_0_4777.jpeg,Tooth_Discoloration_0_4777.jpeg,Tooth Discoloration,Training
E:\Dr. Atef Ismail\Khaled Dental\Paper2\archive (10)\Gingivitis\(1689).jpg,(1689).jpg,Gingivitis,Training
E:\Dr. Atef Ismail\Khaled Dental\Paper2\archive (10)\Mouth Ulcer\Mouth_Ulcer_0_9733.jpeg,Mouth_Ulcer_0_9733.jpeg,Mouth Ulcer,Training
E:\Dr. Atef Ismail\Khaled Dental\Paper2\archive (10)\Gingivitis\(477).jpg,(477).jpg,Gingivitis,Training
E:\Dr. Atef Ismail\Khaled Dental\Paper2\archive (10)\Tooth Discoloration\Tooth_Discoloration_0_9976.jpeg,Tooth_Discoloration_0_9976.jpeg,Tooth Discoloration,Training
E:\Dr. Atef Ismail\Khaled Dental\Paper2\archive (10)\Mouth Ulcer\Mouth_Ulcer_0_8444.jpeg,Mouth_Ulcer_0_8444.jpeg,Mouth Ulcer,Training
E:\Dr. Atef Ismail\Khaled Dental\Paper2\archive (10)\Caries_Gingivitus\caries_0_3986.jpeg,caries_0_3986.jpeg,Caries-Gingivitis,Training
E:\Dr. Atef Ismail\Khaled Dental\Paper2\archive (10)\Calculus\(304).jpg,(304).jpg,Calculus,Training
E:\Dr. Atef Ismail\Khaled Dental\Paper2\archive (10)\Caries_Gingivitus\caries_0_4600.jpeg,caries_0_4600.jpeg,Caries-Gingivitis,Training
E:\Dr. Atef Ismail\Khaled Dental\Paper2\archive (10)\Caries_Gingivitus\514.jpg,514.jpg,Caries-Gingivitis,Training
E:\Dr. Atef Ismail\Khaled Dental\Paper2\archive (10)\Mouth Ulcer\Mouth_Ulcer_0_8393.jpeg,Mouth_Ulcer_0_8393.jpeg,Mouth Ulcer,Training
E:\Dr. Atef Ismail\Khaled Dental\Paper2\archive (10)\Tooth Discoloration\Tooth_Discoloration_0_5579.jpeg,Tooth_Discoloration_0_5579.jpeg,Tooth Discoloration,Training
E:\Dr. Atef Ismail\Khaled Dental\Paper2\archive (10)\Mouth Ulcer\Mouth_Ulcer_0_2273.jpeg,Mouth_Ulcer_0_2273.jpeg,Mouth Ulcer,Training
E:\Dr. Atef Ismail\Khaled Dental\Paper2\archive (10)\Gingivitis\(2028).jpg,(2028).jpg,Gingivitis,Training
E:\Dr. Atef Ismail\Khaled Dental\Paper2\archive (10)\Gingivitis\(749).jpg,(749).jpg,Gingivitis,Training
E:\Dr. Atef Ismail\Khaled Dental\Paper2\archive (10)\Gingivitis\(943).jpg,(943).jpg,Gingivitis,Training
E:\Dr. Atef Ismail\Khaled Dental\Paper2\archive (10)\Caries_Gingivitus\caries_0_4268.jpeg,caries_0_4268.jpeg,Caries-Gingivitis,Training
E:\Dr. Atef Ismail\Khaled Dental\Paper2\archive (10)\Tooth Discoloration\Tooth_Discoloration_0_9765.jpeg,Tooth_Discoloration_0_9765.jpeg,Tooth Discoloration,Training
E:\Dr. Atef Ismail\Khaled Dental\Paper2\archive (10)\Mouth Ulcer\Mouth_Ulcer_0_8385.jpeg,Mouth_Ulcer_0_8385.jpeg,Mouth Ulcer,Training
E:\Dr. Atef Ismail\Khaled Dental\Paper2\archive (10)\hypodontia\(363).jpg,(363).jpg,Hypodontia,Training
E:\Dr. Atef Ismail\Khaled Dental\Paper2\archive (10)\Caries_Gingivitus\caries_0_553.jpeg,caries_0_553.jpeg,Caries-Gingivitis,Training
E:\Dr. Atef Ismail\Khaled Dental\Paper2\archive (10)\Calculus\(894).jpg,(894).jpg,Calculus,Training
E:\Dr. Atef Ismail\Khaled Dental\Paper2\archive (10)\Gingivitis\(1518).jpg,(1518).jpg,Gingivitis,Training
E:\Dr. Atef Ismail\Khaled Dental\Paper2\archive (10)\Caries_Gingivitus\caries_0_194.jpeg,caries_0_194.jpeg,Caries-Gingivitis,Training
E:\Dr. Atef Ismail\Khaled Dental\Paper2\archive (10)\hypodontia\(743).JPG,(743).JPG,Hypodontia,Training
E:\Dr. Atef Ismail\Khaled Dental\Paper2\archive (10)\Caries_Gingivitus\caries_0_337.jpeg,caries_0_337.jpeg,Caries-Gingivitis,Training
E:\Dr. Atef Ismail\Khaled Dental\Paper2\archive (10)\Gingivitis\(111)(1).jpg,(111)(1).jpg,Gingivitis,Training
E:\Dr. Atef Ismail\Khaled Dental\Paper2\archive (10)\Gingivitis\(1658).jpg,(1658).jpg,Gingivitis,Training
E:\Dr. Atef Ismail\Khaled Dental\Paper2\archive (10)\Calculus\(205).jpg,(205).jpg,Calculus,Training
E:\Dr. Atef Ismail\Khaled Dental\Paper2\archive (10)\Gingivitis\(2315).jpg,(2315).jpg,Gingivitis,Training
E:\Dr. Atef Ismail\Khaled Dental\Paper2\archive (10)\hypodontia\(1133).JPG,(1133).JPG,Hypodontia,Training
E:\Dr. Atef Ismail\Khaled Dental\Paper2\archive (10)\Calculus\(143).jpg,(143).jpg,Calculus,Training
E:\Dr. Atef Ismail\Khaled Dental\Paper2\archive (10)\Gingivitis\(325).jpg,(325).jpg,Gingivitis,Training
E:\Dr. Atef Ismail\Khaled Dental\Paper2\archive (10)\Tooth Discoloration\Tooth_Discoloration_0_6825.jpeg,Tooth_Discoloration_0_6825.jpeg,Tooth Discoloration,Training
E:\Dr. Atef Ismail\Khaled Dental\Paper2\archive (10)\Mouth Ulcer\Mouth_Ulcer_0_1754.jpeg,Mouth_Ulcer_0_1754.jpeg,Mouth Ulcer,Training
E:\Dr. Atef Ismail\Khaled Dental\Paper2\archive (10)\Caries_Gingivitus\caries_0_4851.jpeg,caries_0_4851.jpeg,Caries-Gingivitis,Training
E:\Dr. Atef Ismail\Khaled Dental\Paper2\archive (10)\Caries_Gingivitus\(183).jpg,(183).jpg,Caries-Gingivitis,Training
E:\Dr. Atef Ismail\Khaled Dental\Paper2\archive (10)\Calculus\(227).jpg,(227).jpg,Calculus,Training
E:\Dr. Atef Ismail\Khaled Dental\Paper2\archive (10)\Caries_Gingivitus\77.jpg,77.jpg,Caries-Gingivitis,Training
E:\Dr. Atef Ismail\Khaled Dental\Paper2\archive (10)\hypodontia\(450).JPG,(450).JPG,Hypodontia,Training
E:\Dr. Atef Ismail\Khaled Dental\Paper2\archive (10)\Mouth Ulcer\Mouth_Ulcer_0_2019.jpeg,Mouth_Ulcer_0_2019.jpeg,Mouth Ulcer,Training
E:\Dr. Atef Ismail\Khaled Dental\Paper2\archive (10)\Tooth Discoloration\Tooth_Discoloration_0_1132.jpeg,Tooth_Discoloration_0_1132.jpeg,Tooth Discoloration,Training
E:\Dr. Atef Ismail\Khaled Dental\Paper2\archive (10)\Calculus\(289).jpg,(289).jpg,Calculus,Training
E:\Dr. Atef Ismail\Khaled Dental\Paper2\archive (10)\Tooth Discoloration\Tooth_Discoloration_0_9494.jpeg,Tooth_Discoloration_0_9494.jpeg,Tooth Discoloration,Training
E:\Dr. Atef Ismail\Khaled Dental\Paper2\archive (10)\Caries_Gingivitus\caries_0_4339.jpeg,caries_0_4339.jpeg,Caries-Gingivitis,Training
E:\Dr. Atef Ismail\Khaled Dental\Paper2\archive (10)\Tooth Discoloration\Tooth_Discoloration_0_7725.jpeg,Tooth_Discoloration_0_7725.jpeg,Tooth Discoloration,Training
E:\Dr. Atef Ismail\Khaled Dental\Paper2\archive (10)\Gingivitis\(760).jpg,(760).jpg,Gingivitis,Training
E:\Dr. Atef Ismail\Khaled Dental\Paper2\archive (10)\Mouth Ulcer\Mouth_Ulcer_0_6792.jpeg,Mouth_Ulcer_0_6792.jpeg,Mouth Ulcer,Training
E:\Dr. Atef Ismail\Khaled Dental\Paper2\archive (10)\Mouth Ulcer\Mouth_Ulcer_0_4187.jpeg,Mouth_Ulcer_0_4187.jpeg,Mouth Ulcer,Training
E:\Dr. Atef Ismail\Khaled Dental\Paper2\archive (10)\Tooth Discoloration\Tooth_Discoloration_0_8158.jpeg,Tooth_Discoloration_0_8158.jpeg,Tooth Discoloration,Training
E:\Dr. Atef Ismail\Khaled Dental\Paper2\archive (10)\Tooth Discoloration\Tooth_Discoloration_0_9605.jpeg,Tooth_Discoloration_0_9605.jpeg,Tooth Discoloration,Training
E:\Dr. Atef Ismail\Khaled Dental\Paper2\archive (10)\Mouth Ulcer\Mouth_Ulcer_0_7742.jpeg,Mouth_Ulcer_0_7742.jpeg,Mouth Ulcer,Training
E:\Dr. Atef Ismail\Khaled Dental\Paper2\archive (10)\Calculus\(7).jpg,(7).jpg,Calculus,Training
E:\Dr. Atef Ismail\Khaled Dental\Paper2\archive (10)\Tooth Discoloration\Tooth_Discoloration_0_6432.jpeg,Tooth_Discoloration_0_6432.jpeg,Tooth Discoloration,Training
E:\Dr. Atef Ismail\Khaled Dental\Paper2\archive (10)\hypodontia\(862).JPG,(862).JPG,Hypodontia,Training
E:\Dr. Atef Ismail\Khaled Dental\Paper2\archive (10)\Calculus\(276).jpg,(276).jpg,Calculus,Training
E:\Dr. Atef Ismail\Khaled Dental\Paper2\archive (10)\Mouth Ulcer\Mouth_Ulcer_0_3333.jpeg,Mouth_Ulcer_0_3333.jpeg,Mouth Ulcer,Training
E:\Dr. Atef Ismail\Khaled Dental\Paper2\archive (10)\Gingivitis\(1521).jpg,(1521).jpg,Gingivitis,Training
E:\Dr. Atef Ismail\Khaled Dental\Paper2\archive (10)\Mouth Ulcer\Mouth_Ulcer_0_6299.jpeg,Mouth_Ulcer_0_6299.jpeg,Mouth Ulcer,Training
E:\Dr. Atef Ismail\Khaled Dental\Paper2\archive (10)\Gingivitis\(1302).jpg,(1302).jpg,Gingivitis,Training
E:\Dr. Atef Ismail\Khaled Dental\Paper2\archive (10)\hypodontia\(522).jpg,(522).jpg,Hypodontia,Training
E:\Dr. Atef Ismail\Khaled Dental\Paper2\archive (10)\Gingivitis\(578).jpg,(578).jpg,Gingivitis,Training
E:\Dr. Atef Ismail\Khaled Dental\Paper2\archive (10)\Tooth Discoloration\Tooth_Discoloration_0_4869.jpeg,Tooth_Discoloration_0_4869.jpeg,Tooth Discoloration,Training
E:\Dr. Atef Ismail\Khaled Dental\Paper2\archive (10)\Tooth Discoloration\Tooth_Discoloration_0_5349.jpeg,Tooth_Discoloration_0_5349.jpeg,Tooth Discoloration,Training
E:\Dr. Atef Ismail\Khaled Dental\Paper2\archive (10)\Caries_Gingivitus\caries_0_3689.jpeg,caries_0_3689.jpeg,Caries-Gingivitis,Training
E:\Dr. Atef Ismail\Khaled Dental\Paper2\archive (10)\Tooth Discoloration\Tooth_Discoloration_0_616.jpeg,Tooth_Discoloration_0_616.jpeg,Tooth Discoloration,Training
E:\Dr. Atef Ismail\Khaled Dental\Paper2\archive (10)\Tooth Discoloration\Tooth_Discoloration_0_7177.jpeg,Tooth_Discoloration_0_7177.jpeg,Tooth Discoloration,Training
E:\Dr. Atef Ismail\Khaled Dental\Paper2\archive (10)\Caries_Gingivitus\caries_0_3803.jpeg,caries_0_3803.jpeg,Caries-Gingivitis,Training
E:\Dr. Atef Ismail\Khaled Dental\Paper2\archive (10)\Tooth Discoloration\Tooth_Discoloration_0_8254.jpeg,Tooth_Discoloration_0_8254.jpeg,Tooth Discoloration,Training
E:\Dr. Atef Ismail\Khaled Dental\Paper2\archive (10)\Tooth Discoloration\Tooth_Discoloration_0_2355.jpeg,Tooth_Discoloration_0_2355.jpeg,Tooth Discoloration,Training
E:\Dr. Atef Ismail\Khaled Dental\Paper2\archive (10)\Caries_Gingivitus\583.jpg,583.jpg,Caries-Gingivitis,Training
E:\Dr. Atef Ismail\Khaled Dental\Paper2\archive (10)\hypodontia\(672).jpg,(672).jpg,Hypodontia,Training
E:\Dr. Atef Ismail\Khaled Dental\Paper2\archive (10)\Mouth Ulcer\Mouth_Ulcer_0_4141.jpeg,Mouth_Ulcer_0_4141.jpeg,Mouth Ulcer,Training
E:\Dr. Atef Ismail\Khaled Dental\Paper2\archive (10)\hypodontia\(221).JPG,(221).JPG,Hypodontia,Training
E:\Dr. Atef Ismail\Khaled Dental\Paper2\archive (10)\hypodontia\(1123).JPG,(1123).JPG,Hypodontia,Training
E:\Dr. Atef Ismail\Khaled Dental\Paper2\archive (10)\Calculus\(496).jpg,(496).jpg,Calculus,Training
E:\Dr. Atef Ismail\Khaled Dental\Paper2\archive (10)\Mouth Ulcer\Mouth_Ulcer_0_3044.jpeg,Mouth_Ulcer_0_3044.jpeg,Mouth Ulcer,Training
E:\Dr. Atef Ismail\Khaled Dental\Paper2\archive (10)\Tooth Discoloration\Tooth_Discoloration_0_9481.jpeg,Tooth_Discoloration_0_9481.jpeg,Tooth Discoloration,Training
E:\Dr. Atef Ismail\Khaled Dental\Paper2\archive (10)\Gingivitis\(1617).jpg,(1617).jpg,Gingivitis,Training
E:\Dr. Atef Ismail\Khaled Dental\Paper2\archive (10)\Caries_Gingivitus\(50).jpg,(50).jpg,Caries-Gingivitis,Training
E:\Dr. Atef Ismail\Khaled Dental\Paper2\archive (10)\Mouth Ulcer\Mouth_Ulcer_0_2951.jpeg,Mouth_Ulcer_0_2951.jpeg,Mouth Ulcer,Training
E:\Dr. Atef Ismail\Khaled Dental\Paper2\archive (10)\Mouth Ulcer\Mouth_Ulcer_0_7397.jpeg,Mouth_Ulcer_0_7397.jpeg,Mouth Ulcer,Training
E:\Dr. Atef Ismail\Khaled Dental\Paper2\archive (10)\Mouth Ulcer\Mouth_Ulcer_0_6504.jpeg,Mouth_Ulcer_0_6504.jpeg,Mouth Ulcer,Training
E:\Dr. Atef Ismail\Khaled Dental\Paper2\archive (10)\Calculus\(182).jpg,(182).jpg,Calculus,Training
E:\Dr. Atef Ismail\Khaled Dental\Paper2\archive (10)\Tooth Discoloration\Tooth_Discoloration_0_5961.jpeg,Tooth_Discoloration_0_5961.jpeg,Tooth Discoloration,Training
E:\Dr. Atef Ismail\Khaled Dental\Paper2\archive (10)\Tooth Discoloration\Tooth_Discoloration_0_7796.jpeg,Tooth_Discoloration_0_7796.jpeg,Tooth Discoloration,Training
E:\Dr. Atef Ismail\Khaled Dental\Paper2\archive (10)\Gingivitis\(249).jpg,(249).jpg,Gingivitis,Training
E:\Dr. Atef Ismail\Khaled Dental\Paper2\archive (10)\Gingivitis\(1329).jpg,(1329).jpg,Gingivitis,Training
E:\Dr. Atef Ismail\Khaled Dental\Paper2\archive (10)\Caries_Gingivitus\(135).jpg,(135).jpg,Caries-Gingivitis,Training
E:\Dr. Atef Ismail\Khaled Dental\Paper2\archive (10)\Mouth Ulcer\Mouth_Ulcer_0_2695.jpeg,Mouth_Ulcer_0_2695.jpeg,Mouth Ulcer,Training
E:\Dr. Atef Ismail\Khaled Dental\Paper2\archive (10)\Mouth Ulcer\Mouth_Ulcer_0_3231.jpeg,Mouth_Ulcer_0_3231.jpeg,Mouth Ulcer,Training
E:\Dr. Atef Ismail\Khaled Dental\Paper2\archive (10)\Mouth Ulcer\Mouth_Ulcer_0_1638.jpeg,Mouth_Ulcer_0_1638.jpeg,Mouth Ulcer,Training
E:\Dr. Atef Ismail\Khaled Dental\Paper2\archive (10)\Tooth Discoloration\Tooth_Discoloration_0_503.jpeg,Tooth_Discoloration_0_503.jpeg,Tooth Discoloration,Training
E:\Dr. Atef Ismail\Khaled Dental\Paper2\archive (10)\Mouth Ulcer\Mouth_Ulcer_0_9554.jpeg,Mouth_Ulcer_0_9554.jpeg,Mouth Ulcer,Training
E:\Dr. Atef Ismail\Khaled Dental\Paper2\archive (10)\Gingivitis\(2149).jpg,(2149).jpg,Gingivitis,Training
E:\Dr. Atef Ismail\Khaled Dental\Paper2\archive (10)\Caries_Gingivitus\(74).jpg,(74).jpg,Caries-Gingivitis,Training
E:\Dr. Atef Ismail\Khaled Dental\Paper2\archive (10)\Tooth Discoloration\Tooth_Discoloration_0_6378.jpeg,Tooth_Discoloration_0_6378.jpeg,Tooth Discoloration,Training
E:\Dr. Atef Ismail\Khaled Dental\Paper2\archive (10)\Gingivitis\(653).jpg,(653).jpg,Gingivitis,Training
E:\Dr. Atef Ismail\Khaled Dental\Paper2\archive (10)\hypodontia\(435).JPG,(435).JPG,Hypodontia,Training
E:\Dr. Atef Ismail\Khaled Dental\Paper2\archive (10)\Mouth Ulcer\Mouth_Ulcer_0_8874.jpeg,Mouth_Ulcer_0_8874.jpeg,Mouth Ulcer,Training
E:\Dr. Atef Ismail\Khaled Dental\Paper2\archive (10)\hypodontia\(1049).JPG,(1049).JPG,Hypodontia,Training
E:\Dr. Atef Ismail\Khaled Dental\Paper2\archive (10)\hypodontia\(325).JPG,(325).JPG,Hypodontia,Training
E:\Dr. Atef Ismail\Khaled Dental\Paper2\archive (10)\hypodontia\(415).jpg,(415).jpg,Hypodontia,Training
E:\Dr. Atef Ismail\Khaled Dental\Paper2\archive (10)\Caries_Gingivitus\483.jpg,483.jpg,Caries-Gingivitis,Training
E:\Dr. Atef Ismail\Khaled Dental\Paper2\archive (10)\hypodontia\(457).JPG,(457).JPG,Hypodontia,Training
E:\Dr. Atef Ismail\Khaled Dental\Paper2\archive (10)\Tooth Discoloration\Tooth_Discoloration_0_716.jpeg,Tooth_Discoloration_0_716.jpeg,Tooth Discoloration,Training
E:\Dr. Atef Ismail\Khaled Dental\Paper2\archive (10)\Calculus\(1044).jpg,(1044).jpg,Calculus,Training
E:\Dr. Atef Ismail\Khaled Dental\Paper2\archive (10)\hypodontia\(940).jpg,(940).jpg,Hypodontia,Training
E:\Dr. Atef Ismail\Khaled Dental\Paper2\archive (10)\Calculus\(765).jpg,(765).jpg,Calculus,Training
E:\Dr. Atef Ismail\Khaled Dental\Paper2\archive (10)\Tooth Discoloration\Tooth_Discoloration_0_2878.jpeg,Tooth_Discoloration_0_2878.jpeg,Tooth Discoloration,Training
E:\Dr. Atef Ismail\Khaled Dental\Paper2\archive (10)\Mouth Ulcer\Mouth_Ulcer_0_1124.jpeg,Mouth_Ulcer_0_1124.jpeg,Mouth Ulcer,Training
E:\Dr. Atef Ismail\Khaled Dental\Paper2\archive (10)\Mouth Ulcer\Mouth_Ulcer_0_3093.jpeg,Mouth_Ulcer_0_3093.jpeg,Mouth Ulcer,Training
E:\Dr. Atef Ismail\Khaled Dental\Paper2\archive (10)\Tooth Discoloration\Tooth_Discoloration_0_8371.jpeg,Tooth_Discoloration_0_8371.jpeg,Tooth Discoloration,Training
E:\Dr. Atef Ismail\Khaled Dental\Paper2\archive (10)\Gingivitis\(1221).jpg,(1221).jpg,Gingivitis,Training
E:\Dr. Atef Ismail\Khaled Dental\Paper2\archive (10)\Gingivitis\(1400).jpg,(1400).jpg,Gingivitis,Training
E:\Dr. Atef Ismail\Khaled Dental\Paper2\archive (10)\Gingivitis\(1988).jpg,(1988).jpg,Gingivitis,Training
E:\Dr. Atef Ismail\Khaled Dental\Paper2\archive (10)\Calculus\(376).jpg,(376).jpg,Calculus,Training
E:\Dr. Atef Ismail\Khaled Dental\Paper2\archive (10)\hypodontia\(412).jpg,(412).jpg,Hypodontia,Training
E:\Dr. Atef Ismail\Khaled Dental\Paper2\archive (10)\hypodontia\(1221).jpg,(1221).jpg,Hypodontia,Training
E:\Dr. Atef Ismail\Khaled Dental\Paper2\archive (10)\Gingivitis\(1208).jpg,(1208).jpg,Gingivitis,Training
E:\Dr. Atef Ismail\Khaled Dental\Paper2\archive (10)\Mouth Ulcer\Mouth_Ulcer_0_7161.jpeg,Mouth_Ulcer_0_7161.jpeg,Mouth Ulcer,Training
E:\Dr. Atef Ismail\Khaled Dental\Paper2\archive (10)\Mouth Ulcer\Mouth_Ulcer_0_1914.jpeg,Mouth_Ulcer_0_1914.jpeg,Mouth Ulcer,Training
E:\Dr. Atef Ismail\Khaled Dental\Paper2\archive (10)\Gingivitis\(1335).jpg,(1335).jpg,Gingivitis,Training
E:\Dr. Atef Ismail\Khaled Dental\Paper2\archive (10)\Gingivitis\(712).jpg,(712).jpg,Gingivitis,Training
E:\Dr. Atef Ismail\Khaled Dental\Paper2\archive (10)\Mouth Ulcer\Mouth_Ulcer_0_5458.jpeg,Mouth_Ulcer_0_5458.jpeg,Mouth Ulcer,Training
E:\Dr. Atef Ismail\Khaled Dental\Paper2\archive (10)\hypodontia\(523).jpg,(523).jpg,Hypodontia,Training
E:\Dr. Atef Ismail\Khaled Dental\Paper2\archive (10)\Mouth Ulcer\Mouth_Ulcer_0_5348.jpeg,Mouth_Ulcer_0_5348.jpeg,Mouth Ulcer,Training
E:\Dr. Atef Ismail\Khaled Dental\Paper2\archive (10)\Calculus\(599).jpg,(599).jpg,Calculus,Training
E:\Dr. Atef Ismail\Khaled Dental\Paper2\archive (10)\Mouth Ulcer\Mouth_Ulcer_0_9389.jpeg,Mouth_Ulcer_0_9389.jpeg,Mouth Ulcer,Training
E:\Dr. Atef Ismail\Khaled Dental\Paper2\archive (10)\Tooth Discoloration\Tooth_Discoloration_0_4904.jpeg,Tooth_Discoloration_0_4904.jpeg,Tooth Discoloration,Training
E:\Dr. Atef Ismail\Khaled Dental\Paper2\archive (10)\Tooth Discoloration\Tooth_Discoloration_0_2935.jpeg,Tooth_Discoloration_0_2935.jpeg,Tooth Discoloration,Training
E:\Dr. Atef Ismail\Khaled Dental\Paper2\archive (10)\Gingivitis\(1775).jpg,(1775).jpg,Gingivitis,Training
E:\Dr. Atef Ismail\Khaled Dental\Paper2\archive (10)\Tooth Discoloration\Tooth_Discoloration_0_226.jpeg,Tooth_Discoloration_0_226.jpeg,Tooth Discoloration,Training
E:\Dr. Atef Ismail\Khaled Dental\Paper2\archive (10)\hypodontia\(970).jpg,(970).jpg,Hypodontia,Training
E:\Dr. Atef Ismail\Khaled Dental\Paper2\archive (10)\Mouth Ulcer\Mouth_Ulcer_0_9949.jpeg,Mouth_Ulcer_0_9949.jpeg,Mouth Ulcer,Training
E:\Dr. Atef Ismail\Khaled Dental\Paper2\archive (10)\Mouth Ulcer\Mouth_Ulcer_0_735.jpeg,Mouth_Ulcer_0_735.jpeg,Mouth Ulcer,Training
E:\Dr. Atef Ismail\Khaled Dental\Paper2\archive (10)\Mouth Ulcer\Mouth_Ulcer_0_6656.jpeg,Mouth_Ulcer_0_6656.jpeg,Mouth Ulcer,Training
E:\Dr. Atef Ismail\Khaled Dental\Paper2\archive (10)\Mouth Ulcer\Mouth_Ulcer_0_5757.jpeg,Mouth_Ulcer_0_5757.jpeg,Mouth Ulcer,Training
E:\Dr. Atef Ismail\Khaled Dental\Paper2\archive (10)\hypodontia\(786).JPG,(786).JPG,Hypodontia,Training
E:\Dr. Atef Ismail\Khaled Dental\Paper2\archive (10)\hypodontia\(993).JPG,(993).JPG,Hypodontia,Training
E:\Dr. Atef Ismail\Khaled Dental\Paper2\archive (10)\Tooth Discoloration\Tooth_Discoloration_0_2651.jpeg,Tooth_Discoloration_0_2651.jpeg,Tooth Discoloration,Training
E:\Dr. Atef Ismail\Khaled Dental\Paper2\archive (10)\Tooth Discoloration\Tooth_Discoloration_0_4128.jpeg,Tooth_Discoloration_0_4128.jpeg,Tooth Discoloration,Training
E:\Dr. Atef Ismail\Khaled Dental\Paper2\archive (10)\Gingivitis\(1541).jpg,(1541).jpg,Gingivitis,Training
E:\Dr. Atef Ismail\Khaled Dental\Paper2\archive (10)\Gingivitis\(781).jpg,(781).jpg,Gingivitis,Training
E:\Dr. Atef Ismail\Khaled Dental\Paper2\archive (10)\Mouth Ulcer\Mouth_Ulcer_0_5031.jpeg,Mouth_Ulcer_0_5031.jpeg,Mouth Ulcer,Training
E:\Dr. Atef Ismail\Khaled Dental\Paper2\archive (10)\Mouth Ulcer\Mouth_Ulcer_0_1274.jpeg,Mouth_Ulcer_0_1274.jpeg,Mouth Ulcer,Training
E:\Dr. Atef Ismail\Khaled Dental\Paper2\archive (10)\Mouth Ulcer\Mouth_Ulcer_0_6945.jpeg,Mouth_Ulcer_0_6945.jpeg,Mouth Ulcer,Training
E:\Dr. Atef Ismail\Khaled Dental\Paper2\archive (10)\Caries_Gingivitus\caries_0_5104.jpeg,caries_0_5104.jpeg,Caries-Gingivitis,Training
E:\Dr. Atef Ismail\Khaled Dental\Paper2\archive (10)\hypodontia\(640).JPG,(640).JPG,Hypodontia,Training
E:\Dr. Atef Ismail\Khaled Dental\Paper2\archive (10)\Gingivitis\(1667).jpg,(1667).jpg,Gingivitis,Training
E:\Dr. Atef Ismail\Khaled Dental\Paper2\archive (10)\Tooth Discoloration\Tooth_Discoloration_0_1716.jpeg,Tooth_Discoloration_0_1716.jpeg,Tooth Discoloration,Training
E:\Dr. Atef Ismail\Khaled Dental\Paper2\archive (10)\Gingivitis\(839).jpg,(839).jpg,Gingivitis,Training
E:\Dr. Atef Ismail\Khaled Dental\Paper2\archive (10)\Caries_Gingivitus\(213).jpg,(213).jpg,Caries-Gingivitis,Training
E:\Dr. Atef Ismail\Khaled Dental\Paper2\archive (10)\Mouth Ulcer\Mouth_Ulcer_0_3953.jpeg,Mouth_Ulcer_0_3953.jpeg,Mouth Ulcer,Training
E:\Dr. Atef Ismail\Khaled Dental\Paper2\archive (10)\Tooth Discoloration\Tooth_Discoloration_0_579.jpeg,Tooth_Discoloration_0_579.jpeg,Tooth Discoloration,Training
E:\Dr. Atef Ismail\Khaled Dental\Paper2\archive (10)\Caries_Gingivitus\254.jpg,254.jpg,Caries-Gingivitis,Training
E:\Dr. Atef Ismail\Khaled Dental\Paper2\archive (10)\Gingivitis\(1168).jpg,(1168).jpg,Gingivitis,Training
E:\Dr. Atef Ismail\Khaled Dental\Paper2\archive (10)\Mouth Ulcer\Mouth_Ulcer_0_2725.jpeg,Mouth_Ulcer_0_2725.jpeg,Mouth Ulcer,Training
E:\Dr. Atef Ismail\Khaled Dental\Paper2\archive (10)\Caries_Gingivitus\caries_0_3263.jpeg,caries_0_3263.jpeg,Caries-Gingivitis,Training
E:\Dr. Atef Ismail\Khaled Dental\Paper2\archive (10)\Gingivitis\(732).jpg,(732).jpg,Gingivitis,Training
E:\Dr. Atef Ismail\Khaled Dental\Paper2\archive (10)\Gingivitis\(1243).jpg,(1243).jpg,Gingivitis,Training
E:\Dr. Atef Ismail\Khaled Dental\Paper2\archive (10)\Calculus\(635).jpg,(635).jpg,Calculus,Training
E:\Dr. Atef Ismail\Khaled Dental\Paper2\archive (10)\Gingivitis\(271).jpg,(271).jpg,Gingivitis,Training
E:\Dr. Atef Ismail\Khaled Dental\Paper2\archive (10)\hypodontia\(37).JPG,(37).JPG,Hypodontia,Training
E:\Dr. Atef Ismail\Khaled Dental\Paper2\archive (10)\Calculus\(149).jpg,(149).jpg,Calculus,Training
E:\Dr. Atef Ismail\Khaled Dental\Paper2\archive (10)\Mouth Ulcer\Mouth_Ulcer_0_732.jpeg,Mouth_Ulcer_0_732.jpeg,Mouth Ulcer,Training
E:\Dr. Atef Ismail\Khaled Dental\Paper2\archive (10)\Tooth Discoloration\Tooth_Discoloration_0_4310.jpeg,Tooth_Discoloration_0_4310.jpeg,Tooth Discoloration,Training
E:\Dr. Atef Ismail\Khaled Dental\Paper2\archive (10)\Gingivitis\(2216).jpg,(2216).jpg,Gingivitis,Training
E:\Dr. Atef Ismail\Khaled Dental\Paper2\archive (10)\Tooth Discoloration\Tooth_Discoloration_0_6541.jpeg,Tooth_Discoloration_0_6541.jpeg,Tooth Discoloration,Training
E:\Dr. Atef Ismail\Khaled Dental\Paper2\archive (10)\Tooth Discoloration\Tooth_Discoloration_0_5136.jpeg,Tooth_Discoloration_0_5136.jpeg,Tooth Discoloration,Training
E:\Dr. Atef Ismail\Khaled Dental\Paper2\archive (10)\Mouth Ulcer\Mouth_Ulcer_0_9701.jpeg,Mouth_Ulcer_0_9701.jpeg,Mouth Ulcer,Training
E:\Dr. Atef Ismail\Khaled Dental\Paper2\archive (10)\Caries_Gingivitus\caries_0_3341.jpeg,caries_0_3341.jpeg,Caries-Gingivitis,Training
E:\Dr. Atef Ismail\Khaled Dental\Paper2\archive (10)\Gingivitis\(2046).jpg,(2046).jpg,Gingivitis,Training
E:\Dr. Atef Ismail\Khaled Dental\Paper2\archive (10)\Mouth Ulcer\Mouth_Ulcer_0_2706.jpeg,Mouth_Ulcer_0_2706.jpeg,Mouth Ulcer,Training
E:\Dr. Atef Ismail\Khaled Dental\Paper2\archive (10)\Tooth Discoloration\Tooth_Discoloration_0_7510.jpeg,Tooth_Discoloration_0_7510.jpeg,Tooth Discoloration,Training
E:\Dr. Atef Ismail\Khaled Dental\Paper2\archive (10)\Gingivitis\(664).jpg,(664).jpg,Gingivitis,Training
E:\Dr. Atef Ismail\Khaled Dental\Paper2\archive (10)\Calculus\(683).jpg,(683).jpg,Calculus,Training
E:\Dr. Atef Ismail\Khaled Dental\Paper2\archive (10)\hypodontia\(846).JPG,(846).JPG,Hypodontia,Training
E:\Dr. Atef Ismail\Khaled Dental\Paper2\archive (10)\Gingivitis\(2108).jpg,(2108).jpg,Gingivitis,Training
E:\Dr. Atef Ismail\Khaled Dental\Paper2\archive (10)\Mouth Ulcer\Mouth_Ulcer_0_2468.jpeg,Mouth_Ulcer_0_2468.jpeg,Mouth Ulcer,Training
E:\Dr. Atef Ismail\Khaled Dental\Paper2\archive (10)\Calculus\(367).jpg,(367).jpg,Calculus,Training
E:\Dr. Atef Ismail\Khaled Dental\Paper2\archive (10)\hypodontia\(801).jpg,(801).jpg,Hypodontia,Training
E:\Dr. Atef Ismail\Khaled Dental\Paper2\archive (10)\Calculus\(1165).jpg,(1165).jpg,Calculus,Training
E:\Dr. Atef Ismail\Khaled Dental\Paper2\archive (10)\Tooth Discoloration\Tooth_Discoloration_0_3920.jpeg,Tooth_Discoloration_0_3920.jpeg,Tooth Discoloration,Training
E:\Dr. Atef Ismail\Khaled Dental\Paper2\archive (10)\Mouth Ulcer\Mouth_Ulcer_0_1936.jpeg,Mouth_Ulcer_0_1936.jpeg,Mouth Ulcer,Training
E:\Dr. Atef Ismail\Khaled Dental\Paper2\archive (10)\hypodontia\(1198).JPG,(1198).JPG,Hypodontia,Training
E:\Dr. Atef Ismail\Khaled Dental\Paper2\archive (10)\Gingivitis\(2081).jpg,(2081).jpg,Gingivitis,Training
E:\Dr. Atef Ismail\Khaled Dental\Paper2\archive (10)\Mouth Ulcer\Mouth_Ulcer_0_4836.jpeg,Mouth_Ulcer_0_4836.jpeg,Mouth Ulcer,Training
E:\Dr. Atef Ismail\Khaled Dental\Paper2\archive (10)\Mouth Ulcer\Mouth_Ulcer_0_3688.jpeg,Mouth_Ulcer_0_3688.jpeg,Mouth Ulcer,Training
E:\Dr. Atef Ismail\Khaled Dental\Paper2\archive (10)\hypodontia\(526).jpg,(526).jpg,Hypodontia,Training
E:\Dr. Atef Ismail\Khaled Dental\Paper2\archive (10)\Mouth Ulcer\Mouth_Ulcer_0_3284.jpeg,Mouth_Ulcer_0_3284.jpeg,Mouth Ulcer,Training
E:\Dr. Atef Ismail\Khaled Dental\Paper2\archive (10)\Gingivitis\(916).jpg,(916).jpg,Gingivitis,Training
E:\Dr. Atef Ismail\Khaled Dental\Paper2\archive (10)\Gingivitis\(2095).jpg,(2095).jpg,Gingivitis,Training
E:\Dr. Atef Ismail\Khaled Dental\Paper2\archive (10)\Mouth Ulcer\Mouth_Ulcer_0_3767.jpeg,Mouth_Ulcer_0_3767.jpeg,Mouth Ulcer,Training
E:\Dr. Atef Ismail\Khaled Dental\Paper2\archive (10)\Tooth Discoloration\Tooth_Discoloration_0_5825.jpeg,Tooth_Discoloration_0_5825.jpeg,Tooth Discoloration,Training
E:\Dr. Atef Ismail\Khaled Dental\Paper2\archive (10)\Mouth Ulcer\Mouth_Ulcer_0_1029.jpeg,Mouth_Ulcer_0_1029.jpeg,Mouth Ulcer,Training
E:\Dr. Atef Ismail\Khaled Dental\Paper2\archive (10)\Tooth Discoloration\Tooth_Discoloration_0_5509.jpeg,Tooth_Discoloration_0_5509.jpeg,Tooth Discoloration,Training
E:\Dr. Atef Ismail\Khaled Dental\Paper2\archive (10)\Gingivitis\(372).jpg,(372).jpg,Gingivitis,Training
E:\Dr. Atef Ismail\Khaled Dental\Paper2\archive (10)\Mouth Ulcer\Mouth_Ulcer_0_3379.jpeg,Mouth_Ulcer_0_3379.jpeg,Mouth Ulcer,Training
E:\Dr. Atef Ismail\Khaled Dental\Paper2\archive (10)\Mouth Ulcer\Mouth_Ulcer_0_3085.jpeg,Mouth_Ulcer_0_3085.jpeg,Mouth Ulcer,Training
E:\Dr. Atef Ismail\Khaled Dental\Paper2\archive (10)\Gingivitis\(817).jpg,(817).jpg,Gingivitis,Training
E:\Dr. Atef Ismail\Khaled Dental\Paper2\archive (10)\hypodontia\(389).jpg,(389).jpg,Hypodontia,Training
E:\Dr. Atef Ismail\Khaled Dental\Paper2\archive (10)\Tooth Discoloration\Tooth_Discoloration_0_1847.jpeg,Tooth_Discoloration_0_1847.jpeg,Tooth Discoloration,Training
E:\Dr. Atef Ismail\Khaled Dental\Paper2\archive (10)\Calculus\(592).jpg,(592).jpg,Calculus,Training
E:\Dr. Atef Ismail\Khaled Dental\Paper2\archive (10)\Gingivitis\(1323).jpg,(1323).jpg,Gingivitis,Training
E:\Dr. Atef Ismail\Khaled Dental\Paper2\archive (10)\Gingivitis\(1115).jpg,(1115).jpg,Gingivitis,Training
E:\Dr. Atef Ismail\Khaled Dental\Paper2\archive (10)\Tooth Discoloration\Tooth_Discoloration_0_2042.jpeg,Tooth_Discoloration_0_2042.jpeg,Tooth Discoloration,Training
E:\Dr. Atef Ismail\Khaled Dental\Paper2\archive (10)\Mouth Ulcer\Mouth_Ulcer_0_124.jpeg,Mouth_Ulcer_0_124.jpeg,Mouth Ulcer,Training
E:\Dr. Atef Ismail\Khaled Dental\Paper2\archive (10)\Gingivitis\(1080).jpg,(1080).jpg,Gingivitis,Training
E:\Dr. Atef Ismail\Khaled Dental\Paper2\archive (10)\Gingivitis\(1383).jpg,(1383).jpg,Gingivitis,Training
E:\Dr. Atef Ismail\Khaled Dental\Paper2\archive (10)\Tooth Discoloration\Tooth_Discoloration_0_8280.jpeg,Tooth_Discoloration_0_8280.jpeg,Tooth Discoloration,Training
E:\Dr. Atef Ismail\Khaled Dental\Paper2\archive (10)\Calculus\(300).jpg,(300).jpg,Calculus,Training
E:\Dr. Atef Ismail\Khaled Dental\Paper2\archive (10)\Gingivitis\(644).jpg,(644).jpg,Gingivitis,Training
E:\Dr. Atef Ismail\Khaled Dental\Paper2\archive (10)\Gingivitis\(61).jpg,(61).jpg,Gingivitis,Training
E:\Dr. Atef Ismail\Khaled Dental\Paper2\archive (10)\Gingivitis\(1610).jpg,(1610).jpg,Gingivitis,Training
E:\Dr. Atef Ismail\Khaled Dental\Paper2\archive (10)\Tooth Discoloration\Tooth_Discoloration_0_3405.jpeg,Tooth_Discoloration_0_3405.jpeg,Tooth Discoloration,Training
E:\Dr. Atef Ismail\Khaled Dental\Paper2\archive (10)\Tooth Discoloration\Tooth_Discoloration_0_6866.jpeg,Tooth_Discoloration_0_6866.jpeg,Tooth Discoloration,Training
E:\Dr. Atef Ismail\Khaled Dental\Paper2\archive (10)\Gingivitis\(871).jpg,(871).jpg,Gingivitis,Training
E:\Dr. Atef Ismail\Khaled Dental\Paper2\archive (10)\Caries_Gingivitus\237.jpg,237.jpg,Caries-Gingivitis,Training
E:\Dr. Atef Ismail\Khaled Dental\Paper2\archive (10)\Gingivitis\(1733).jpg,(1733).jpg,Gingivitis,Training
E:\Dr. Atef Ismail\Khaled Dental\Paper2\archive (10)\hypodontia\(625).jpg,(625).jpg,Hypodontia,Training
E:\Dr. Atef Ismail\Khaled Dental\Paper2\archive (10)\Mouth Ulcer\Mouth_Ulcer_0_170.jpeg,Mouth_Ulcer_0_170.jpeg,Mouth Ulcer,Training
E:\Dr. Atef Ismail\Khaled Dental\Paper2\archive (10)\Mouth Ulcer\Mouth_Ulcer_0_1383.jpeg,Mouth_Ulcer_0_1383.jpeg,Mouth Ulcer,Training
E:\Dr. Atef Ismail\Khaled Dental\Paper2\archive (10)\Mouth Ulcer\Mouth_Ulcer_0_9424.jpeg,Mouth_Ulcer_0_9424.jpeg,Mouth Ulcer,Training
E:\Dr. Atef Ismail\Khaled Dental\Paper2\archive (10)\Tooth Discoloration\Tooth_Discoloration_0_2669.jpeg,Tooth_Discoloration_0_2669.jpeg,Tooth Discoloration,Training
E:\Dr. Atef Ismail\Khaled Dental\Paper2\archive (10)\Caries_Gingivitus\479.jpg,479.jpg,Caries-Gingivitis,Training
E:\Dr. Atef Ismail\Khaled Dental\Paper2\archive (10)\Gingivitis\(1365).jpg,(1365).jpg,Gingivitis,Training
E:\Dr. Atef Ismail\Khaled Dental\Paper2\archive (10)\Gingivitis\(2202).jpg,(2202).jpg,Gingivitis,Training
E:\Dr. Atef Ismail\Khaled Dental\Paper2\archive (10)\Gingivitis\(1737).jpg,(1737).jpg,Gingivitis,Training
E:\Dr. Atef Ismail\Khaled Dental\Paper2\archive (10)\Mouth Ulcer\Mouth_Ulcer_0_6544.jpeg,Mouth_Ulcer_0_6544.jpeg,Mouth Ulcer,Training
E:\Dr. Atef Ismail\Khaled Dental\Paper2\archive (10)\Caries_Gingivitus\caries_0_4310.jpeg,caries_0_4310.jpeg,Caries-Gingivitis,Training
E:\Dr. Atef Ismail\Khaled Dental\Paper2\archive (10)\Mouth Ulcer\Mouth_Ulcer_0_2935.jpeg,Mouth_Ulcer_0_2935.jpeg,Mouth Ulcer,Training
E:\Dr. Atef Ismail\Khaled Dental\Paper2\archive (10)\Mouth Ulcer\Mouth_Ulcer_0_8347.jpeg,Mouth_Ulcer_0_8347.jpeg,Mouth Ulcer,Training
E:\Dr. Atef Ismail\Khaled Dental\Paper2\archive (10)\Gingivitis\(1246).jpg,(1246).jpg,Gingivitis,Training
E:\Dr. Atef Ismail\Khaled Dental\Paper2\archive (10)\Tooth Discoloration\Tooth_Discoloration_0_318.jpeg,Tooth_Discoloration_0_318.jpeg,Tooth Discoloration,Training
E:\Dr. Atef Ismail\Khaled Dental\Paper2\archive (10)\Gingivitis\(1103)(1).jpg,(1103)(1).jpg,Gingivitis,Training
E:\Dr. Atef Ismail\Khaled Dental\Paper2\archive (10)\Caries_Gingivitus\(145).jpg,(145).jpg,Caries-Gingivitis,Training
E:\Dr. Atef Ismail\Khaled Dental\Paper2\archive (10)\Gingivitis\(863).jpg,(863).jpg,Gingivitis,Training
E:\Dr. Atef Ismail\Khaled Dental\Paper2\archive (10)\Gingivitis\(106).jpg,(106).jpg,Gingivitis,Training
E:\Dr. Atef Ismail\Khaled Dental\Paper2\archive (10)\Caries_Gingivitus\103.jpg,103.jpg,Caries-Gingivitis,Training
E:\Dr. Atef Ismail\Khaled Dental\Paper2\archive (10)\Gingivitis\(306).jpg,(306).jpg,Gingivitis,Training
E:\Dr. Atef Ismail\Khaled Dental\Paper2\archive (10)\Tooth Discoloration\Tooth_Discoloration_0_5285.jpeg,Tooth_Discoloration_0_5285.jpeg,Tooth Discoloration,Training
E:\Dr. Atef Ismail\Khaled Dental\Paper2\archive (10)\Caries_Gingivitus\69.jpg,69.jpg,Caries-Gingivitis,Training
E:\Dr. Atef Ismail\Khaled Dental\Paper2\archive (10)\Calculus\(1144).jpg,(1144).jpg,Calculus,Training
E:\Dr. Atef Ismail\Khaled Dental\Paper2\archive (10)\Gingivitis\(1770).jpg,(1770).jpg,Gingivitis,Training
E:\Dr. Atef Ismail\Khaled Dental\Paper2\archive (10)\Mouth Ulcer\Mouth_Ulcer_0_9585.jpeg,Mouth_Ulcer_0_9585.jpeg,Mouth Ulcer,Training
E:\Dr. Atef Ismail\Khaled Dental\Paper2\archive (10)\Caries_Gingivitus\caries_0_3613.jpeg,caries_0_3613.jpeg,Caries-Gingivitis,Training
E:\Dr. Atef Ismail\Khaled Dental\Paper2\archive (10)\Calculus\(217).jpg,(217).jpg,Calculus,Training
E:\Dr. Atef Ismail\Khaled Dental\Paper2\archive (10)\Gingivitis\(2113).jpg,(2113).jpg,Gingivitis,Training
E:\Dr. Atef Ismail\Khaled Dental\Paper2\archive (10)\Gingivitis\(1465).jpg,(1465).jpg,Gingivitis,Training
E:\Dr. Atef Ismail\Khaled Dental\Paper2\archive (10)\Mouth Ulcer\Mouth_Ulcer_0_4244.jpeg,Mouth_Ulcer_0_4244.jpeg,Mouth Ulcer,Training
E:\Dr. Atef Ismail\Khaled Dental\Paper2\archive (10)\hypodontia\(1196).JPG,(1196).JPG,Hypodontia,Training
E:\Dr. Atef Ismail\Khaled Dental\Paper2\archive (10)\Tooth Discoloration\Tooth_Discoloration_0_9856.jpeg,Tooth_Discoloration_0_9856.jpeg,Tooth Discoloration,Training
E:\Dr. Atef Ismail\Khaled Dental\Paper2\archive (10)\Mouth Ulcer\Mouth_Ulcer_0_5633.jpeg,Mouth_Ulcer_0_5633.jpeg,Mouth Ulcer,Training
E:\Dr. Atef Ismail\Khaled Dental\Paper2\archive (10)\Tooth Discoloration\Tooth_Discoloration_0_7878.jpeg,Tooth_Discoloration_0_7878.jpeg,Tooth Discoloration,Training
E:\Dr. Atef Ismail\Khaled Dental\Paper2\archive (10)\Calculus\(16).jpg,(16).jpg,Calculus,Training
E:\Dr. Atef Ismail\Khaled Dental\Paper2\archive (10)\Calculus\(73).jpg,(73).jpg,Calculus,Training
E:\Dr. Atef Ismail\Khaled Dental\Paper2\archive (10)\Calculus\(831).jpg,(831).jpg,Calculus,Training
E:\Dr. Atef Ismail\Khaled Dental\Paper2\archive (10)\Caries_Gingivitus\caries_0_3757.jpeg,caries_0_3757.jpeg,Caries-Gingivitis,Training
E:\Dr. Atef Ismail\Khaled Dental\Paper2\archive (10)\Calculus\(371).jpg,(371).jpg,Calculus,Training
E:\Dr. Atef Ismail\Khaled Dental\Paper2\archive (10)\Gingivitis\(561).jpg,(561).jpg,Gingivitis,Training
E:\Dr. Atef Ismail\Khaled Dental\Paper2\archive (10)\Gingivitis\(264).jpg,(264).jpg,Gingivitis,Training
E:\Dr. Atef Ismail\Khaled Dental\Paper2\archive (10)\Mouth Ulcer\Mouth_Ulcer_0_6223.jpeg,Mouth_Ulcer_0_6223.jpeg,Mouth Ulcer,Training
E:\Dr. Atef Ismail\Khaled Dental\Paper2\archive (10)\Gingivitis\(2247).jpg,(2247).jpg,Gingivitis,Training
E:\Dr. Atef Ismail\Khaled Dental\Paper2\archive (10)\Gingivitis\(211).jpg,(211).jpg,Gingivitis,Training
E:\Dr. Atef Ismail\Khaled Dental\Paper2\archive (10)\Tooth Discoloration\Tooth_Discoloration_0_2994.jpeg,Tooth_Discoloration_0_2994.jpeg,Tooth Discoloration,Training
E:\Dr. Atef Ismail\Khaled Dental\Paper2\archive (10)\Mouth Ulcer\Mouth_Ulcer_0_898.jpeg,Mouth_Ulcer_0_898.jpeg,Mouth Ulcer,Training
E:\Dr. Atef Ismail\Khaled Dental\Paper2\archive (10)\Caries_Gingivitus\149.jpg,149.jpg,Caries-Gingivitis,Training
E:\Dr. Atef Ismail\Khaled Dental\Paper2\archive (10)\Tooth Discoloration\Tooth_Discoloration_0_4080.jpeg,Tooth_Discoloration_0_4080.jpeg,Tooth Discoloration,Training
E:\Dr. Atef Ismail\Khaled Dental\Paper2\archive (10)\Tooth Discoloration\Tooth_Discoloration_0_5756.jpeg,Tooth_Discoloration_0_5756.jpeg,Tooth Discoloration,Training
E:\Dr. Atef Ismail\Khaled Dental\Paper2\archive (10)\Gingivitis\(1764).jpg,(1764).jpg,Gingivitis,Training
E:\Dr. Atef Ismail\Khaled Dental\Paper2\archive (10)\Mouth Ulcer\Mouth_Ulcer_0_5759.jpeg,Mouth_Ulcer_0_5759.jpeg,Mouth Ulcer,Training
E:\Dr. Atef Ismail\Khaled Dental\Paper2\archive (10)\Gingivitis\(1154).jpg,(1154).jpg,Gingivitis,Training
E:\Dr. Atef Ismail\Khaled Dental\Paper2\archive (10)\Tooth Discoloration\Tooth_Discoloration_0_6984.jpeg,Tooth_Discoloration_0_6984.jpeg,Tooth Discoloration,Training
E:\Dr. Atef Ismail\Khaled Dental\Paper2\archive (10)\Gingivitis\(725).jpg,(725).jpg,Gingivitis,Training
E:\Dr. Atef Ismail\Khaled Dental\Paper2\archive (10)\Gingivitis\(1396).jpg,(1396).jpg,Gingivitis,Training
E:\Dr. Atef Ismail\Khaled Dental\Paper2\archive (10)\Mouth Ulcer\Mouth_Ulcer_0_622.jpeg,Mouth_Ulcer_0_622.jpeg,Mouth Ulcer,Training
E:\Dr. Atef Ismail\Khaled Dental\Paper2\archive (10)\Mouth Ulcer\Mouth_Ulcer_0_7514.jpeg,Mouth_Ulcer_0_7514.jpeg,Mouth Ulcer,Training
E:\Dr. Atef Ismail\Khaled Dental\Paper2\archive (10)\Mouth Ulcer\Mouth_Ulcer_0_8605.jpeg,Mouth_Ulcer_0_8605.jpeg,Mouth Ulcer,Training
E:\Dr. Atef Ismail\Khaled Dental\Paper2\archive (10)\Tooth Discoloration\Tooth_Discoloration_0_8242.jpeg,Tooth_Discoloration_0_8242.jpeg,Tooth Discoloration,Training
E:\Dr. Atef Ismail\Khaled Dental\Paper2\archive (10)\Calculus\(419).jpg,(419).jpg,Calculus,Training
E:\Dr. Atef Ismail\Khaled Dental\Paper2\archive (10)\Tooth Discoloration\Tooth_Discoloration_0_5008.jpeg,Tooth_Discoloration_0_5008.jpeg,Tooth Discoloration,Training
E:\Dr. Atef Ismail\Khaled Dental\Paper2\archive (10)\hypodontia\(340).JPG,(340).JPG,Hypodontia,Training
E:\Dr. Atef Ismail\Khaled Dental\Paper2\archive (10)\Mouth Ulcer\Mouth_Ulcer_0_2635.jpeg,Mouth_Ulcer_0_2635.jpeg,Mouth Ulcer,Training
E:\Dr. Atef Ismail\Khaled Dental\Paper2\archive (10)\Mouth Ulcer\Mouth_Ulcer_0_2559.jpeg,Mouth_Ulcer_0_2559.jpeg,Mouth Ulcer,Training
E:\Dr. Atef Ismail\Khaled Dental\Paper2\archive (10)\hypodontia\(477).JPG,(477).JPG,Hypodontia,Training
E:\Dr. Atef Ismail\Khaled Dental\Paper2\archive (10)\Gingivitis\(2069).jpg,(2069).jpg,Gingivitis,Training
E:\Dr. Atef Ismail\Khaled Dental\Paper2\archive (10)\Calculus\(1003).jpg,(1003).jpg,Calculus,Training
E:\Dr. Atef Ismail\Khaled Dental\Paper2\archive (10)\Gingivitis\(1665).jpg,(1665).jpg,Gingivitis,Training
E:\Dr. Atef Ismail\Khaled Dental\Paper2\archive (10)\Tooth Discoloration\Tooth_Discoloration_0_3678.jpeg,Tooth_Discoloration_0_3678.jpeg,Tooth Discoloration,Training
E:\Dr. Atef Ismail\Khaled Dental\Paper2\archive (10)\Calculus\(711).jpg,(711).jpg,Calculus,Training
E:\Dr. Atef Ismail\Khaled Dental\Paper2\archive (10)\Calculus\(946).jpg,(946).jpg,Calculus,Training
E:\Dr. Atef Ismail\Khaled Dental\Paper2\archive (10)\Calculus\(215).jpg,(215).jpg,Calculus,Training
E:\Dr. Atef Ismail\Khaled Dental\Paper2\archive (10)\Gingivitis\(670).jpg,(670).jpg,Gingivitis,Training
E:\Dr. Atef Ismail\Khaled Dental\Paper2\archive (10)\Caries_Gingivitus\437.jpg,437.jpg,Caries-Gingivitis,Training
E:\Dr. Atef Ismail\Khaled Dental\Paper2\archive (10)\Gingivitis\(375).jpg,(375).jpg,Gingivitis,Training
E:\Dr. Atef Ismail\Khaled Dental\Paper2\archive (10)\Calculus\(1076).jpg,(1076).jpg,Calculus,Training
E:\Dr. Atef Ismail\Khaled Dental\Paper2\archive (10)\Calculus\(559).jpg,(559).jpg,Calculus,Training
E:\Dr. Atef Ismail\Khaled Dental\Paper2\archive (10)\Tooth Discoloration\Tooth_Discoloration_0_267.jpeg,Tooth_Discoloration_0_267.jpeg,Tooth Discoloration,Training
E:\Dr. Atef Ismail\Khaled Dental\Paper2\archive (10)\Gingivitis\(29).jpg,(29).jpg,Gingivitis,Training
E:\Dr. Atef Ismail\Khaled Dental\Paper2\archive (10)\Gingivitis\(694).jpg,(694).jpg,Gingivitis,Training
E:\Dr. Atef Ismail\Khaled Dental\Paper2\archive (10)\Mouth Ulcer\Mouth_Ulcer_0_6134.jpeg,Mouth_Ulcer_0_6134.jpeg,Mouth Ulcer,Training
E:\Dr. Atef Ismail\Khaled Dental\Paper2\archive (10)\Calculus\(256).jpg,(256).jpg,Calculus,Training
E:\Dr. Atef Ismail\Khaled Dental\Paper2\archive (10)\Gingivitis\(2049).jpg,(2049).jpg,Gingivitis,Training
E:\Dr. Atef Ismail\Khaled Dental\Paper2\archive (10)\hypodontia\(335).JPG,(335).JPG,Hypodontia,Training
E:\Dr. Atef Ismail\Khaled Dental\Paper2\archive (10)\Caries_Gingivitus\578.jpg,578.jpg,Caries-Gingivitis,Training
E:\Dr. Atef Ismail\Khaled Dental\Paper2\archive (10)\Mouth Ulcer\Mouth_Ulcer_0_5228.jpeg,Mouth_Ulcer_0_5228.jpeg,Mouth Ulcer,Training
E:\Dr. Atef Ismail\Khaled Dental\Paper2\archive (10)\Gingivitis\(1826).jpg,(1826).jpg,Gingivitis,Training
E:\Dr. Atef Ismail\Khaled Dental\Paper2\archive (10)\Mouth Ulcer\Mouth_Ulcer_0_1838.jpeg,Mouth_Ulcer_0_1838.jpeg,Mouth Ulcer,Training
E:\Dr. Atef Ismail\Khaled Dental\Paper2\archive (10)\Gingivitis\(2102).jpg,(2102).jpg,Gingivitis,Training
E:\Dr. Atef Ismail\Khaled Dental\Paper2\archive (10)\hypodontia\(1025).JPG,(1025).JPG,Hypodontia,Training
E:\Dr. Atef Ismail\Khaled Dental\Paper2\archive (10)\Calculus\(204).jpg,(204).jpg,Calculus,Training
E:\Dr. Atef Ismail\Khaled Dental\Paper2\archive (10)\Caries_Gingivitus\caries_0_3906.jpeg,caries_0_3906.jpeg,Caries-Gingivitis,Training
E:\Dr. Atef Ismail\Khaled Dental\Paper2\archive (10)\Mouth Ulcer\Mouth_Ulcer_0_6131.jpeg,Mouth_Ulcer_0_6131.jpeg,Mouth Ulcer,Training
E:\Dr. Atef Ismail\Khaled Dental\Paper2\archive (10)\Tooth Discoloration\Tooth_Discoloration_0_5760.jpeg,Tooth_Discoloration_0_5760.jpeg,Tooth Discoloration,Training
E:\Dr. Atef Ismail\Khaled Dental\Paper2\archive (10)\Mouth Ulcer\Mouth_Ulcer_0_9649.jpeg,Mouth_Ulcer_0_9649.jpeg,Mouth Ulcer,Training
E:\Dr. Atef Ismail\Khaled Dental\Paper2\archive (10)\Caries_Gingivitus\caries_0_556.jpeg,caries_0_556.jpeg,Caries-Gingivitis,Training
E:\Dr. Atef Ismail\Khaled Dental\Paper2\archive (10)\Caries_Gingivitus\528.jpg,528.jpg,Caries-Gingivitis,Training
E:\Dr. Atef Ismail\Khaled Dental\Paper2\archive (10)\hypodontia\(1219).jpg,(1219).jpg,Hypodontia,Training
E:\Dr. Atef Ismail\Khaled Dental\Paper2\archive (10)\Gingivitis\(2004).jpg,(2004).jpg,Gingivitis,Training
E:\Dr. Atef Ismail\Khaled Dental\Paper2\archive (10)\Gingivitis\(2238).jpg,(2238).jpg,Gingivitis,Training
E:\Dr. Atef Ismail\Khaled Dental\Paper2\archive (10)\Caries_Gingivitus\caries_0_4508.jpeg,caries_0_4508.jpeg,Caries-Gingivitis,Training
E:\Dr. Atef Ismail\Khaled Dental\Paper2\archive (10)\Mouth Ulcer\Mouth_Ulcer_0_209.jpeg,Mouth_Ulcer_0_209.jpeg,Mouth Ulcer,Training
E:\Dr. Atef Ismail\Khaled Dental\Paper2\archive (10)\Gingivitis\(2119).jpg,(2119).jpg,Gingivitis,Training
E:\Dr. Atef Ismail\Khaled Dental\Paper2\archive (10)\Tooth Discoloration\Tooth_Discoloration_0_8438.jpeg,Tooth_Discoloration_0_8438.jpeg,Tooth Discoloration,Training
E:\Dr. Atef Ismail\Khaled Dental\Paper2\archive (10)\hypodontia\(587).JPG,(587).JPG,Hypodontia,Training
E:\Dr. Atef Ismail\Khaled Dental\Paper2\archive (10)\Tooth Discoloration\Tooth_Discoloration_0_6287.jpeg,Tooth_Discoloration_0_6287.jpeg,Tooth Discoloration,Training
E:\Dr. Atef Ismail\Khaled Dental\Paper2\archive (10)\Gingivitis\(2232).jpg,(2232).jpg,Gingivitis,Training
E:\Dr. Atef Ismail\Khaled Dental\Paper2\archive (10)\Mouth Ulcer\Mouth_Ulcer_0_640.jpeg,Mouth_Ulcer_0_640.jpeg,Mouth Ulcer,Training
E:\Dr. Atef Ismail\Khaled Dental\Paper2\archive (10)\Mouth Ulcer\Mouth_Ulcer_0_1756.jpeg,Mouth_Ulcer_0_1756.jpeg,Mouth Ulcer,Training
E:\Dr. Atef Ismail\Khaled Dental\Paper2\archive (10)\Calculus\(121).jpg,(121).jpg,Calculus,Training
E:\Dr. Atef Ismail\Khaled Dental\Paper2\archive (10)\Mouth Ulcer\Mouth_Ulcer_0_1138.jpeg,Mouth_Ulcer_0_1138.jpeg,Mouth Ulcer,Training
E:\Dr. Atef Ismail\Khaled Dental\Paper2\archive (10)\Gingivitis\(1438).jpg,(1438).jpg,Gingivitis,Training
E:\Dr. Atef Ismail\Khaled Dental\Paper2\archive (10)\Mouth Ulcer\Mouth_Ulcer_0_171.jpeg,Mouth_Ulcer_0_171.jpeg,Mouth Ulcer,Training
E:\Dr. Atef Ismail\Khaled Dental\Paper2\archive (10)\Mouth Ulcer\Mouth_Ulcer_0_8479.jpeg,Mouth_Ulcer_0_8479.jpeg,Mouth Ulcer,Training
E:\Dr. Atef Ismail\Khaled Dental\Paper2\archive (10)\hypodontia\(607).JPG,(607).JPG,Hypodontia,Training
E:\Dr. Atef Ismail\Khaled Dental\Paper2\archive (10)\hypodontia\(571).JPG,(571).JPG,Hypodontia,Training
E:\Dr. Atef Ismail\Khaled Dental\Paper2\archive (10)\Mouth Ulcer\Mouth_Ulcer_0_9622.jpeg,Mouth_Ulcer_0_9622.jpeg,Mouth Ulcer,Training
E:\Dr. Atef Ismail\Khaled Dental\Paper2\archive (10)\Gingivitis\(2150).jpg,(2150).jpg,Gingivitis,Training
E:\Dr. Atef Ismail\Khaled Dental\Paper2\archive (10)\Tooth Discoloration\Tooth_Discoloration_0_538.jpeg,Tooth_Discoloration_0_538.jpeg,Tooth Discoloration,Training
E:\Dr. Atef Ismail\Khaled Dental\Paper2\archive (10)\Caries_Gingivitus\caries_0_4698.jpeg,caries_0_4698.jpeg,Caries-Gingivitis,Training
E:\Dr. Atef Ismail\Khaled Dental\Paper2\archive (10)\Mouth Ulcer\Mouth_Ulcer_0_2679.jpeg,Mouth_Ulcer_0_2679.jpeg,Mouth Ulcer,Training
E:\Dr. Atef Ismail\Khaled Dental\Paper2\archive (10)\Tooth Discoloration\Tooth_Discoloration_0_1632.jpeg,Tooth_Discoloration_0_1632.jpeg,Tooth Discoloration,Training
E:\Dr. Atef Ismail\Khaled Dental\Paper2\archive (10)\Mouth Ulcer\Mouth_Ulcer_0_8839.jpeg,Mouth_Ulcer_0_8839.jpeg,Mouth Ulcer,Training
E:\Dr. Atef Ismail\Khaled Dental\Paper2\archive (10)\Mouth Ulcer\Mouth_Ulcer_0_5905.jpeg,Mouth_Ulcer_0_5905.jpeg,Mouth Ulcer,Training
E:\Dr. Atef Ismail\Khaled Dental\Paper2\archive (10)\Gingivitis\(963).jpg,(963).jpg,Gingivitis,Training
E:\Dr. Atef Ismail\Khaled Dental\Paper2\archive (10)\hypodontia\(229).JPG,(229).JPG,Hypodontia,Training
E:\Dr. Atef Ismail\Khaled Dental\Paper2\archive (10)\Caries_Gingivitus\caries_0_4354.jpeg,caries_0_4354.jpeg,Caries-Gingivitis,Training
E:\Dr. Atef Ismail\Khaled Dental\Paper2\archive (10)\Caries_Gingivitus\153.jpg,153.jpg,Caries-Gingivitis,Training
E:\Dr. Atef Ismail\Khaled Dental\Paper2\archive (10)\Gingivitis\(1013).jpg,(1013).jpg,Gingivitis,Training
E:\Dr. Atef Ismail\Khaled Dental\Paper2\archive (10)\Tooth Discoloration\Tooth_Discoloration_0_6140.jpeg,Tooth_Discoloration_0_6140.jpeg,Tooth Discoloration,Training
E:\Dr. Atef Ismail\Khaled Dental\Paper2\archive (10)\Caries_Gingivitus\334.jpg,334.jpg,Caries-Gingivitis,Training
E:\Dr. Atef Ismail\Khaled Dental\Paper2\archive (10)\hypodontia\(1067).JPG,(1067).JPG,Hypodontia,Training
E:\Dr. Atef Ismail\Khaled Dental\Paper2\archive (10)\Tooth Discoloration\Tooth_Discoloration_0_3418.jpeg,Tooth_Discoloration_0_3418.jpeg,Tooth Discoloration,Training
E:\Dr. Atef Ismail\Khaled Dental\Paper2\archive (10)\Caries_Gingivitus\caries_0_4981.jpeg,caries_0_4981.jpeg,Caries-Gingivitis,Training
E:\Dr. Atef Ismail\Khaled Dental\Paper2\archive (10)\Mouth Ulcer\Mouth_Ulcer_0_2028.jpeg,Mouth_Ulcer_0_2028.jpeg,Mouth Ulcer,Training
E:\Dr. Atef Ismail\Khaled Dental\Paper2\archive (10)\Calculus\(130).jpg,(130).jpg,Calculus,Training
E:\Dr. Atef Ismail\Khaled Dental\Paper2\archive (10)\Mouth Ulcer\Mouth_Ulcer_0_4363.jpeg,Mouth_Ulcer_0_4363.jpeg,Mouth Ulcer,Training
E:\Dr. Atef Ismail\Khaled Dental\Paper2\archive (10)\Tooth Discoloration\Tooth_Discoloration_0_2516.jpeg,Tooth_Discoloration_0_2516.jpeg,Tooth Discoloration,Training
E:\Dr. Atef Ismail\Khaled Dental\Paper2\archive (10)\Gingivitis\(1369).jpg,(1369).jpg,Gingivitis,Training
E:\Dr. Atef Ismail\Khaled Dental\Paper2\archive (10)\Gingivitis\(401).jpg,(401).jpg,Gingivitis,Training
E:\Dr. Atef Ismail\Khaled Dental\Paper2\archive (10)\Gingivitis\(663).jpg,(663).jpg,Gingivitis,Training
E:\Dr. Atef Ismail\Khaled Dental\Paper2\archive (10)\Mouth Ulcer\Mouth_Ulcer_0_7543.jpeg,Mouth_Ulcer_0_7543.jpeg,Mouth Ulcer,Training
E:\Dr. Atef Ismail\Khaled Dental\Paper2\archive (10)\Mouth Ulcer\Mouth_Ulcer_0_2320.jpeg,Mouth_Ulcer_0_2320.jpeg,Mouth Ulcer,Training
E:\Dr. Atef Ismail\Khaled Dental\Paper2\archive (10)\Mouth Ulcer\Mouth_Ulcer_0_7133.jpeg,Mouth_Ulcer_0_7133.jpeg,Mouth Ulcer,Training
E:\Dr. Atef Ismail\Khaled Dental\Paper2\archive (10)\Gingivitis\(1422).jpg,(1422).jpg,Gingivitis,Training
E:\Dr. Atef Ismail\Khaled Dental\Paper2\archive (10)\Gingivitis\(1420).jpg,(1420).jpg,Gingivitis,Training
E:\Dr. Atef Ismail\Khaled Dental\Paper2\archive (10)\Caries_Gingivitus\caries_0_109.jpeg,caries_0_109.jpeg,Caries-Gingivitis,Training
E:\Dr. Atef Ismail\Khaled Dental\Paper2\archive (10)\Tooth Discoloration\Tooth_Discoloration_0_483.jpeg,Tooth_Discoloration_0_483.jpeg,Tooth Discoloration,Training
E:\Dr. Atef Ismail\Khaled Dental\Paper2\archive (10)\Tooth Discoloration\Tooth_Discoloration_0_7720.jpeg,Tooth_Discoloration_0_7720.jpeg,Tooth Discoloration,Training
E:\Dr. Atef Ismail\Khaled Dental\Paper2\archive (10)\hypodontia\(1143).JPG,(1143).JPG,Hypodontia,Training
E:\Dr. Atef Ismail\Khaled Dental\Paper2\archive (10)\hypodontia\(125).jpg,(125).jpg,Hypodontia,Training
E:\Dr. Atef Ismail\Khaled Dental\Paper2\archive (10)\Tooth Discoloration\Tooth_Discoloration_0_7729.jpeg,Tooth_Discoloration_0_7729.jpeg,Tooth Discoloration,Training
E:\Dr. Atef Ismail\Khaled Dental\Paper2\archive (10)\hypodontia\(1082).jpg,(1082).jpg,Hypodontia,Training
E:\Dr. Atef Ismail\Khaled Dental\Paper2\archive (10)\Gingivitis\(1749).jpg,(1749).jpg,Gingivitis,Training
E:\Dr. Atef Ismail\Khaled Dental\Paper2\archive (10)\Gingivitis\(2277).jpg,(2277).jpg,Gingivitis,Training
E:\Dr. Atef Ismail\Khaled Dental\Paper2\archive (10)\Gingivitis\(2168).jpg,(2168).jpg,Gingivitis,Training
E:\Dr. Atef Ismail\Khaled Dental\Paper2\archive (10)\Mouth Ulcer\Mouth_Ulcer_0_3073.jpeg,Mouth_Ulcer_0_3073.jpeg,Mouth Ulcer,Training
E:\Dr. Atef Ismail\Khaled Dental\Paper2\archive (10)\Caries_Gingivitus\caries_0_245.jpeg,caries_0_245.jpeg,Caries-Gingivitis,Training
E:\Dr. Atef Ismail\Khaled Dental\Paper2\archive (10)\hypodontia\(100).JPG,(100).JPG,Hypodontia,Training
E:\Dr. Atef Ismail\Khaled Dental\Paper2\archive (10)\Mouth Ulcer\Mouth_Ulcer_0_1601.jpeg,Mouth_Ulcer_0_1601.jpeg,Mouth Ulcer,Training
E:\Dr. Atef Ismail\Khaled Dental\Paper2\archive (10)\Tooth Discoloration\Tooth_Discoloration_0_158.jpeg,Tooth_Discoloration_0_158.jpeg,Tooth Discoloration,Training
E:\Dr. Atef Ismail\Khaled Dental\Paper2\archive (10)\Tooth Discoloration\Tooth_Discoloration_0_4791.jpeg,Tooth_Discoloration_0_4791.jpeg,Tooth Discoloration,Training
E:\Dr. Atef Ismail\Khaled Dental\Paper2\archive (10)\Mouth Ulcer\Mouth_Ulcer_0_9167.jpeg,Mouth_Ulcer_0_9167.jpeg,Mouth Ulcer,Training
E:\Dr. Atef Ismail\Khaled Dental\Paper2\archive (10)\Caries_Gingivitus\596.jpg,596.jpg,Caries-Gingivitis,Training
E:\Dr. Atef Ismail\Khaled Dental\Paper2\archive (10)\Mouth Ulcer\Mouth_Ulcer_0_8316.jpeg,Mouth_Ulcer_0_8316.jpeg,Mouth Ulcer,Training
E:\Dr. Atef Ismail\Khaled Dental\Paper2\archive (10)\Tooth Discoloration\Tooth_Discoloration_0_3238.jpeg,Tooth_Discoloration_0_3238.jpeg,Tooth Discoloration,Training
E:\Dr. Atef Ismail\Khaled Dental\Paper2\archive (10)\Gingivitis\(1584).jpg,(1584).jpg,Gingivitis,Training
E:\Dr. Atef Ismail\Khaled Dental\Paper2\archive (10)\Calculus\(1291).jpg,(1291).jpg,Calculus,Training
E:\Dr. Atef Ismail\Khaled Dental\Paper2\archive (10)\Tooth Discoloration\Tooth_Discoloration_0_9747.jpeg,Tooth_Discoloration_0_9747.jpeg,Tooth Discoloration,Training
E:\Dr. Atef Ismail\Khaled Dental\Paper2\archive (10)\Gingivitis\(1083).jpg,(1083).jpg,Gingivitis,Training
E:\Dr. Atef Ismail\Khaled Dental\Paper2\archive (10)\Mouth Ulcer\Mouth_Ulcer_0_4643.jpeg,Mouth_Ulcer_0_4643.jpeg,Mouth Ulcer,Training
E:\Dr. Atef Ismail\Khaled Dental\Paper2\archive (10)\Mouth Ulcer\Mouth_Ulcer_0_5067.jpeg,Mouth_Ulcer_0_5067.jpeg,Mouth Ulcer,Training
E:\Dr. Atef Ismail\Khaled Dental\Paper2\archive (10)\Gingivitis\(10).jpg,(10).jpg,Gingivitis,Training
E:\Dr. Atef Ismail\Khaled Dental\Paper2\archive (10)\Tooth Discoloration\Tooth_Discoloration_0_9624.jpeg,Tooth_Discoloration_0_9624.jpeg,Tooth Discoloration,Training
E:\Dr. Atef Ismail\Khaled Dental\Paper2\archive (10)\Mouth Ulcer\Mouth_Ulcer_0_538.jpeg,Mouth_Ulcer_0_538.jpeg,Mouth Ulcer,Training
E:\Dr. Atef Ismail\Khaled Dental\Paper2\archive (10)\hypodontia\(888).JPG,(888).JPG,Hypodontia,Training
E:\Dr. Atef Ismail\Khaled Dental\Paper2\archive (10)\hypodontia\(1244).jpg,(1244).jpg,Hypodontia,Training
E:\Dr. Atef Ismail\Khaled Dental\Paper2\archive (10)\Mouth Ulcer\Mouth_Ulcer_0_1931.jpeg,Mouth_Ulcer_0_1931.jpeg,Mouth Ulcer,Training
E:\Dr. Atef Ismail\Khaled Dental\Paper2\archive (10)\Mouth Ulcer\Mouth_Ulcer_0_4425.jpeg,Mouth_Ulcer_0_4425.jpeg,Mouth Ulcer,Training
E:\Dr. Atef Ismail\Khaled Dental\Paper2\archive (10)\Tooth Discoloration\Tooth_Discoloration_0_3628.jpeg,Tooth_Discoloration_0_3628.jpeg,Tooth Discoloration,Training
E:\Dr. Atef Ismail\Khaled Dental\Paper2\archive (10)\Mouth Ulcer\Mouth_Ulcer_0_9626.jpeg,Mouth_Ulcer_0_9626.jpeg,Mouth Ulcer,Training
E:\Dr. Atef Ismail\Khaled Dental\Paper2\archive (10)\Caries_Gingivitus\330.jpg,330.jpg,Caries-Gingivitis,Training
E:\Dr. Atef Ismail\Khaled Dental\Paper2\archive (10)\Tooth Discoloration\Tooth_Discoloration_0_7952.jpeg,Tooth_Discoloration_0_7952.jpeg,Tooth Discoloration,Training
E:\Dr. Atef Ismail\Khaled Dental\Paper2\archive (10)\Calculus\(56).jpg,(56).jpg,Calculus,Training
E:\Dr. Atef Ismail\Khaled Dental\Paper2\archive (10)\Mouth Ulcer\Mouth_Ulcer_0_8517.jpeg,Mouth_Ulcer_0_8517.jpeg,Mouth Ulcer,Training
E:\Dr. Atef Ismail\Khaled Dental\Paper2\archive (10)\Gingivitis\(733).jpg,(733).jpg,Gingivitis,Training
E:\Dr. Atef Ismail\Khaled Dental\Paper2\archive (10)\Calculus\(1293).jpg,(1293).jpg,Calculus,Training
E:\Dr. Atef Ismail\Khaled Dental\Paper2\archive (10)\Caries_Gingivitus\caries_0_36.jpeg,caries_0_36.jpeg,Caries-Gingivitis,Training
E:\Dr. Atef Ismail\Khaled Dental\Paper2\archive (10)\hypodontia\(250).jpg,(250).jpg,Hypodontia,Training
E:\Dr. Atef Ismail\Khaled Dental\Paper2\archive (10)\hypodontia\(330).JPG,(330).JPG,Hypodontia,Training
E:\Dr. Atef Ismail\Khaled Dental\Paper2\archive (10)\Calculus\(900).jpg,(900).jpg,Calculus,Training
E:\Dr. Atef Ismail\Khaled Dental\Paper2\archive (10)\hypodontia\(998).JPG,(998).JPG,Hypodontia,Training
E:\Dr. Atef Ismail\Khaled Dental\Paper2\archive (10)\Caries_Gingivitus\caries_0_3882.jpeg,caries_0_3882.jpeg,Caries-Gingivitis,Training
E:\Dr. Atef Ismail\Khaled Dental\Paper2\archive (10)\Mouth Ulcer\Mouth_Ulcer_0_5034.jpeg,Mouth_Ulcer_0_5034.jpeg,Mouth Ulcer,Training
E:\Dr. Atef Ismail\Khaled Dental\Paper2\archive (10)\Gingivitis\(2084).jpg,(2084).jpg,Gingivitis,Training
E:\Dr. Atef Ismail\Khaled Dental\Paper2\archive (10)\Calculus\(775).jpg,(775).jpg,Calculus,Training
E:\Dr. Atef Ismail\Khaled Dental\Paper2\archive (10)\Gingivitis\(695).jpg,(695).jpg,Gingivitis,Training
E:\Dr. Atef Ismail\Khaled Dental\Paper2\archive (10)\Tooth Discoloration\Tooth_Discoloration_0_8875.jpeg,Tooth_Discoloration_0_8875.jpeg,Tooth Discoloration,Training
E:\Dr. Atef Ismail\Khaled Dental\Paper2\archive (10)\hypodontia\(208).jpg,(208).jpg,Hypodontia,Training
E:\Dr. Atef Ismail\Khaled Dental\Paper2\archive (10)\Tooth Discoloration\Tooth_Discoloration_0_9144.jpeg,Tooth_Discoloration_0_9144.jpeg,Tooth Discoloration,Training
E:\Dr. Atef Ismail\Khaled Dental\Paper2\archive (10)\Tooth Discoloration\Tooth_Discoloration_0_7457.jpeg,Tooth_Discoloration_0_7457.jpeg,Tooth Discoloration,Training
E:\Dr. Atef Ismail\Khaled Dental\Paper2\archive (10)\Mouth Ulcer\Mouth_Ulcer_0_549.jpeg,Mouth_Ulcer_0_549.jpeg,Mouth Ulcer,Training
E:\Dr. Atef Ismail\Khaled Dental\Paper2\archive (10)\Tooth Discoloration\Tooth_Discoloration_0_2748.jpeg,Tooth_Discoloration_0_2748.jpeg,Tooth Discoloration,Training
E:\Dr. Atef Ismail\Khaled Dental\Paper2\archive (10)\Tooth Discoloration\Tooth_Discoloration_0_4535.jpeg,Tooth_Discoloration_0_4535.jpeg,Tooth Discoloration,Training
E:\Dr. Atef Ismail\Khaled Dental\Paper2\archive (10)\hypodontia\(475).JPG,(475).JPG,Hypodontia,Training
E:\Dr. Atef Ismail\Khaled Dental\Paper2\archive (10)\Calculus\(706).jpg,(706).jpg,Calculus,Training
E:\Dr. Atef Ismail\Khaled Dental\Paper2\archive (10)\Calculus\(152).jpg,(152).jpg,Calculus,Training
E:\Dr. Atef Ismail\Khaled Dental\Paper2\archive (10)\Caries_Gingivitus\486.jpg,486.jpg,Caries-Gingivitis,Training
E:\Dr. Atef Ismail\Khaled Dental\Paper2\archive (10)\Calculus\(432).jpg,(432).jpg,Calculus,Training
E:\Dr. Atef Ismail\Khaled Dental\Paper2\archive (10)\Tooth Discoloration\Tooth_Discoloration_0_5245.jpeg,Tooth_Discoloration_0_5245.jpeg,Tooth Discoloration,Training
E:\Dr. Atef Ismail\Khaled Dental\Paper2\archive (10)\Calculus\(1189).jpg,(1189).jpg,Calculus,Training
E:\Dr. Atef Ismail\Khaled Dental\Paper2\archive (10)\Tooth Discoloration\Tooth_Discoloration_0_137.jpeg,Tooth_Discoloration_0_137.jpeg,Tooth Discoloration,Training
E:\Dr. Atef Ismail\Khaled Dental\Paper2\archive (10)\Gingivitis\(1790).jpg,(1790).jpg,Gingivitis,Training
E:\Dr. Atef Ismail\Khaled Dental\Paper2\archive (10)\Mouth Ulcer\Mouth_Ulcer_0_1600.jpeg,Mouth_Ulcer_0_1600.jpeg,Mouth Ulcer,Training
E:\Dr. Atef Ismail\Khaled Dental\Paper2\archive (10)\Mouth Ulcer\Mouth_Ulcer_0_3975.jpeg,Mouth_Ulcer_0_3975.jpeg,Mouth Ulcer,Training
E:\Dr. Atef Ismail\Khaled Dental\Paper2\archive (10)\Calculus\(1071).jpg,(1071).jpg,Calculus,Training
E:\Dr. Atef Ismail\Khaled Dental\Paper2\archive (10)\Caries_Gingivitus\93.jpg,93.jpg,Caries-Gingivitis,Training
E:\Dr. Atef Ismail\Khaled Dental\Paper2\archive (10)\Tooth Discoloration\Tooth_Discoloration_0_4734.jpeg,Tooth_Discoloration_0_4734.jpeg,Tooth Discoloration,Training
E:\Dr. Atef Ismail\Khaled Dental\Paper2\archive (10)\Mouth Ulcer\Mouth_Ulcer_0_107.jpeg,Mouth_Ulcer_0_107.jpeg,Mouth Ulcer,Training
E:\Dr. Atef Ismail\Khaled Dental\Paper2\archive (10)\Calculus\(842).jpg,(842).jpg,Calculus,Training
E:\Dr. Atef Ismail\Khaled Dental\Paper2\archive (10)\Mouth Ulcer\Mouth_Ulcer_0_5994.jpeg,Mouth_Ulcer_0_5994.jpeg,Mouth Ulcer,Training
E:\Dr. Atef Ismail\Khaled Dental\Paper2\archive (10)\Tooth Discoloration\Tooth_Discoloration_0_2427.jpeg,Tooth_Discoloration_0_2427.jpeg,Tooth Discoloration,Training
E:\Dr. Atef Ismail\Khaled Dental\Paper2\archive (10)\Mouth Ulcer\Mouth_Ulcer_0_5825.jpeg,Mouth_Ulcer_0_5825.jpeg,Mouth Ulcer,Training
E:\Dr. Atef Ismail\Khaled Dental\Paper2\archive (10)\Calculus\(220).jpg,(220).jpg,Calculus,Training
E:\Dr. Atef Ismail\Khaled Dental\Paper2\archive (10)\Mouth Ulcer\Mouth_Ulcer_0_9153.jpeg,Mouth_Ulcer_0_9153.jpeg,Mouth Ulcer,Training
E:\Dr. Atef Ismail\Khaled Dental\Paper2\archive (10)\Calculus\(65).jpg,(65).jpg,Calculus,Training
E:\Dr. Atef Ismail\Khaled Dental\Paper2\archive (10)\Caries_Gingivitus\357.jpg,357.jpg,Caries-Gingivitis,Training
E:\Dr. Atef Ismail\Khaled Dental\Paper2\archive (10)\Gingivitis\(1729).jpg,(1729).jpg,Gingivitis,Training
E:\Dr. Atef Ismail\Khaled Dental\Paper2\archive (10)\hypodontia\(1096).jpg,(1096).jpg,Hypodontia,Training
E:\Dr. Atef Ismail\Khaled Dental\Paper2\archive (10)\Mouth Ulcer\Mouth_Ulcer_0_1867.jpeg,Mouth_Ulcer_0_1867.jpeg,Mouth Ulcer,Training
E:\Dr. Atef Ismail\Khaled Dental\Paper2\archive (10)\Tooth Discoloration\Tooth_Discoloration_0_996.jpeg,Tooth_Discoloration_0_996.jpeg,Tooth Discoloration,Training
E:\Dr. Atef Ismail\Khaled Dental\Paper2\archive (10)\Caries_Gingivitus\(6).jpg,(6).jpg,Caries-Gingivitis,Training
E:\Dr. Atef Ismail\Khaled Dental\Paper2\archive (10)\Calculus\(641).jpg,(641).jpg,Calculus,Training
E:\Dr. Atef Ismail\Khaled Dental\Paper2\archive (10)\Mouth Ulcer\Mouth_Ulcer_0_234.jpeg,Mouth_Ulcer_0_234.jpeg,Mouth Ulcer,Training
E:\Dr. Atef Ismail\Khaled Dental\Paper2\archive (10)\hypodontia\(841).JPG,(841).JPG,Hypodontia,Training
E:\Dr. Atef Ismail\Khaled Dental\Paper2\archive (10)\Mouth Ulcer\Mouth_Ulcer_0_4389.jpeg,Mouth_Ulcer_0_4389.jpeg,Mouth Ulcer,Training
E:\Dr. Atef Ismail\Khaled Dental\Paper2\archive (10)\Mouth Ulcer\Mouth_Ulcer_0_5254.jpeg,Mouth_Ulcer_0_5254.jpeg,Mouth Ulcer,Training
E:\Dr. Atef Ismail\Khaled Dental\Paper2\archive (10)\Gingivitis\(2307).jpg,(2307).jpg,Gingivitis,Training
E:\Dr. Atef Ismail\Khaled Dental\Paper2\archive (10)\Tooth Discoloration\Tooth_Discoloration_0_5079.jpeg,Tooth_Discoloration_0_5079.jpeg,Tooth Discoloration,Training
E:\Dr. Atef Ismail\Khaled Dental\Paper2\archive (10)\Mouth Ulcer\Mouth_Ulcer_0_1346.jpeg,Mouth_Ulcer_0_1346.jpeg,Mouth Ulcer,Training
E:\Dr. Atef Ismail\Khaled Dental\Paper2\archive (10)\Tooth Discoloration\Tooth_Discoloration_0_4512.jpeg,Tooth_Discoloration_0_4512.jpeg,Tooth Discoloration,Training
E:\Dr. Atef Ismail\Khaled Dental\Paper2\archive (10)\Gingivitis\(1734).jpg,(1734).jpg,Gingivitis,Training
E:\Dr. Atef Ismail\Khaled Dental\Paper2\archive (10)\Mouth Ulcer\Mouth_Ulcer_0_7153.jpeg,Mouth_Ulcer_0_7153.jpeg,Mouth Ulcer,Training
E:\Dr. Atef Ismail\Khaled Dental\Paper2\archive (10)\Tooth Discoloration\Tooth_Discoloration_0_4396.jpeg,Tooth_Discoloration_0_4396.jpeg,Tooth Discoloration,Training
E:\Dr. Atef Ismail\Khaled Dental\Paper2\archive (10)\Calculus\(712).jpg,(712).jpg,Calculus,Training
E:\Dr. Atef Ismail\Khaled Dental\Paper2\archive (10)\Mouth Ulcer\Mouth_Ulcer_0_2439.jpeg,Mouth_Ulcer_0_2439.jpeg,Mouth Ulcer,Training
E:\Dr. Atef Ismail\Khaled Dental\Paper2\archive (10)\hypodontia\(687).JPG,(687).JPG,Hypodontia,Training
E:\Dr. Atef Ismail\Khaled Dental\Paper2\archive (10)\Mouth Ulcer\Mouth_Ulcer_0_4826.jpeg,Mouth_Ulcer_0_4826.jpeg,Mouth Ulcer,Training
E:\Dr. Atef Ismail\Khaled Dental\Paper2\archive (10)\Caries_Gingivitus\caries_0_3522.jpeg,caries_0_3522.jpeg,Caries-Gingivitis,Training
E:\Dr. Atef Ismail\Khaled Dental\Paper2\archive (10)\Tooth Discoloration\Tooth_Discoloration_0_3082.jpeg,Tooth_Discoloration_0_3082.jpeg,Tooth Discoloration,Training
E:\Dr. Atef Ismail\Khaled Dental\Paper2\archive (10)\Gingivitis\(1099).jpg,(1099).jpg,Gingivitis,Training
E:\Dr. Atef Ismail\Khaled Dental\Paper2\archive (10)\Caries_Gingivitus\(139).jpg,(139).jpg,Caries-Gingivitis,Training
E:\Dr. Atef Ismail\Khaled Dental\Paper2\archive (10)\Tooth Discoloration\Tooth_Discoloration_0_1461.jpeg,Tooth_Discoloration_0_1461.jpeg,Tooth Discoloration,Training
E:\Dr. Atef Ismail\Khaled Dental\Paper2\archive (10)\Gingivitis\(678).jpg,(678).jpg,Gingivitis,Training
E:\Dr. Atef Ismail\Khaled Dental\Paper2\archive (10)\Gingivitis\(1791).jpg,(1791).jpg,Gingivitis,Training
E:\Dr. Atef Ismail\Khaled Dental\Paper2\archive (10)\Caries_Gingivitus\caries_0_4926.jpeg,caries_0_4926.jpeg,Caries-Gingivitis,Training
E:\Dr. Atef Ismail\Khaled Dental\Paper2\archive (10)\Gingivitis\(1010).jpg,(1010).jpg,Gingivitis,Training
E:\Dr. Atef Ismail\Khaled Dental\Paper2\archive (10)\hypodontia\(911).JPG,(911).JPG,Hypodontia,Training
E:\Dr. Atef Ismail\Khaled Dental\Paper2\archive (10)\Mouth Ulcer\Mouth_Ulcer_0_7466.jpeg,Mouth_Ulcer_0_7466.jpeg,Mouth Ulcer,Training
E:\Dr. Atef Ismail\Khaled Dental\Paper2\archive (10)\Gingivitis\(2270).jpg,(2270).jpg,Gingivitis,Training
E:\Dr. Atef Ismail\Khaled Dental\Paper2\archive (10)\Caries_Gingivitus\472.jpg,472.jpg,Caries-Gingivitis,Training
E:\Dr. Atef Ismail\Khaled Dental\Paper2\archive (10)\Mouth Ulcer\Mouth_Ulcer_0_5139.jpeg,Mouth_Ulcer_0_5139.jpeg,Mouth Ulcer,Training
E:\Dr. Atef Ismail\Khaled Dental\Paper2\archive (10)\hypodontia\(835).JPG,(835).JPG,Hypodontia,Training
E:\Dr. Atef Ismail\Khaled Dental\Paper2\archive (10)\Gingivitis\(559).jpg,(559).jpg,Gingivitis,Training
E:\Dr. Atef Ismail\Khaled Dental\Paper2\archive (10)\Tooth Discoloration\Tooth_Discoloration_0_5232.jpeg,Tooth_Discoloration_0_5232.jpeg,Tooth Discoloration,Training
E:\Dr. Atef Ismail\Khaled Dental\Paper2\archive (10)\Mouth Ulcer\Mouth_Ulcer_0_2158.jpeg,Mouth_Ulcer_0_2158.jpeg,Mouth Ulcer,Training
E:\Dr. Atef Ismail\Khaled Dental\Paper2\archive (10)\Tooth Discoloration\Tooth_Discoloration_0_4036.jpeg,Tooth_Discoloration_0_4036.jpeg,Tooth Discoloration,Training
E:\Dr. Atef Ismail\Khaled Dental\Paper2\archive (10)\Mouth Ulcer\Mouth_Ulcer_0_958.jpeg,Mouth_Ulcer_0_958.jpeg,Mouth Ulcer,Training
E:\Dr. Atef Ismail\Khaled Dental\Paper2\archive (10)\Gingivitis\(131).jpg,(131).jpg,Gingivitis,Training
E:\Dr. Atef Ismail\Khaled Dental\Paper2\archive (10)\Mouth Ulcer\Mouth_Ulcer_0_5196.jpeg,Mouth_Ulcer_0_5196.jpeg,Mouth Ulcer,Training
E:\Dr. Atef Ismail\Khaled Dental\Paper2\archive (10)\Gingivitis\(1199).jpg,(1199).jpg,Gingivitis,Training
E:\Dr. Atef Ismail\Khaled Dental\Paper2\archive (10)\Calculus\(991).jpg,(991).jpg,Calculus,Training
E:\Dr. Atef Ismail\Khaled Dental\Paper2\archive (10)\Gingivitis\(2194).jpg,(2194).jpg,Gingivitis,Training
E:\Dr. Atef Ismail\Khaled Dental\Paper2\archive (10)\Caries_Gingivitus\268.jpg,268.jpg,Caries-Gingivitis,Training
E:\Dr. Atef Ismail\Khaled Dental\Paper2\archive (10)\hypodontia\(709).JPG,(709).JPG,Hypodontia,Training
E:\Dr. Atef Ismail\Khaled Dental\Paper2\archive (10)\Mouth Ulcer\Mouth_Ulcer_0_5335.jpeg,Mouth_Ulcer_0_5335.jpeg,Mouth Ulcer,Training
E:\Dr. Atef Ismail\Khaled Dental\Paper2\archive (10)\Mouth Ulcer\Mouth_Ulcer_0_8144.jpeg,Mouth_Ulcer_0_8144.jpeg,Mouth Ulcer,Training
E:\Dr. Atef Ismail\Khaled Dental\Paper2\archive (10)\Tooth Discoloration\Tooth_Discoloration_0_2950.jpeg,Tooth_Discoloration_0_2950.jpeg,Tooth Discoloration,Training
E:\Dr. Atef Ismail\Khaled Dental\Paper2\archive (10)\Tooth Discoloration\Tooth_Discoloration_0_6773.jpeg,Tooth_Discoloration_0_6773.jpeg,Tooth Discoloration,Training
E:\Dr. Atef Ismail\Khaled Dental\Paper2\archive (10)\Mouth Ulcer\Mouth_Ulcer_0_6531.jpeg,Mouth_Ulcer_0_6531.jpeg,Mouth Ulcer,Training
E:\Dr. Atef Ismail\Khaled Dental\Paper2\archive (10)\hypodontia\(118).jpg,(118).jpg,Hypodontia,Training
E:\Dr. Atef Ismail\Khaled Dental\Paper2\archive (10)\hypodontia\(106).jpg,(106).jpg,Hypodontia,Training
E:\Dr. Atef Ismail\Khaled Dental\Paper2\archive (10)\hypodontia\(931).JPG,(931).JPG,Hypodontia,Training
E:\Dr. Atef Ismail\Khaled Dental\Paper2\archive (10)\Gingivitis\(1817).jpg,(1817).jpg,Gingivitis,Training
E:\Dr. Atef Ismail\Khaled Dental\Paper2\archive (10)\Tooth Discoloration\Tooth_Discoloration_0_8388.jpeg,Tooth_Discoloration_0_8388.jpeg,Tooth Discoloration,Training
E:\Dr. Atef Ismail\Khaled Dental\Paper2\archive (10)\Calculus\(451).jpg,(451).jpg,Calculus,Training
E:\Dr. Atef Ismail\Khaled Dental\Paper2\archive (10)\Mouth Ulcer\Mouth_Ulcer_0_1577.jpeg,Mouth_Ulcer_0_1577.jpeg,Mouth Ulcer,Training
E:\Dr. Atef Ismail\Khaled Dental\Paper2\archive (10)\Gingivitis\(175).jpg,(175).jpg,Gingivitis,Training
E:\Dr. Atef Ismail\Khaled Dental\Paper2\archive (10)\Mouth Ulcer\Mouth_Ulcer_0_1892.jpeg,Mouth_Ulcer_0_1892.jpeg,Mouth Ulcer,Training
E:\Dr. Atef Ismail\Khaled Dental\Paper2\archive (10)\Gingivitis\(1875).jpg,(1875).jpg,Gingivitis,Training
E:\Dr. Atef Ismail\Khaled Dental\Paper2\archive (10)\Gingivitis\(1900).jpg,(1900).jpg,Gingivitis,Training
E:\Dr. Atef Ismail\Khaled Dental\Paper2\archive (10)\Mouth Ulcer\Mouth_Ulcer_0_3475.jpeg,Mouth_Ulcer_0_3475.jpeg,Mouth Ulcer,Training
E:\Dr. Atef Ismail\Khaled Dental\Paper2\archive (10)\Mouth Ulcer\Mouth_Ulcer_0_6470.jpeg,Mouth_Ulcer_0_6470.jpeg,Mouth Ulcer,Training
E:\Dr. Atef Ismail\Khaled Dental\Paper2\archive (10)\Gingivitis\(328).jpg,(328).jpg,Gingivitis,Training
E:\Dr. Atef Ismail\Khaled Dental\Paper2\archive (10)\Mouth Ulcer\Mouth_Ulcer_0_4071.jpeg,Mouth_Ulcer_0_4071.jpeg,Mouth Ulcer,Training
E:\Dr. Atef Ismail\Khaled Dental\Paper2\archive (10)\Tooth Discoloration\Tooth_Discoloration_0_7676.jpeg,Tooth_Discoloration_0_7676.jpeg,Tooth Discoloration,Training
E:\Dr. Atef Ismail\Khaled Dental\Paper2\archive (10)\Tooth Discoloration\Tooth_Discoloration_0_1345.jpeg,Tooth_Discoloration_0_1345.jpeg,Tooth Discoloration,Training
E:\Dr. Atef Ismail\Khaled Dental\Paper2\archive (10)\Calculus\(534).jpg,(534).jpg,Calculus,Training
E:\Dr. Atef Ismail\Khaled Dental\Paper2\archive (10)\Tooth Discoloration\Tooth_Discoloration_0_4165.jpeg,Tooth_Discoloration_0_4165.jpeg,Tooth Discoloration,Training
E:\Dr. Atef Ismail\Khaled Dental\Paper2\archive (10)\Gingivitis\(256).jpg,(256).jpg,Gingivitis,Training
E:\Dr. Atef Ismail\Khaled Dental\Paper2\archive (10)\Gingivitis\(1219).jpg,(1219).jpg,Gingivitis,Training
E:\Dr. Atef Ismail\Khaled Dental\Paper2\archive (10)\Gingivitis\(208).jpg,(208).jpg,Gingivitis,Training
E:\Dr. Atef Ismail\Khaled Dental\Paper2\archive (10)\Tooth Discoloration\Tooth_Discoloration_0_2925.jpeg,Tooth_Discoloration_0_2925.jpeg,Tooth Discoloration,Training
E:\Dr. Atef Ismail\Khaled Dental\Paper2\archive (10)\Gingivitis\(98).jpg,(98).jpg,Gingivitis,Training
E:\Dr. Atef Ismail\Khaled Dental\Paper2\archive (10)\Mouth Ulcer\Mouth_Ulcer_0_573.jpeg,Mouth_Ulcer_0_573.jpeg,Mouth Ulcer,Training
E:\Dr. Atef Ismail\Khaled Dental\Paper2\archive (10)\Tooth Discoloration\Tooth_Discoloration_0_6979.jpeg,Tooth_Discoloration_0_6979.jpeg,Tooth Discoloration,Training
E:\Dr. Atef Ismail\Khaled Dental\Paper2\archive (10)\Gingivitis\(1902).jpg,(1902).jpg,Gingivitis,Training
E:\Dr. Atef Ismail\Khaled Dental\Paper2\archive (10)\hypodontia\(834).JPG,(834).JPG,Hypodontia,Training
E:\Dr. Atef Ismail\Khaled Dental\Paper2\archive (10)\Gingivitis\(86).jpg,(86).jpg,Gingivitis,Training
E:\Dr. Atef Ismail\Khaled Dental\Paper2\archive (10)\Gingivitis\(953).jpg,(953).jpg,Gingivitis,Training
E:\Dr. Atef Ismail\Khaled Dental\Paper2\archive (10)\Calculus\(549).jpg,(549).jpg,Calculus,Training
E:\Dr. Atef Ismail\Khaled Dental\Paper2\archive (10)\Calculus\(309).jpg,(309).jpg,Calculus,Training
E:\Dr. Atef Ismail\Khaled Dental\Paper2\archive (10)\Calculus\(1254).jpg,(1254).jpg,Calculus,Training
E:\Dr. Atef Ismail\Khaled Dental\Paper2\archive (10)\Gingivitis\(562).jpg,(562).jpg,Gingivitis,Training
E:\Dr. Atef Ismail\Khaled Dental\Paper2\archive (10)\Mouth Ulcer\Mouth_Ulcer_0_5640.jpeg,Mouth_Ulcer_0_5640.jpeg,Mouth Ulcer,Training
E:\Dr. Atef Ismail\Khaled Dental\Paper2\archive (10)\Mouth Ulcer\Mouth_Ulcer_0_6138.jpeg,Mouth_Ulcer_0_6138.jpeg,Mouth Ulcer,Training
E:\Dr. Atef Ismail\Khaled Dental\Paper2\archive (10)\Gingivitis\(1035).jpg,(1035).jpg,Gingivitis,Training
E:\Dr. Atef Ismail\Khaled Dental\Paper2\archive (10)\Mouth Ulcer\Mouth_Ulcer_0_4570.jpeg,Mouth_Ulcer_0_4570.jpeg,Mouth Ulcer,Training
E:\Dr. Atef Ismail\Khaled Dental\Paper2\archive (10)\Tooth Discoloration\Tooth_Discoloration_0_7488.jpeg,Tooth_Discoloration_0_7488.jpeg,Tooth Discoloration,Training
E:\Dr. Atef Ismail\Khaled Dental\Paper2\archive (10)\Mouth Ulcer\Mouth_Ulcer_0_2686.jpeg,Mouth_Ulcer_0_2686.jpeg,Mouth Ulcer,Training
E:\Dr. Atef Ismail\Khaled Dental\Paper2\archive (10)\Caries_Gingivitus\465.jpg,465.jpg,Caries-Gingivitis,Training
E:\Dr. Atef Ismail\Khaled Dental\Paper2\archive (10)\hypodontia\(134).jpg,(134).jpg,Hypodontia,Training
E:\Dr. Atef Ismail\Khaled Dental\Paper2\archive (10)\Tooth Discoloration\Tooth_Discoloration_0_2619.jpeg,Tooth_Discoloration_0_2619.jpeg,Tooth Discoloration,Training
E:\Dr. Atef Ismail\Khaled Dental\Paper2\archive (10)\Tooth Discoloration\Tooth_Discoloration_0_6165.jpeg,Tooth_Discoloration_0_6165.jpeg,Tooth Discoloration,Training
E:\Dr. Atef Ismail\Khaled Dental\Paper2\archive (10)\Gingivitis\(1468).jpg,(1468).jpg,Gingivitis,Training
E:\Dr. Atef Ismail\Khaled Dental\Paper2\archive (10)\Gingivitis\(1530).jpg,(1530).jpg,Gingivitis,Training
E:\Dr. Atef Ismail\Khaled Dental\Paper2\archive (10)\Calculus\(1014).jpg,(1014).jpg,Calculus,Training
E:\Dr. Atef Ismail\Khaled Dental\Paper2\archive (10)\Tooth Discoloration\Tooth_Discoloration_0_9756.jpeg,Tooth_Discoloration_0_9756.jpeg,Tooth Discoloration,Training
E:\Dr. Atef Ismail\Khaled Dental\Paper2\archive (10)\Gingivitis\(1974).jpg,(1974).jpg,Gingivitis,Training
E:\Dr. Atef Ismail\Khaled Dental\Paper2\archive (10)\Mouth Ulcer\Mouth_Ulcer_0_6228.jpeg,Mouth_Ulcer_0_6228.jpeg,Mouth Ulcer,Training
E:\Dr. Atef Ismail\Khaled Dental\Paper2\archive (10)\Caries_Gingivitus\caries_0_4025.jpeg,caries_0_4025.jpeg,Caries-Gingivitis,Training
E:\Dr. Atef Ismail\Khaled Dental\Paper2\archive (10)\Mouth Ulcer\Mouth_Ulcer_0_7090.jpeg,Mouth_Ulcer_0_7090.jpeg,Mouth Ulcer,Training
E:\Dr. Atef Ismail\Khaled Dental\Paper2\archive (10)\Gingivitis\(827).jpg,(827).jpg,Gingivitis,Training
E:\Dr. Atef Ismail\Khaled Dental\Paper2\archive (10)\Tooth Discoloration\Tooth_Discoloration_0_9704.jpeg,Tooth_Discoloration_0_9704.jpeg,Tooth Discoloration,Training
E:\Dr. Atef Ismail\Khaled Dental\Paper2\archive (10)\Caries_Gingivitus\caries_0_4837.jpeg,caries_0_4837.jpeg,Caries-Gingivitis,Training
E:\Dr. Atef Ismail\Khaled Dental\Paper2\archive (10)\Tooth Discoloration\Tooth_Discoloration_0_90.jpeg,Tooth_Discoloration_0_90.jpeg,Tooth Discoloration,Training
E:\Dr. Atef Ismail\Khaled Dental\Paper2\archive (10)\Gingivitis\(764).jpg,(764).jpg,Gingivitis,Training
E:\Dr. Atef Ismail\Khaled Dental\Paper2\archive (10)\Gingivitis\(2294).jpg,(2294).jpg,Gingivitis,Training
E:\Dr. Atef Ismail\Khaled Dental\Paper2\archive (10)\Caries_Gingivitus\(34).jpg,(34).jpg,Caries-Gingivitis,Training
E:\Dr. Atef Ismail\Khaled Dental\Paper2\archive (10)\Gingivitis\(163).jpg,(163).jpg,Gingivitis,Training
E:\Dr. Atef Ismail\Khaled Dental\Paper2\archive (10)\Mouth Ulcer\Mouth_Ulcer_0_1759.jpeg,Mouth_Ulcer_0_1759.jpeg,Mouth Ulcer,Training
E:\Dr. Atef Ismail\Khaled Dental\Paper2\archive (10)\Tooth Discoloration\Tooth_Discoloration_0_5551.jpeg,Tooth_Discoloration_0_5551.jpeg,Tooth Discoloration,Training
E:\Dr. Atef Ismail\Khaled Dental\Paper2\archive (10)\Tooth Discoloration\Tooth_Discoloration_0_7178.jpeg,Tooth_Discoloration_0_7178.jpeg,Tooth Discoloration,Training
E:\Dr. Atef Ismail\Khaled Dental\Paper2\archive (10)\Gingivitis\(1850).jpg,(1850).jpg,Gingivitis,Training
E:\Dr. Atef Ismail\Khaled Dental\Paper2\archive (10)\Gingivitis\(494).jpg,(494).jpg,Gingivitis,Training
E:\Dr. Atef Ismail\Khaled Dental\Paper2\archive (10)\Tooth Discoloration\Tooth_Discoloration_0_2942.jpeg,Tooth_Discoloration_0_2942.jpeg,Tooth Discoloration,Training
E:\Dr. Atef Ismail\Khaled Dental\Paper2\archive (10)\Mouth Ulcer\Mouth_Ulcer_0_6916.jpeg,Mouth_Ulcer_0_6916.jpeg,Mouth Ulcer,Training
E:\Dr. Atef Ismail\Khaled Dental\Paper2\archive (10)\Mouth Ulcer\Mouth_Ulcer_0_6975.jpeg,Mouth_Ulcer_0_6975.jpeg,Mouth Ulcer,Training
E:\Dr. Atef Ismail\Khaled Dental\Paper2\archive (10)\Mouth Ulcer\Mouth_Ulcer_0_833.jpeg,Mouth_Ulcer_0_833.jpeg,Mouth Ulcer,Training
E:\Dr. Atef Ismail\Khaled Dental\Paper2\archive (10)\Tooth Discoloration\Tooth_Discoloration_0_6118.jpeg,Tooth_Discoloration_0_6118.jpeg,Tooth Discoloration,Training
E:\Dr. Atef Ismail\Khaled Dental\Paper2\archive (10)\Gingivitis\(706).jpg,(706).jpg,Gingivitis,Training
E:\Dr. Atef Ismail\Khaled Dental\Paper2\archive (10)\Mouth Ulcer\Mouth_Ulcer_0_5584.jpeg,Mouth_Ulcer_0_5584.jpeg,Mouth Ulcer,Training
E:\Dr. Atef Ismail\Khaled Dental\Paper2\archive (10)\Tooth Discoloration\Tooth_Discoloration_0_9409.jpeg,Tooth_Discoloration_0_9409.jpeg,Tooth Discoloration,Training
E:\Dr. Atef Ismail\Khaled Dental\Paper2\archive (10)\Mouth Ulcer\Mouth_Ulcer_0_5762.jpeg,Mouth_Ulcer_0_5762.jpeg,Mouth Ulcer,Training
E:\Dr. Atef Ismail\Khaled Dental\Paper2\archive (10)\Gingivitis\(1426).jpg,(1426).jpg,Gingivitis,Training
E:\Dr. Atef Ismail\Khaled Dental\Paper2\archive (10)\Mouth Ulcer\Mouth_Ulcer_0_3773.jpeg,Mouth_Ulcer_0_3773.jpeg,Mouth Ulcer,Training
E:\Dr. Atef Ismail\Khaled Dental\Paper2\archive (10)\Mouth Ulcer\Mouth_Ulcer_0_9146.jpeg,Mouth_Ulcer_0_9146.jpeg,Mouth Ulcer,Training
E:\Dr. Atef Ismail\Khaled Dental\Paper2\archive (10)\Calculus\(1118).jpg,(1118).jpg,Calculus,Training
E:\Dr. Atef Ismail\Khaled Dental\Paper2\archive (10)\hypodontia\(857).JPG,(857).JPG,Hypodontia,Training
E:\Dr. Atef Ismail\Khaled Dental\Paper2\archive (10)\Gingivitis\(1062).jpg,(1062).jpg,Gingivitis,Training
E:\Dr. Atef Ismail\Khaled Dental\Paper2\archive (10)\Mouth Ulcer\Mouth_Ulcer_0_9863.jpeg,Mouth_Ulcer_0_9863.jpeg,Mouth Ulcer,Training
E:\Dr. Atef Ismail\Khaled Dental\Paper2\archive (10)\Tooth Discoloration\Tooth_Discoloration_0_7334.jpeg,Tooth_Discoloration_0_7334.jpeg,Tooth Discoloration,Training
E:\Dr. Atef Ismail\Khaled Dental\Paper2\archive (10)\Tooth Discoloration\Tooth_Discoloration_0_2499.jpeg,Tooth_Discoloration_0_2499.jpeg,Tooth Discoloration,Training
E:\Dr. Atef Ismail\Khaled Dental\Paper2\archive (10)\Caries_Gingivitus\caries_0_3524.jpeg,caries_0_3524.jpeg,Caries-Gingivitis,Training
E:\Dr. Atef Ismail\Khaled Dental\Paper2\archive (10)\Calculus\(738).jpg,(738).jpg,Calculus,Training
E:\Dr. Atef Ismail\Khaled Dental\Paper2\archive (10)\Tooth Discoloration\Tooth_Discoloration_0_8328.jpeg,Tooth_Discoloration_0_8328.jpeg,Tooth Discoloration,Training
E:\Dr. Atef Ismail\Khaled Dental\Paper2\archive (10)\Mouth Ulcer\Mouth_Ulcer_0_471.jpeg,Mouth_Ulcer_0_471.jpeg,Mouth Ulcer,Training
E:\Dr. Atef Ismail\Khaled Dental\Paper2\archive (10)\Calculus\(250).jpg,(250).jpg,Calculus,Training
E:\Dr. Atef Ismail\Khaled Dental\Paper2\archive (10)\Gingivitis\(239).jpg,(239).jpg,Gingivitis,Training
E:\Dr. Atef Ismail\Khaled Dental\Paper2\archive (10)\Gingivitis\(2211).jpg,(2211).jpg,Gingivitis,Training
E:\Dr. Atef Ismail\Khaled Dental\Paper2\archive (10)\Calculus\(832).jpg,(832).jpg,Calculus,Training
E:\Dr. Atef Ismail\Khaled Dental\Paper2\archive (10)\hypodontia\(720).JPG,(720).JPG,Hypodontia,Training
E:\Dr. Atef Ismail\Khaled Dental\Paper2\archive (10)\Mouth Ulcer\Mouth_Ulcer_0_7119.jpeg,Mouth_Ulcer_0_7119.jpeg,Mouth Ulcer,Training
E:\Dr. Atef Ismail\Khaled Dental\Paper2\archive (10)\Caries_Gingivitus\376.jpg,376.jpg,Caries-Gingivitis,Training
E:\Dr. Atef Ismail\Khaled Dental\Paper2\archive (10)\Caries_Gingivitus\caries_0_4009.jpeg,caries_0_4009.jpeg,Caries-Gingivitis,Training
E:\Dr. Atef Ismail\Khaled Dental\Paper2\archive (10)\Tooth Discoloration\Tooth_Discoloration_0_1883.jpeg,Tooth_Discoloration_0_1883.jpeg,Tooth Discoloration,Training
E:\Dr. Atef Ismail\Khaled Dental\Paper2\archive (10)\Tooth Discoloration\Tooth_Discoloration_0_3310.jpeg,Tooth_Discoloration_0_3310.jpeg,Tooth Discoloration,Training
E:\Dr. Atef Ismail\Khaled Dental\Paper2\archive (10)\Mouth Ulcer\Mouth_Ulcer_0_6194.jpeg,Mouth_Ulcer_0_6194.jpeg,Mouth Ulcer,Training
E:\Dr. Atef Ismail\Khaled Dental\Paper2\archive (10)\Caries_Gingivitus\(2).jpg,(2).jpg,Caries-Gingivitis,Training
E:\Dr. Atef Ismail\Khaled Dental\Paper2\archive (10)\Gingivitis\(431).jpg,(431).jpg,Gingivitis,Training
E:\Dr. Atef Ismail\Khaled Dental\Paper2\archive (10)\Mouth Ulcer\Mouth_Ulcer_0_8622.jpeg,Mouth_Ulcer_0_8622.jpeg,Mouth Ulcer,Training
E:\Dr. Atef Ismail\Khaled Dental\Paper2\archive (10)\Mouth Ulcer\Mouth_Ulcer_0_3911.jpeg,Mouth_Ulcer_0_3911.jpeg,Mouth Ulcer,Training
E:\Dr. Atef Ismail\Khaled Dental\Paper2\archive (10)\Calculus\(686).jpg,(686).jpg,Calculus,Training
E:\Dr. Atef Ismail\Khaled Dental\Paper2\archive (10)\Gingivitis\(2275).jpg,(2275).jpg,Gingivitis,Training
E:\Dr. Atef Ismail\Khaled Dental\Paper2\archive (10)\Mouth Ulcer\Mouth_Ulcer_0_3782.jpeg,Mouth_Ulcer_0_3782.jpeg,Mouth Ulcer,Training
E:\Dr. Atef Ismail\Khaled Dental\Paper2\archive (10)\Calculus\(492).jpg,(492).jpg,Calculus,Training
E:\Dr. Atef Ismail\Khaled Dental\Paper2\archive (10)\Tooth Discoloration\Tooth_Discoloration_0_3305.jpeg,Tooth_Discoloration_0_3305.jpeg,Tooth Discoloration,Training
E:\Dr. Atef Ismail\Khaled Dental\Paper2\archive (10)\hypodontia\(458).JPG,(458).JPG,Hypodontia,Training
E:\Dr. Atef Ismail\Khaled Dental\Paper2\archive (10)\Gingivitis\(1060).jpg,(1060).jpg,Gingivitis,Training
E:\Dr. Atef Ismail\Khaled Dental\Paper2\archive (10)\Caries_Gingivitus\46.jpg,46.jpg,Caries-Gingivitis,Training
E:\Dr. Atef Ismail\Khaled Dental\Paper2\archive (10)\Gingivitis\(453).jpg,(453).jpg,Gingivitis,Training
E:\Dr. Atef Ismail\Khaled Dental\Paper2\archive (10)\Tooth Discoloration\Tooth_Discoloration_0_5531.jpeg,Tooth_Discoloration_0_5531.jpeg,Tooth Discoloration,Training
E:\Dr. Atef Ismail\Khaled Dental\Paper2\archive (10)\Mouth Ulcer\Mouth_Ulcer_0_6759.jpeg,Mouth_Ulcer_0_6759.jpeg,Mouth Ulcer,Training
E:\Dr. Atef Ismail\Khaled Dental\Paper2\archive (10)\Gingivitis\(1097).jpg,(1097).jpg,Gingivitis,Training
E:\Dr. Atef Ismail\Khaled Dental\Paper2\archive (10)\Mouth Ulcer\Mouth_Ulcer_0_4737.jpeg,Mouth_Ulcer_0_4737.jpeg,Mouth Ulcer,Training
E:\Dr. Atef Ismail\Khaled Dental\Paper2\archive (10)\Tooth Discoloration\Tooth_Discoloration_0_6419.jpeg,Tooth_Discoloration_0_6419.jpeg,Tooth Discoloration,Training
E:\Dr. Atef Ismail\Khaled Dental\Paper2\archive (10)\Mouth Ulcer\Mouth_Ulcer_0_557.jpeg,Mouth_Ulcer_0_557.jpeg,Mouth Ulcer,Training
E:\Dr. Atef Ismail\Khaled Dental\Paper2\archive (10)\Mouth Ulcer\Mouth_Ulcer_0_6159.jpeg,Mouth_Ulcer_0_6159.jpeg,Mouth Ulcer,Training
E:\Dr. Atef Ismail\Khaled Dental\Paper2\archive (10)\Tooth Discoloration\Tooth_Discoloration_0_5917.jpeg,Tooth_Discoloration_0_5917.jpeg,Tooth Discoloration,Training
E:\Dr. Atef Ismail\Khaled Dental\Paper2\archive (10)\hypodontia\(850).JPG,(850).JPG,Hypodontia,Training
E:\Dr. Atef Ismail\Khaled Dental\Paper2\archive (10)\Mouth Ulcer\Mouth_Ulcer_0_5964.jpeg,Mouth_Ulcer_0_5964.jpeg,Mouth Ulcer,Training
E:\Dr. Atef Ismail\Khaled Dental\Paper2\archive (10)\Mouth Ulcer\Mouth_Ulcer_0_8241.jpeg,Mouth_Ulcer_0_8241.jpeg,Mouth Ulcer,Training
E:\Dr. Atef Ismail\Khaled Dental\Paper2\archive (10)\Mouth Ulcer\Mouth_Ulcer_0_8250.jpeg,Mouth_Ulcer_0_8250.jpeg,Mouth Ulcer,Training
E:\Dr. Atef Ismail\Khaled Dental\Paper2\archive (10)\Gingivitis\(2220).jpg,(2220).jpg,Gingivitis,Training
E:\Dr. Atef Ismail\Khaled Dental\Paper2\archive (10)\Calculus\(1096).jpg,(1096).jpg,Calculus,Training
E:\Dr. Atef Ismail\Khaled Dental\Paper2\archive (10)\Tooth Discoloration\Tooth_Discoloration_0_3568.jpeg,Tooth_Discoloration_0_3568.jpeg,Tooth Discoloration,Training
E:\Dr. Atef Ismail\Khaled Dental\Paper2\archive (10)\Mouth Ulcer\Mouth_Ulcer_0_8609.jpeg,Mouth_Ulcer_0_8609.jpeg,Mouth Ulcer,Training
E:\Dr. Atef Ismail\Khaled Dental\Paper2\archive (10)\Gingivitis\(836).jpg,(836).jpg,Gingivitis,Training
E:\Dr. Atef Ismail\Khaled Dental\Paper2\archive (10)\Tooth Discoloration\Tooth_Discoloration_0_4513.jpeg,Tooth_Discoloration_0_4513.jpeg,Tooth Discoloration,Training
E:\Dr. Atef Ismail\Khaled Dental\Paper2\archive (10)\Gingivitis\(802).jpg,(802).jpg,Gingivitis,Training
E:\Dr. Atef Ismail\Khaled Dental\Paper2\archive (10)\Calculus\(62).jpg,(62).jpg,Calculus,Training
E:\Dr. Atef Ismail\Khaled Dental\Paper2\archive (10)\Gingivitis\(1925).jpg,(1925).jpg,Gingivitis,Training
E:\Dr. Atef Ismail\Khaled Dental\Paper2\archive (10)\Caries_Gingivitus\caries_0_4363.jpeg,caries_0_4363.jpeg,Caries-Gingivitis,Training
E:\Dr. Atef Ismail\Khaled Dental\Paper2\archive (10)\Calculus\(278).jpg,(278).jpg,Calculus,Training
E:\Dr. Atef Ismail\Khaled Dental\Paper2\archive (10)\Tooth Discoloration\Tooth_Discoloration_0_5979.jpeg,Tooth_Discoloration_0_5979.jpeg,Tooth Discoloration,Training
E:\Dr. Atef Ismail\Khaled Dental\Paper2\archive (10)\Caries_Gingivitus\(55).jpg,(55).jpg,Caries-Gingivitis,Training
E:\Dr. Atef Ismail\Khaled Dental\Paper2\archive (10)\hypodontia\(512).JPG,(512).JPG,Hypodontia,Training
E:\Dr. Atef Ismail\Khaled Dental\Paper2\archive (10)\Tooth Discoloration\Tooth_Discoloration_0_6124.jpeg,Tooth_Discoloration_0_6124.jpeg,Tooth Discoloration,Training
E:\Dr. Atef Ismail\Khaled Dental\Paper2\archive (10)\Mouth Ulcer\Mouth_Ulcer_0_7359.jpeg,Mouth_Ulcer_0_7359.jpeg,Mouth Ulcer,Training
E:\Dr. Atef Ismail\Khaled Dental\Paper2\archive (10)\Gingivitis\(1233).jpg,(1233).jpg,Gingivitis,Training
E:\Dr. Atef Ismail\Khaled Dental\Paper2\archive (10)\Calculus\(384).jpg,(384).jpg,Calculus,Training
E:\Dr. Atef Ismail\Khaled Dental\Paper2\archive (10)\Gingivitis\(2100).jpg,(2100).jpg,Gingivitis,Training
E:\Dr. Atef Ismail\Khaled Dental\Paper2\archive (10)\Gingivitis\(795).jpg,(795).jpg,Gingivitis,Training
E:\Dr. Atef Ismail\Khaled Dental\Paper2\archive (10)\hypodontia\(282).JPG,(282).JPG,Hypodontia,Training
E:\Dr. Atef Ismail\Khaled Dental\Paper2\archive (10)\hypodontia\(588).JPG,(588).JPG,Hypodontia,Training
E:\Dr. Atef Ismail\Khaled Dental\Paper2\archive (10)\Caries_Gingivitus\caries_0_5138.jpeg,caries_0_5138.jpeg,Caries-Gingivitis,Training
E:\Dr. Atef Ismail\Khaled Dental\Paper2\archive (10)\Tooth Discoloration\Tooth_Discoloration_0_6959.jpeg,Tooth_Discoloration_0_6959.jpeg,Tooth Discoloration,Training
E:\Dr. Atef Ismail\Khaled Dental\Paper2\archive (10)\Mouth Ulcer\Mouth_Ulcer_0_6271.jpeg,Mouth_Ulcer_0_6271.jpeg,Mouth Ulcer,Training
E:\Dr. Atef Ismail\Khaled Dental\Paper2\archive (10)\Mouth Ulcer\Mouth_Ulcer_0_6066.jpeg,Mouth_Ulcer_0_6066.jpeg,Mouth Ulcer,Training
E:\Dr. Atef Ismail\Khaled Dental\Paper2\archive (10)\Tooth Discoloration\Tooth_Discoloration_0_9574.jpeg,Tooth_Discoloration_0_9574.jpeg,Tooth Discoloration,Training
E:\Dr. Atef Ismail\Khaled Dental\Paper2\archive (10)\hypodontia\(103).JPG,(103).JPG,Hypodontia,Training
E:\Dr. Atef Ismail\Khaled Dental\Paper2\archive (10)\Gingivitis\(1543).jpg,(1543).jpg,Gingivitis,Training
E:\Dr. Atef Ismail\Khaled Dental\Paper2\archive (10)\Caries_Gingivitus\(21).jpg,(21).jpg,Caries-Gingivitis,Training
E:\Dr. Atef Ismail\Khaled Dental\Paper2\archive (10)\hypodontia\(1192).JPG,(1192).JPG,Hypodontia,Training
E:\Dr. Atef Ismail\Khaled Dental\Paper2\archive (10)\Calculus\(518).jpg,(518).jpg,Calculus,Training
E:\Dr. Atef Ismail\Khaled Dental\Paper2\archive (10)\Caries_Gingivitus\caries_0_5020.jpeg,caries_0_5020.jpeg,Caries-Gingivitis,Training
E:\Dr. Atef Ismail\Khaled Dental\Paper2\archive (10)\Gingivitis\(2233).jpg,(2233).jpg,Gingivitis,Training
E:\Dr. Atef Ismail\Khaled Dental\Paper2\archive (10)\hypodontia\(188).JPG,(188).JPG,Hypodontia,Training
E:\Dr. Atef Ismail\Khaled Dental\Paper2\archive (10)\Caries_Gingivitus\caries_0_4670.jpeg,caries_0_4670.jpeg,Caries-Gingivitis,Training
E:\Dr. Atef Ismail\Khaled Dental\Paper2\archive (10)\Tooth Discoloration\Tooth_Discoloration_0_4377.jpeg,Tooth_Discoloration_0_4377.jpeg,Tooth Discoloration,Training
E:\Dr. Atef Ismail\Khaled Dental\Paper2\archive (10)\Tooth Discoloration\Tooth_Discoloration_0_7132.jpeg,Tooth_Discoloration_0_7132.jpeg,Tooth Discoloration,Training
E:\Dr. Atef Ismail\Khaled Dental\Paper2\archive (10)\Calculus\(701).jpg,(701).jpg,Calculus,Training
E:\Dr. Atef Ismail\Khaled Dental\Paper2\archive (10)\hypodontia\(570).JPG,(570).JPG,Hypodontia,Training
E:\Dr. Atef Ismail\Khaled Dental\Paper2\archive (10)\Tooth Discoloration\Tooth_Discoloration_0_3075.jpeg,Tooth_Discoloration_0_3075.jpeg,Tooth Discoloration,Training
E:\Dr. Atef Ismail\Khaled Dental\Paper2\archive (10)\Gingivitis\(602).jpg,(602).jpg,Gingivitis,Training
E:\Dr. Atef Ismail\Khaled Dental\Paper2\archive (10)\Mouth Ulcer\Mouth_Ulcer_0_9657.jpeg,Mouth_Ulcer_0_9657.jpeg,Mouth Ulcer,Training
E:\Dr. Atef Ismail\Khaled Dental\Paper2\archive (10)\Caries_Gingivitus\386.jpg,386.jpg,Caries-Gingivitis,Training
E:\Dr. Atef Ismail\Khaled Dental\Paper2\archive (10)\hypodontia\(339).JPG,(339).JPG,Hypodontia,Training
E:\Dr. Atef Ismail\Khaled Dental\Paper2\archive (10)\Gingivitis\(2060).jpg,(2060).jpg,Gingivitis,Training
E:\Dr. Atef Ismail\Khaled Dental\Paper2\archive (10)\Mouth Ulcer\Mouth_Ulcer_0_81.jpeg,Mouth_Ulcer_0_81.jpeg,Mouth Ulcer,Training
E:\Dr. Atef Ismail\Khaled Dental\Paper2\archive (10)\hypodontia\(437).JPG,(437).JPG,Hypodontia,Training
E:\Dr. Atef Ismail\Khaled Dental\Paper2\archive (10)\Mouth Ulcer\Mouth_Ulcer_0_3540.jpeg,Mouth_Ulcer_0_3540.jpeg,Mouth Ulcer,Training
E:\Dr. Atef Ismail\Khaled Dental\Paper2\archive (10)\Tooth Discoloration\Tooth_Discoloration_0_8887.jpeg,Tooth_Discoloration_0_8887.jpeg,Tooth Discoloration,Training
E:\Dr. Atef Ismail\Khaled Dental\Paper2\archive (10)\Tooth Discoloration\Tooth_Discoloration_0_688.jpeg,Tooth_Discoloration_0_688.jpeg,Tooth Discoloration,Training
E:\Dr. Atef Ismail\Khaled Dental\Paper2\archive (10)\hypodontia\(910).JPG,(910).JPG,Hypodontia,Training
E:\Dr. Atef Ismail\Khaled Dental\Paper2\archive (10)\Mouth Ulcer\Mouth_Ulcer_0_3779.jpeg,Mouth_Ulcer_0_3779.jpeg,Mouth Ulcer,Training
E:\Dr. Atef Ismail\Khaled Dental\Paper2\archive (10)\Mouth Ulcer\Mouth_Ulcer_0_984.jpeg,Mouth_Ulcer_0_984.jpeg,Mouth Ulcer,Training
E:\Dr. Atef Ismail\Khaled Dental\Paper2\archive (10)\Calculus\(708).jpg,(708).jpg,Calculus,Training
E:\Dr. Atef Ismail\Khaled Dental\Paper2\archive (10)\hypodontia\(782).jpg,(782).jpg,Hypodontia,Training
E:\Dr. Atef Ismail\Khaled Dental\Paper2\archive (10)\Mouth Ulcer\Mouth_Ulcer_0_3910.jpeg,Mouth_Ulcer_0_3910.jpeg,Mouth Ulcer,Training
E:\Dr. Atef Ismail\Khaled Dental\Paper2\archive (10)\Tooth Discoloration\Tooth_Discoloration_0_7355.jpeg,Tooth_Discoloration_0_7355.jpeg,Tooth Discoloration,Training
E:\Dr. Atef Ismail\Khaled Dental\Paper2\archive (10)\Gingivitis\(1504).jpg,(1504).jpg,Gingivitis,Training
E:\Dr. Atef Ismail\Khaled Dental\Paper2\archive (10)\Mouth Ulcer\Mouth_Ulcer_0_1140.jpeg,Mouth_Ulcer_0_1140.jpeg,Mouth Ulcer,Training
E:\Dr. Atef Ismail\Khaled Dental\Paper2\archive (10)\Caries_Gingivitus\caries_0_4472.jpeg,caries_0_4472.jpeg,Caries-Gingivitis,Training
E:\Dr. Atef Ismail\Khaled Dental\Paper2\archive (10)\Mouth Ulcer\Mouth_Ulcer_0_2869.jpeg,Mouth_Ulcer_0_2869.jpeg,Mouth Ulcer,Training
E:\Dr. Atef Ismail\Khaled Dental\Paper2\archive (10)\hypodontia\(967).jpg,(967).jpg,Hypodontia,Training
E:\Dr. Atef Ismail\Khaled Dental\Paper2\archive (10)\Gingivitis\(1838).jpg,(1838).jpg,Gingivitis,Training
E:\Dr. Atef Ismail\Khaled Dental\Paper2\archive (10)\Mouth Ulcer\Mouth_Ulcer_0_1614.jpeg,Mouth_Ulcer_0_1614.jpeg,Mouth Ulcer,Training
E:\Dr. Atef Ismail\Khaled Dental\Paper2\archive (10)\Caries_Gingivitus\caries_0_210.jpeg,caries_0_210.jpeg,Caries-Gingivitis,Training
E:\Dr. Atef Ismail\Khaled Dental\Paper2\archive (10)\Caries_Gingivitus\400.jpg,400.jpg,Caries-Gingivitis,Training
E:\Dr. Atef Ismail\Khaled Dental\Paper2\archive (10)\Tooth Discoloration\Tooth_Discoloration_0_664.jpeg,Tooth_Discoloration_0_664.jpeg,Tooth Discoloration,Training
E:\Dr. Atef Ismail\Khaled Dental\Paper2\archive (10)\hypodontia\(884).JPG,(884).JPG,Hypodontia,Training
E:\Dr. Atef Ismail\Khaled Dental\Paper2\archive (10)\Gingivitis\(1247).jpg,(1247).jpg,Gingivitis,Training
E:\Dr. Atef Ismail\Khaled Dental\Paper2\archive (10)\Gingivitis\(100).jpg,(100).jpg,Gingivitis,Training
E:\Dr. Atef Ismail\Khaled Dental\Paper2\archive (10)\Gingivitis\(2189).jpg,(2189).jpg,Gingivitis,Training
E:\Dr. Atef Ismail\Khaled Dental\Paper2\archive (10)\Gingivitis\(565).jpg,(565).jpg,Gingivitis,Training
E:\Dr. Atef Ismail\Khaled Dental\Paper2\archive (10)\Mouth Ulcer\Mouth_Ulcer_0_5407.jpeg,Mouth_Ulcer_0_5407.jpeg,Mouth Ulcer,Training
E:\Dr. Atef Ismail\Khaled Dental\Paper2\archive (10)\Gingivitis\(1686).jpg,(1686).jpg,Gingivitis,Training
E:\Dr. Atef Ismail\Khaled Dental\Paper2\archive (10)\Gingivitis\(2325).jpg,(2325).jpg,Gingivitis,Training
E:\Dr. Atef Ismail\Khaled Dental\Paper2\archive (10)\Tooth Discoloration\Tooth_Discoloration_0_3349.jpeg,Tooth_Discoloration_0_3349.jpeg,Tooth Discoloration,Training
E:\Dr. Atef Ismail\Khaled Dental\Paper2\archive (10)\Mouth Ulcer\Mouth_Ulcer_0_7936.jpeg,Mouth_Ulcer_0_7936.jpeg,Mouth Ulcer,Training
E:\Dr. Atef Ismail\Khaled Dental\Paper2\archive (10)\Caries_Gingivitus\548.jpg,548.jpg,Caries-Gingivitis,Training
E:\Dr. Atef Ismail\Khaled Dental\Paper2\archive (10)\Tooth Discoloration\Tooth_Discoloration_0_2593.jpeg,Tooth_Discoloration_0_2593.jpeg,Tooth Discoloration,Training
E:\Dr. Atef Ismail\Khaled Dental\Paper2\archive (10)\Gingivitis\(1325).jpg,(1325).jpg,Gingivitis,Training
E:\Dr. Atef Ismail\Khaled Dental\Paper2\archive (10)\Caries_Gingivitus\caries_0_4995.jpeg,caries_0_4995.jpeg,Caries-Gingivitis,Training
E:\Dr. Atef Ismail\Khaled Dental\Paper2\archive (10)\Mouth Ulcer\Mouth_Ulcer_0_3737.jpeg,Mouth_Ulcer_0_3737.jpeg,Mouth Ulcer,Training
E:\Dr. Atef Ismail\Khaled Dental\Paper2\archive (10)\Tooth Discoloration\Tooth_Discoloration_0_3790.jpeg,Tooth_Discoloration_0_3790.jpeg,Tooth Discoloration,Training
E:\Dr. Atef Ismail\Khaled Dental\Paper2\archive (10)\Tooth Discoloration\Tooth_Discoloration_0_1297.jpeg,Tooth_Discoloration_0_1297.jpeg,Tooth Discoloration,Training
E:\Dr. Atef Ismail\Khaled Dental\Paper2\archive (10)\Mouth Ulcer\Mouth_Ulcer_0_6473.jpeg,Mouth_Ulcer_0_6473.jpeg,Mouth Ulcer,Training
E:\Dr. Atef Ismail\Khaled Dental\Paper2\archive (10)\Caries_Gingivitus\185.jpg,185.jpg,Caries-Gingivitis,Training
E:\Dr. Atef Ismail\Khaled Dental\Paper2\archive (10)\Mouth Ulcer\Mouth_Ulcer_0_9893.jpeg,Mouth_Ulcer_0_9893.jpeg,Mouth Ulcer,Training
E:\Dr. Atef Ismail\Khaled Dental\Paper2\archive (10)\Mouth Ulcer\Mouth_Ulcer_0_7533.jpeg,Mouth_Ulcer_0_7533.jpeg,Mouth Ulcer,Training
E:\Dr. Atef Ismail\Khaled Dental\Paper2\archive (10)\Gingivitis\(1179).jpg,(1179).jpg,Gingivitis,Training
E:\Dr. Atef Ismail\Khaled Dental\Paper2\archive (10)\hypodontia\(121).jpg,(121).jpg,Hypodontia,Training
E:\Dr. Atef Ismail\Khaled Dental\Paper2\archive (10)\Tooth Discoloration\Tooth_Discoloration_0_4320.jpeg,Tooth_Discoloration_0_4320.jpeg,Tooth Discoloration,Training
E:\Dr. Atef Ismail\Khaled Dental\Paper2\archive (10)\Gingivitis\(185).jpg,(185).jpg,Gingivitis,Training
E:\Dr. Atef Ismail\Khaled Dental\Paper2\archive (10)\Calculus\(337).jpg,(337).jpg,Calculus,Training
E:\Dr. Atef Ismail\Khaled Dental\Paper2\archive (10)\Calculus\(1217).jpg,(1217).jpg,Calculus,Training
E:\Dr. Atef Ismail\Khaled Dental\Paper2\archive (10)\Gingivitis\(1186).jpg,(1186).jpg,Gingivitis,Training
E:\Dr. Atef Ismail\Khaled Dental\Paper2\archive (10)\Gingivitis\(1688).jpg,(1688).jpg,Gingivitis,Training
E:\Dr. Atef Ismail\Khaled Dental\Paper2\archive (10)\Mouth Ulcer\Mouth_Ulcer_0_936.jpeg,Mouth_Ulcer_0_936.jpeg,Mouth Ulcer,Training
E:\Dr. Atef Ismail\Khaled Dental\Paper2\archive (10)\Mouth Ulcer\Mouth_Ulcer_0_3291.jpeg,Mouth_Ulcer_0_3291.jpeg,Mouth Ulcer,Training
E:\Dr. Atef Ismail\Khaled Dental\Paper2\archive (10)\Gingivitis\(1929).jpg,(1929).jpg,Gingivitis,Training
E:\Dr. Atef Ismail\Khaled Dental\Paper2\archive (10)\Mouth Ulcer\Mouth_Ulcer_0_3428.jpeg,Mouth_Ulcer_0_3428.jpeg,Mouth Ulcer,Training
E:\Dr. Atef Ismail\Khaled Dental\Paper2\archive (10)\Caries_Gingivitus\caries_0_153.jpeg,caries_0_153.jpeg,Caries-Gingivitis,Training
E:\Dr. Atef Ismail\Khaled Dental\Paper2\archive (10)\hypodontia\(1164).JPG,(1164).JPG,Hypodontia,Training
E:\Dr. Atef Ismail\Khaled Dental\Paper2\archive (10)\Mouth Ulcer\Mouth_Ulcer_0_6354.jpeg,Mouth_Ulcer_0_6354.jpeg,Mouth Ulcer,Training
E:\Dr. Atef Ismail\Khaled Dental\Paper2\archive (10)\Gingivitis\(169).jpg,(169).jpg,Gingivitis,Training
E:\Dr. Atef Ismail\Khaled Dental\Paper2\archive (10)\Caries_Gingivitus\caries_0_4621.jpeg,caries_0_4621.jpeg,Caries-Gingivitis,Training
E:\Dr. Atef Ismail\Khaled Dental\Paper2\archive (10)\Gingivitis\(1716).jpg,(1716).jpg,Gingivitis,Training
E:\Dr. Atef Ismail\Khaled Dental\Paper2\archive (10)\Gingivitis\(1200).jpg,(1200).jpg,Gingivitis,Training
E:\Dr. Atef Ismail\Khaled Dental\Paper2\archive (10)\Tooth Discoloration\Tooth_Discoloration_0_1727.jpeg,Tooth_Discoloration_0_1727.jpeg,Tooth Discoloration,Training
E:\Dr. Atef Ismail\Khaled Dental\Paper2\archive (10)\Mouth Ulcer\Mouth_Ulcer_0_8548.jpeg,Mouth_Ulcer_0_8548.jpeg,Mouth Ulcer,Training
E:\Dr. Atef Ismail\Khaled Dental\Paper2\archive (10)\Mouth Ulcer\Mouth_Ulcer_0_2510.jpeg,Mouth_Ulcer_0_2510.jpeg,Mouth Ulcer,Training
E:\Dr. Atef Ismail\Khaled Dental\Paper2\archive (10)\Mouth Ulcer\Mouth_Ulcer_0_6139.jpeg,Mouth_Ulcer_0_6139.jpeg,Mouth Ulcer,Training
E:\Dr. Atef Ismail\Khaled Dental\Paper2\archive (10)\Mouth Ulcer\Mouth_Ulcer_0_1805.jpeg,Mouth_Ulcer_0_1805.jpeg,Mouth Ulcer,Training
E:\Dr. Atef Ismail\Khaled Dental\Paper2\archive (10)\Gingivitis\(639).jpg,(639).jpg,Gingivitis,Training
E:\Dr. Atef Ismail\Khaled Dental\Paper2\archive (10)\Tooth Discoloration\Tooth_Discoloration_0_4624.jpeg,Tooth_Discoloration_0_4624.jpeg,Tooth Discoloration,Training
E:\Dr. Atef Ismail\Khaled Dental\Paper2\archive (10)\Mouth Ulcer\Mouth_Ulcer_0_3598.jpeg,Mouth_Ulcer_0_3598.jpeg,Mouth Ulcer,Training
E:\Dr. Atef Ismail\Khaled Dental\Paper2\archive (10)\Caries_Gingivitus\97.jpg,97.jpg,Caries-Gingivitis,Training
E:\Dr. Atef Ismail\Khaled Dental\Paper2\archive (10)\Gingivitis\(117).jpg,(117).jpg,Gingivitis,Training
E:\Dr. Atef Ismail\Khaled Dental\Paper2\archive (10)\Gingivitis\(9).jpg,(9).jpg,Gingivitis,Training
E:\Dr. Atef Ismail\Khaled Dental\Paper2\archive (10)\Calculus\(1251).jpg,(1251).jpg,Calculus,Training
E:\Dr. Atef Ismail\Khaled Dental\Paper2\archive (10)\Gingivitis\(224).jpg,(224).jpg,Gingivitis,Training
E:\Dr. Atef Ismail\Khaled Dental\Paper2\archive (10)\Tooth Discoloration\Tooth_Discoloration_0_8486.jpeg,Tooth_Discoloration_0_8486.jpeg,Tooth Discoloration,Training
E:\Dr. Atef Ismail\Khaled Dental\Paper2\archive (10)\Calculus\(159).jpg,(159).jpg,Calculus,Training
E:\Dr. Atef Ismail\Khaled Dental\Paper2\archive (10)\Gingivitis\(829).jpg,(829).jpg,Gingivitis,Training
E:\Dr. Atef Ismail\Khaled Dental\Paper2\archive (10)\Calculus\(170).jpg,(170).jpg,Calculus,Training
E:\Dr. Atef Ismail\Khaled Dental\Paper2\archive (10)\Tooth Discoloration\Tooth_Discoloration_0_1070.jpeg,Tooth_Discoloration_0_1070.jpeg,Tooth Discoloration,Training
E:\Dr. Atef Ismail\Khaled Dental\Paper2\archive (10)\Tooth Discoloration\Tooth_Discoloration_0_4946.jpeg,Tooth_Discoloration_0_4946.jpeg,Tooth Discoloration,Training
E:\Dr. Atef Ismail\Khaled Dental\Paper2\archive (10)\Gingivitis\(39).jpg,(39).jpg,Gingivitis,Training
E:\Dr. Atef Ismail\Khaled Dental\Paper2\archive (10)\Mouth Ulcer\Mouth_Ulcer_0_8816.jpeg,Mouth_Ulcer_0_8816.jpeg,Mouth Ulcer,Training
E:\Dr. Atef Ismail\Khaled Dental\Paper2\archive (10)\Calculus\(1030).jpg,(1030).jpg,Calculus,Training
E:\Dr. Atef Ismail\Khaled Dental\Paper2\archive (10)\Caries_Gingivitus\(189).jpg,(189).jpg,Caries-Gingivitis,Training
E:\Dr. Atef Ismail\Khaled Dental\Paper2\archive (10)\Mouth Ulcer\Mouth_Ulcer_0_8604.jpeg,Mouth_Ulcer_0_8604.jpeg,Mouth Ulcer,Training
E:\Dr. Atef Ismail\Khaled Dental\Paper2\archive (10)\Gingivitis\(1277).jpg,(1277).jpg,Gingivitis,Training
E:\Dr. Atef Ismail\Khaled Dental\Paper2\archive (10)\Tooth Discoloration\Tooth_Discoloration_0_6171.jpeg,Tooth_Discoloration_0_6171.jpeg,Tooth Discoloration,Training
E:\Dr. Atef Ismail\Khaled Dental\Paper2\archive (10)\hypodontia\(800).jpg,(800).jpg,Hypodontia,Training
E:\Dr. Atef Ismail\Khaled Dental\Paper2\archive (10)\Calculus\(527).jpg,(527).jpg,Calculus,Training
E:\Dr. Atef Ismail\Khaled Dental\Paper2\archive (10)\hypodontia\(544).jpg,(544).jpg,Hypodontia,Training
E:\Dr. Atef Ismail\Khaled Dental\Paper2\archive (10)\Caries_Gingivitus\342.jpg,342.jpg,Caries-Gingivitis,Training
E:\Dr. Atef Ismail\Khaled Dental\Paper2\archive (10)\hypodontia\(593).JPG,(593).JPG,Hypodontia,Training
E:\Dr. Atef Ismail\Khaled Dental\Paper2\archive (10)\Caries_Gingivitus\(211).jpg,(211).jpg,Caries-Gingivitis,Training
E:\Dr. Atef Ismail\Khaled Dental\Paper2\archive (10)\Tooth Discoloration\Tooth_Discoloration_0_9328.jpeg,Tooth_Discoloration_0_9328.jpeg,Tooth Discoloration,Training
E:\Dr. Atef Ismail\Khaled Dental\Paper2\archive (10)\Caries_Gingivitus\(129).jpg,(129).jpg,Caries-Gingivitis,Training
E:\Dr. Atef Ismail\Khaled Dental\Paper2\archive (10)\Gingivitis\(2126).jpg,(2126).jpg,Gingivitis,Training
E:\Dr. Atef Ismail\Khaled Dental\Paper2\archive (10)\Tooth Discoloration\Tooth_Discoloration_0_3001.jpeg,Tooth_Discoloration_0_3001.jpeg,Tooth Discoloration,Training
E:\Dr. Atef Ismail\Khaled Dental\Paper2\archive (10)\Caries_Gingivitus\caries_0_4853.jpeg,caries_0_4853.jpeg,Caries-Gingivitis,Training
E:\Dr. Atef Ismail\Khaled Dental\Paper2\archive (10)\Caries_Gingivitus\179.jpg,179.jpg,Caries-Gingivitis,Training
E:\Dr. Atef Ismail\Khaled Dental\Paper2\archive (10)\Gingivitis\(1906).jpg,(1906).jpg,Gingivitis,Training
E:\Dr. Atef Ismail\Khaled Dental\Paper2\archive (10)\Calculus\(389).jpg,(389).jpg,Calculus,Training
E:\Dr. Atef Ismail\Khaled Dental\Paper2\archive (10)\hypodontia\(1226).JPG,(1226).JPG,Hypodontia,Training
E:\Dr. Atef Ismail\Khaled Dental\Paper2\archive (10)\hypodontia\(516).JPG,(516).JPG,Hypodontia,Training
E:\Dr. Atef Ismail\Khaled Dental\Paper2\archive (10)\Caries_Gingivitus\266.jpg,266.jpg,Caries-Gingivitis,Training
E:\Dr. Atef Ismail\Khaled Dental\Paper2\archive (10)\Mouth Ulcer\Mouth_Ulcer_0_7912.jpeg,Mouth_Ulcer_0_7912.jpeg,Mouth Ulcer,Training
E:\Dr. Atef Ismail\Khaled Dental\Paper2\archive (10)\Gingivitis\(1189).jpg,(1189).jpg,Gingivitis,Training
E:\Dr. Atef Ismail\Khaled Dental\Paper2\archive (10)\Gingivitis\(667).jpg,(667).jpg,Gingivitis,Training
E:\Dr. Atef Ismail\Khaled Dental\Paper2\archive (10)\Tooth Discoloration\Tooth_Discoloration_0_7477.jpeg,Tooth_Discoloration_0_7477.jpeg,Tooth Discoloration,Training
E:\Dr. Atef Ismail\Khaled Dental\Paper2\archive (10)\Gingivitis\(103).jpg,(103).jpg,Gingivitis,Training
E:\Dr. Atef Ismail\Khaled Dental\Paper2\archive (10)\Tooth Discoloration\Tooth_Discoloration_0_1495.jpeg,Tooth_Discoloration_0_1495.jpeg,Tooth Discoloration,Training
E:\Dr. Atef Ismail\Khaled Dental\Paper2\archive (10)\Gingivitis\(566).jpg,(566).jpg,Gingivitis,Training
E:\Dr. Atef Ismail\Khaled Dental\Paper2\archive (10)\hypodontia\(649).JPG,(649).JPG,Hypodontia,Training
E:\Dr. Atef Ismail\Khaled Dental\Paper2\archive (10)\Caries_Gingivitus\(125).jpg,(125).jpg,Caries-Gingivitis,Training
E:\Dr. Atef Ismail\Khaled Dental\Paper2\archive (10)\Gingivitis\(972).jpg,(972).jpg,Gingivitis,Training
E:\Dr. Atef Ismail\Khaled Dental\Paper2\archive (10)\Calculus\(31).jpg,(31).jpg,Calculus,Training
E:\Dr. Atef Ismail\Khaled Dental\Paper2\archive (10)\Mouth Ulcer\Mouth_Ulcer_0_7945.jpeg,Mouth_Ulcer_0_7945.jpeg,Mouth Ulcer,Training
E:\Dr. Atef Ismail\Khaled Dental\Paper2\archive (10)\Calculus\(819).jpg,(819).jpg,Calculus,Training
E:\Dr. Atef Ismail\Khaled Dental\Paper2\archive (10)\Mouth Ulcer\Mouth_Ulcer_0_1458.jpeg,Mouth_Ulcer_0_1458.jpeg,Mouth Ulcer,Training
E:\Dr. Atef Ismail\Khaled Dental\Paper2\archive (10)\Gingivitis\(1392).jpg,(1392).jpg,Gingivitis,Training
E:\Dr. Atef Ismail\Khaled Dental\Paper2\archive (10)\Gingivitis\(1372).jpg,(1372).jpg,Gingivitis,Training
E:\Dr. Atef Ismail\Khaled Dental\Paper2\archive (10)\hypodontia\(374).JPG,(374).JPG,Hypodontia,Training
E:\Dr. Atef Ismail\Khaled Dental\Paper2\archive (10)\Calculus\(1121).jpg,(1121).jpg,Calculus,Training
E:\Dr. Atef Ismail\Khaled Dental\Paper2\archive (10)\Tooth Discoloration\Tooth_Discoloration_0_7150.jpeg,Tooth_Discoloration_0_7150.jpeg,Tooth Discoloration,Training
E:\Dr. Atef Ismail\Khaled Dental\Paper2\archive (10)\Tooth Discoloration\Tooth_Discoloration_0_7980.jpeg,Tooth_Discoloration_0_7980.jpeg,Tooth Discoloration,Training
E:\Dr. Atef Ismail\Khaled Dental\Paper2\archive (10)\hypodontia\(538).jpg,(538).jpg,Hypodontia,Training
E:\Dr. Atef Ismail\Khaled Dental\Paper2\archive (10)\hypodontia\(572).JPG,(572).JPG,Hypodontia,Training
E:\Dr. Atef Ismail\Khaled Dental\Paper2\archive (10)\Gingivitis\(487).jpg,(487).jpg,Gingivitis,Training
E:\Dr. Atef Ismail\Khaled Dental\Paper2\archive (10)\Mouth Ulcer\Mouth_Ulcer_0_9540.jpeg,Mouth_Ulcer_0_9540.jpeg,Mouth Ulcer,Training
E:\Dr. Atef Ismail\Khaled Dental\Paper2\archive (10)\Mouth Ulcer\Mouth_Ulcer_0_4769.jpeg,Mouth_Ulcer_0_4769.jpeg,Mouth Ulcer,Training
E:\Dr. Atef Ismail\Khaled Dental\Paper2\archive (10)\Mouth Ulcer\Mouth_Ulcer_0_8961.jpeg,Mouth_Ulcer_0_8961.jpeg,Mouth Ulcer,Training
E:\Dr. Atef Ismail\Khaled Dental\Paper2\archive (10)\hypodontia\(416).JPG,(416).JPG,Hypodontia,Training
E:\Dr. Atef Ismail\Khaled Dental\Paper2\archive (10)\hypodontia\(155).JPG,(155).JPG,Hypodontia,Training
E:\Dr. Atef Ismail\Khaled Dental\Paper2\archive (10)\Gingivitis\(1774).jpg,(1774).jpg,Gingivitis,Training
E:\Dr. Atef Ismail\Khaled Dental\Paper2\archive (10)\Calculus\(1078).jpg,(1078).jpg,Calculus,Training
E:\Dr. Atef Ismail\Khaled Dental\Paper2\archive (10)\Calculus\(92).jpg,(92).jpg,Calculus,Training
E:\Dr. Atef Ismail\Khaled Dental\Paper2\archive (10)\hypodontia\(584).JPG,(584).JPG,Hypodontia,Training
E:\Dr. Atef Ismail\Khaled Dental\Paper2\archive (10)\Mouth Ulcer\Mouth_Ulcer_0_5167.jpeg,Mouth_Ulcer_0_5167.jpeg,Mouth Ulcer,Training
E:\Dr. Atef Ismail\Khaled Dental\Paper2\archive (10)\Mouth Ulcer\Mouth_Ulcer_0_4159.jpeg,Mouth_Ulcer_0_4159.jpeg,Mouth Ulcer,Training
E:\Dr. Atef Ismail\Khaled Dental\Paper2\archive (10)\Mouth Ulcer\Mouth_Ulcer_0_5413.jpeg,Mouth_Ulcer_0_5413.jpeg,Mouth Ulcer,Training
E:\Dr. Atef Ismail\Khaled Dental\Paper2\archive (10)\Tooth Discoloration\Tooth_Discoloration_0_4857.jpeg,Tooth_Discoloration_0_4857.jpeg,Tooth Discoloration,Training
E:\Dr. Atef Ismail\Khaled Dental\Paper2\archive (10)\Gingivitis\(909).jpg,(909).jpg,Gingivitis,Training
E:\Dr. Atef Ismail\Khaled Dental\Paper2\archive (10)\hypodontia\(82).JPG,(82).JPG,Hypodontia,Training
E:\Dr. Atef Ismail\Khaled Dental\Paper2\archive (10)\hypodontia\(66).JPG,(66).JPG,Hypodontia,Training
E:\Dr. Atef Ismail\Khaled Dental\Paper2\archive (10)\Mouth Ulcer\Mouth_Ulcer_0_4367.jpeg,Mouth_Ulcer_0_4367.jpeg,Mouth Ulcer,Training
E:\Dr. Atef Ismail\Khaled Dental\Paper2\archive (10)\Caries_Gingivitus\caries_0_4786.jpeg,caries_0_4786.jpeg,Caries-Gingivitis,Training
E:\Dr. Atef Ismail\Khaled Dental\Paper2\archive (10)\Calculus\(761).jpg,(761).jpg,Calculus,Training
E:\Dr. Atef Ismail\Khaled Dental\Paper2\archive (10)\Tooth Discoloration\Tooth_Discoloration_0_3698.jpeg,Tooth_Discoloration_0_3698.jpeg,Tooth Discoloration,Training
E:\Dr. Atef Ismail\Khaled Dental\Paper2\archive (10)\Gingivitis\(250).jpg,(250).jpg,Gingivitis,Training
E:\Dr. Atef Ismail\Khaled Dental\Paper2\archive (10)\Caries_Gingivitus\caries_0_304.jpeg,caries_0_304.jpeg,Caries-Gingivitis,Training
E:\Dr. Atef Ismail\Khaled Dental\Paper2\archive (10)\Gingivitis\(1261).jpg,(1261).jpg,Gingivitis,Training
E:\Dr. Atef Ismail\Khaled Dental\Paper2\archive (10)\Calculus\(539).jpg,(539).jpg,Calculus,Training
E:\Dr. Atef Ismail\Khaled Dental\Paper2\archive (10)\Gingivitis\(1455).jpg,(1455).jpg,Gingivitis,Training
E:\Dr. Atef Ismail\Khaled Dental\Paper2\archive (10)\Calculus\(742).jpg,(742).jpg,Calculus,Training
E:\Dr. Atef Ismail\Khaled Dental\Paper2\archive (10)\Gingivitis\(304).jpg,(304).jpg,Gingivitis,Training
E:\Dr. Atef Ismail\Khaled Dental\Paper2\archive (10)\hypodontia\(794).JPG,(794).JPG,Hypodontia,Training
E:\Dr. Atef Ismail\Khaled Dental\Paper2\archive (10)\Mouth Ulcer\Mouth_Ulcer_0_9900.jpeg,Mouth_Ulcer_0_9900.jpeg,Mouth Ulcer,Training
E:\Dr. Atef Ismail\Khaled Dental\Paper2\archive (10)\Tooth Discoloration\Tooth_Discoloration_0_5465.jpeg,Tooth_Discoloration_0_5465.jpeg,Tooth Discoloration,Training
E:\Dr. Atef Ismail\Khaled Dental\Paper2\archive (10)\Mouth Ulcer\Mouth_Ulcer_0_4106.jpeg,Mouth_Ulcer_0_4106.jpeg,Mouth Ulcer,Training
E:\Dr. Atef Ismail\Khaled Dental\Paper2\archive (10)\Caries_Gingivitus\caries_0_213.jpeg,caries_0_213.jpeg,Caries-Gingivitis,Training
E:\Dr. Atef Ismail\Khaled Dental\Paper2\archive (10)\hypodontia\(742).JPG,(742).JPG,Hypodontia,Training
E:\Dr. Atef Ismail\Khaled Dental\Paper2\archive (10)\Calculus\(497).jpg,(497).jpg,Calculus,Training
E:\Dr. Atef Ismail\Khaled Dental\Paper2\archive (10)\Mouth Ulcer\Mouth_Ulcer_0_9764.jpeg,Mouth_Ulcer_0_9764.jpeg,Mouth Ulcer,Training
E:\Dr. Atef Ismail\Khaled Dental\Paper2\archive (10)\Caries_Gingivitus\468.jpg,468.jpg,Caries-Gingivitis,Training
E:\Dr. Atef Ismail\Khaled Dental\Paper2\archive (10)\Tooth Discoloration\Tooth_Discoloration_0_2770.jpeg,Tooth_Discoloration_0_2770.jpeg,Tooth Discoloration,Training
E:\Dr. Atef Ismail\Khaled Dental\Paper2\archive (10)\Gingivitis\(449).jpg,(449).jpg,Gingivitis,Training
E:\Dr. Atef Ismail\Khaled Dental\Paper2\archive (10)\Tooth Discoloration\Tooth_Discoloration_0_1387.jpeg,Tooth_Discoloration_0_1387.jpeg,Tooth Discoloration,Training
E:\Dr. Atef Ismail\Khaled Dental\Paper2\archive (10)\Gingivitis\(130).jpg,(130).jpg,Gingivitis,Training
E:\Dr. Atef Ismail\Khaled Dental\Paper2\archive (10)\Calculus\(1009).jpg,(1009).jpg,Calculus,Training
E:\Dr. Atef Ismail\Khaled Dental\Paper2\archive (10)\Mouth Ulcer\Mouth_Ulcer_0_9514.jpeg,Mouth_Ulcer_0_9514.jpeg,Mouth Ulcer,Training
E:\Dr. Atef Ismail\Khaled Dental\Paper2\archive (10)\Gingivitis\(1452).jpg,(1452).jpg,Gingivitis,Training
E:\Dr. Atef Ismail\Khaled Dental\Paper2\archive (10)\Mouth Ulcer\Mouth_Ulcer_0_6566.jpeg,Mouth_Ulcer_0_6566.jpeg,Mouth Ulcer,Training
E:\Dr. Atef Ismail\Khaled Dental\Paper2\archive (10)\Calculus\(955).jpg,(955).jpg,Calculus,Training
E:\Dr. Atef Ismail\Khaled Dental\Paper2\archive (10)\Mouth Ulcer\Mouth_Ulcer_0_2942.jpeg,Mouth_Ulcer_0_2942.jpeg,Mouth Ulcer,Training
E:\Dr. Atef Ismail\Khaled Dental\Paper2\archive (10)\Tooth Discoloration\Tooth_Discoloration_0_9708.jpeg,Tooth_Discoloration_0_9708.jpeg,Tooth Discoloration,Training
E:\Dr. Atef Ismail\Khaled Dental\Paper2\archive (10)\Caries_Gingivitus\caries_0_631.jpeg,caries_0_631.jpeg,Caries-Gingivitis,Training
E:\Dr. Atef Ismail\Khaled Dental\Paper2\archive (10)\Mouth Ulcer\Mouth_Ulcer_0_1822.jpeg,Mouth_Ulcer_0_1822.jpeg,Mouth Ulcer,Training
E:\Dr. Atef Ismail\Khaled Dental\Paper2\archive (10)\Tooth Discoloration\Tooth_Discoloration_0_4366.jpeg,Tooth_Discoloration_0_4366.jpeg,Tooth Discoloration,Training
E:\Dr. Atef Ismail\Khaled Dental\Paper2\archive (10)\Mouth Ulcer\Mouth_Ulcer_0_1.jpeg,Mouth_Ulcer_0_1.jpeg,Mouth Ulcer,Training
E:\Dr. Atef Ismail\Khaled Dental\Paper2\archive (10)\Mouth Ulcer\Mouth_Ulcer_0_3211.jpeg,Mouth_Ulcer_0_3211.jpeg,Mouth Ulcer,Training
E:\Dr. Atef Ismail\Khaled Dental\Paper2\archive (10)\Calculus\(1216).jpg,(1216).jpg,Calculus,Training
E:\Dr. Atef Ismail\Khaled Dental\Paper2\archive (10)\Mouth Ulcer\Mouth_Ulcer_0_7862.jpeg,Mouth_Ulcer_0_7862.jpeg,Mouth Ulcer,Training
E:\Dr. Atef Ismail\Khaled Dental\Paper2\archive (10)\Gingivitis\(1056).jpg,(1056).jpg,Gingivitis,Training
E:\Dr. Atef Ismail\Khaled Dental\Paper2\archive (10)\Calculus\(1209).jpg,(1209).jpg,Calculus,Training
E:\Dr. Atef Ismail\Khaled Dental\Paper2\archive (10)\Gingivitis\(1495).jpg,(1495).jpg,Gingivitis,Training
E:\Dr. Atef Ismail\Khaled Dental\Paper2\archive (10)\Gingivitis\(1040).jpg,(1040).jpg,Gingivitis,Training
E:\Dr. Atef Ismail\Khaled Dental\Paper2\archive (10)\Caries_Gingivitus\264.jpg,264.jpg,Caries-Gingivitis,Training
E:\Dr. Atef Ismail\Khaled Dental\Paper2\archive (10)\Caries_Gingivitus\caries_0_516.jpeg,caries_0_516.jpeg,Caries-Gingivitis,Training
E:\Dr. Atef Ismail\Khaled Dental\Paper2\archive (10)\Caries_Gingivitus\caries_0_3916.jpeg,caries_0_3916.jpeg,Caries-Gingivitis,Training
E:\Dr. Atef Ismail\Khaled Dental\Paper2\archive (10)\Gingivitis\(1693).jpg,(1693).jpg,Gingivitis,Training
E:\Dr. Atef Ismail\Khaled Dental\Paper2\archive (10)\Mouth Ulcer\Mouth_Ulcer_0_1925.jpeg,Mouth_Ulcer_0_1925.jpeg,Mouth Ulcer,Training
E:\Dr. Atef Ismail\Khaled Dental\Paper2\archive (10)\Gingivitis\(991).jpg,(991).jpg,Gingivitis,Training
E:\Dr. Atef Ismail\Khaled Dental\Paper2\archive (10)\Calculus\(885).jpg,(885).jpg,Calculus,Training
E:\Dr. Atef Ismail\Khaled Dental\Paper2\archive (10)\Gingivitis\(696).jpg,(696).jpg,Gingivitis,Training
E:\Dr. Atef Ismail\Khaled Dental\Paper2\archive (10)\Mouth Ulcer\Mouth_Ulcer_0_7123.jpeg,Mouth_Ulcer_0_7123.jpeg,Mouth Ulcer,Training
E:\Dr. Atef Ismail\Khaled Dental\Paper2\archive (10)\Calculus\(1267).jpg,(1267).jpg,Calculus,Training
E:\Dr. Atef Ismail\Khaled Dental\Paper2\archive (10)\Caries_Gingivitus\485.jpg,485.jpg,Caries-Gingivitis,Training
E:\Dr. Atef Ismail\Khaled Dental\Paper2\archive (10)\Mouth Ulcer\Mouth_Ulcer_0_3408.jpeg,Mouth_Ulcer_0_3408.jpeg,Mouth Ulcer,Training
E:\Dr. Atef Ismail\Khaled Dental\Paper2\archive (10)\Mouth Ulcer\Mouth_Ulcer_0_845.jpeg,Mouth_Ulcer_0_845.jpeg,Mouth Ulcer,Training
E:\Dr. Atef Ismail\Khaled Dental\Paper2\archive (10)\hypodontia\(1104).JPG,(1104).JPG,Hypodontia,Training
E:\Dr. Atef Ismail\Khaled Dental\Paper2\archive (10)\hypodontia\(298).JPG,(298).JPG,Hypodontia,Training
E:\Dr. Atef Ismail\Khaled Dental\Paper2\archive (10)\Mouth Ulcer\Mouth_Ulcer_0_419.jpeg,Mouth_Ulcer_0_419.jpeg,Mouth Ulcer,Training
E:\Dr. Atef Ismail\Khaled Dental\Paper2\archive (10)\Caries_Gingivitus\374.jpg,374.jpg,Caries-Gingivitis,Training
E:\Dr. Atef Ismail\Khaled Dental\Paper2\archive (10)\Mouth Ulcer\Mouth_Ulcer_0_3445.jpeg,Mouth_Ulcer_0_3445.jpeg,Mouth Ulcer,Training
E:\Dr. Atef Ismail\Khaled Dental\Paper2\archive (10)\Calculus\(1141).jpg,(1141).jpg,Calculus,Training
E:\Dr. Atef Ismail\Khaled Dental\Paper2\archive (10)\Gingivitis\(601).jpg,(601).jpg,Gingivitis,Training
E:\Dr. Atef Ismail\Khaled Dental\Paper2\archive (10)\Caries_Gingivitus\caries_0_4086.jpeg,caries_0_4086.jpeg,Caries-Gingivitis,Training
E:\Dr. Atef Ismail\Khaled Dental\Paper2\archive (10)\Calculus\(1290).jpg,(1290).jpg,Calculus,Training
E:\Dr. Atef Ismail\Khaled Dental\Paper2\archive (10)\Gingivitis\(584).jpg,(584).jpg,Gingivitis,Training
E:\Dr. Atef Ismail\Khaled Dental\Paper2\archive (10)\Gingivitis\(629).jpg,(629).jpg,Gingivitis,Training
E:\Dr. Atef Ismail\Khaled Dental\Paper2\archive (10)\Caries_Gingivitus\157.jpg,157.jpg,Caries-Gingivitis,Training
E:\Dr. Atef Ismail\Khaled Dental\Paper2\archive (10)\Calculus\(956).jpg,(956).jpg,Calculus,Training
E:\Dr. Atef Ismail\Khaled Dental\Paper2\archive (10)\Gingivitis\(1078).jpg,(1078).jpg,Gingivitis,Training
E:\Dr. Atef Ismail\Khaled Dental\Paper2\archive (10)\Gingivitis\(1395).jpg,(1395).jpg,Gingivitis,Training
E:\Dr. Atef Ismail\Khaled Dental\Paper2\archive (10)\Gingivitis\(2278).jpg,(2278).jpg,Gingivitis,Training
E:\Dr. Atef Ismail\Khaled Dental\Paper2\archive (10)\Gingivitis\(1312).jpg,(1312).jpg,Gingivitis,Training
E:\Dr. Atef Ismail\Khaled Dental\Paper2\archive (10)\hypodontia\(263).jpg,(263).jpg,Hypodontia,Training
E:\Dr. Atef Ismail\Khaled Dental\Paper2\archive (10)\Mouth Ulcer\Mouth_Ulcer_0_6603.jpeg,Mouth_Ulcer_0_6603.jpeg,Mouth Ulcer,Training
E:\Dr. Atef Ismail\Khaled Dental\Paper2\archive (10)\Calculus\(590).jpg,(590).jpg,Calculus,Training
E:\Dr. Atef Ismail\Khaled Dental\Paper2\archive (10)\Mouth Ulcer\Mouth_Ulcer_0_5430.jpeg,Mouth_Ulcer_0_5430.jpeg,Mouth Ulcer,Training
E:\Dr. Atef Ismail\Khaled Dental\Paper2\archive (10)\Calculus\(438).jpg,(438).jpg,Calculus,Training
E:\Dr. Atef Ismail\Khaled Dental\Paper2\archive (10)\Mouth Ulcer\Mouth_Ulcer_0_6182.jpeg,Mouth_Ulcer_0_6182.jpeg,Mouth Ulcer,Training
E:\Dr. Atef Ismail\Khaled Dental\Paper2\archive (10)\Tooth Discoloration\Tooth_Discoloration_0_1122.jpeg,Tooth_Discoloration_0_1122.jpeg,Tooth Discoloration,Training
E:\Dr. Atef Ismail\Khaled Dental\Paper2\archive (10)\Calculus\(962).jpg,(962).jpg,Calculus,Training
E:\Dr. Atef Ismail\Khaled Dental\Paper2\archive (10)\Mouth Ulcer\Mouth_Ulcer_0_8474.jpeg,Mouth_Ulcer_0_8474.jpeg,Mouth Ulcer,Training
E:\Dr. Atef Ismail\Khaled Dental\Paper2\archive (10)\Gingivitis\(2147).jpg,(2147).jpg,Gingivitis,Training
E:\Dr. Atef Ismail\Khaled Dental\Paper2\archive (10)\Gingivitis\(241).jpg,(241).jpg,Gingivitis,Training
E:\Dr. Atef Ismail\Khaled Dental\Paper2\archive (10)\Mouth Ulcer\Mouth_Ulcer_0_102.jpeg,Mouth_Ulcer_0_102.jpeg,Mouth Ulcer,Training
E:\Dr. Atef Ismail\Khaled Dental\Paper2\archive (10)\Mouth Ulcer\Mouth_Ulcer_0_6944.jpeg,Mouth_Ulcer_0_6944.jpeg,Mouth Ulcer,Training
E:\Dr. Atef Ismail\Khaled Dental\Paper2\archive (10)\hypodontia\(47).JPG,(47).JPG,Hypodontia,Training
E:\Dr. Atef Ismail\Khaled Dental\Paper2\archive (10)\Caries_Gingivitus\(141).jpg,(141).jpg,Caries-Gingivitis,Training
E:\Dr. Atef Ismail\Khaled Dental\Paper2\archive (10)\Mouth Ulcer\Mouth_Ulcer_0_7995.jpeg,Mouth_Ulcer_0_7995.jpeg,Mouth Ulcer,Training
E:\Dr. Atef Ismail\Khaled Dental\Paper2\archive (10)\Gingivitis\(1294).jpg,(1294).jpg,Gingivitis,Training
E:\Dr. Atef Ismail\Khaled Dental\Paper2\archive (10)\Mouth Ulcer\Mouth_Ulcer_0_6837.jpeg,Mouth_Ulcer_0_6837.jpeg,Mouth Ulcer,Training
E:\Dr. Atef Ismail\Khaled Dental\Paper2\archive (10)\Calculus\(313).jpg,(313).jpg,Calculus,Training
E:\Dr. Atef Ismail\Khaled Dental\Paper2\archive (10)\Caries_Gingivitus\511.jpg,511.jpg,Caries-Gingivitis,Training
E:\Dr. Atef Ismail\Khaled Dental\Paper2\archive (10)\Gingivitis\(1032).jpg,(1032).jpg,Gingivitis,Training
E:\Dr. Atef Ismail\Khaled Dental\Paper2\archive (10)\Mouth Ulcer\Mouth_Ulcer_0_5693.jpeg,Mouth_Ulcer_0_5693.jpeg,Mouth Ulcer,Training
E:\Dr. Atef Ismail\Khaled Dental\Paper2\archive (10)\Gingivitis\(1162).jpg,(1162).jpg,Gingivitis,Training
E:\Dr. Atef Ismail\Khaled Dental\Paper2\archive (10)\Calculus\(1069).jpg,(1069).jpg,Calculus,Training
E:\Dr. Atef Ismail\Khaled Dental\Paper2\archive (10)\Mouth Ulcer\Mouth_Ulcer_0_2061.jpeg,Mouth_Ulcer_0_2061.jpeg,Mouth Ulcer,Training
E:\Dr. Atef Ismail\Khaled Dental\Paper2\archive (10)\Caries_Gingivitus\397.jpg,397.jpg,Caries-Gingivitis,Training
E:\Dr. Atef Ismail\Khaled Dental\Paper2\archive (10)\Mouth Ulcer\Mouth_Ulcer_0_5775.jpeg,Mouth_Ulcer_0_5775.jpeg,Mouth Ulcer,Training
E:\Dr. Atef Ismail\Khaled Dental\Paper2\archive (10)\Mouth Ulcer\Mouth_Ulcer_0_6799.jpeg,Mouth_Ulcer_0_6799.jpeg,Mouth Ulcer,Training
E:\Dr. Atef Ismail\Khaled Dental\Paper2\archive (10)\Mouth Ulcer\Mouth_Ulcer_0_2275.jpeg,Mouth_Ulcer_0_2275.jpeg,Mouth Ulcer,Training
E:\Dr. Atef Ismail\Khaled Dental\Paper2\archive (10)\Mouth Ulcer\Mouth_Ulcer_0_6037.jpeg,Mouth_Ulcer_0_6037.jpeg,Mouth Ulcer,Training
E:\Dr. Atef Ismail\Khaled Dental\Paper2\archive (10)\Gingivitis\(746).jpg,(746).jpg,Gingivitis,Training
E:\Dr. Atef Ismail\Khaled Dental\Paper2\archive (10)\Mouth Ulcer\Mouth_Ulcer_0_1522.jpeg,Mouth_Ulcer_0_1522.jpeg,Mouth Ulcer,Training
E:\Dr. Atef Ismail\Khaled Dental\Paper2\archive (10)\Mouth Ulcer\Mouth_Ulcer_0_9101.jpeg,Mouth_Ulcer_0_9101.jpeg,Mouth Ulcer,Training
E:\Dr. Atef Ismail\Khaled Dental\Paper2\archive (10)\Caries_Gingivitus\caries_0_5076.jpeg,caries_0_5076.jpeg,Caries-Gingivitis,Training
E:\Dr. Atef Ismail\Khaled Dental\Paper2\archive (10)\Caries_Gingivitus\caries_0_5148.jpeg,caries_0_5148.jpeg,Caries-Gingivitis,Training
E:\Dr. Atef Ismail\Khaled Dental\Paper2\archive (10)\Caries_Gingivitus\caries_0_604.jpeg,caries_0_604.jpeg,Caries-Gingivitis,Training
E:\Dr. Atef Ismail\Khaled Dental\Paper2\archive (10)\Tooth Discoloration\Tooth_Discoloration_0_4978.jpeg,Tooth_Discoloration_0_4978.jpeg,Tooth Discoloration,Training
E:\Dr. Atef Ismail\Khaled Dental\Paper2\archive (10)\Tooth Discoloration\Tooth_Discoloration_0_9260.jpeg,Tooth_Discoloration_0_9260.jpeg,Tooth Discoloration,Training
E:\Dr. Atef Ismail\Khaled Dental\Paper2\archive (10)\Tooth Discoloration\Tooth_Discoloration_0_8355.jpeg,Tooth_Discoloration_0_8355.jpeg,Tooth Discoloration,Training
E:\Dr. Atef Ismail\Khaled Dental\Paper2\archive (10)\Tooth Discoloration\Tooth_Discoloration_0_9879.jpeg,Tooth_Discoloration_0_9879.jpeg,Tooth Discoloration,Training
E:\Dr. Atef Ismail\Khaled Dental\Paper2\archive (10)\Tooth Discoloration\Tooth_Discoloration_0_4591.jpeg,Tooth_Discoloration_0_4591.jpeg,Tooth Discoloration,Training
E:\Dr. Atef Ismail\Khaled Dental\Paper2\archive (10)\Calculus\(267).jpg,(267).jpg,Calculus,Training
E:\Dr. Atef Ismail\Khaled Dental\Paper2\archive (10)\Caries_Gingivitus\(210).jpg,(210).jpg,Caries-Gingivitis,Training
E:\Dr. Atef Ismail\Khaled Dental\Paper2\archive (10)\Mouth Ulcer\Mouth_Ulcer_0_8834.jpeg,Mouth_Ulcer_0_8834.jpeg,Mouth Ulcer,Training
E:\Dr. Atef Ismail\Khaled Dental\Paper2\archive (10)\Tooth Discoloration\Tooth_Discoloration_0_3465.jpeg,Tooth_Discoloration_0_3465.jpeg,Tooth Discoloration,Training
E:\Dr. Atef Ismail\Khaled Dental\Paper2\archive (10)\Tooth Discoloration\Tooth_Discoloration_0_8640.jpeg,Tooth_Discoloration_0_8640.jpeg,Tooth Discoloration,Training
E:\Dr. Atef Ismail\Khaled Dental\Paper2\archive (10)\hypodontia\(499).JPG,(499).JPG,Hypodontia,Training
E:\Dr. Atef Ismail\Khaled Dental\Paper2\archive (10)\Gingivitis\(801).jpg,(801).jpg,Gingivitis,Training
E:\Dr. Atef Ismail\Khaled Dental\Paper2\archive (10)\Gingivitis\(67).jpg,(67).jpg,Gingivitis,Training
E:\Dr. Atef Ismail\Khaled Dental\Paper2\archive (10)\Caries_Gingivitus\206.jpg,206.jpg,Caries-Gingivitis,Training
E:\Dr. Atef Ismail\Khaled Dental\Paper2\archive (10)\Tooth Discoloration\Tooth_Discoloration_0_4761.jpeg,Tooth_Discoloration_0_4761.jpeg,Tooth Discoloration,Training
E:\Dr. Atef Ismail\Khaled Dental\Paper2\archive (10)\Gingivitis\(2180).jpg,(2180).jpg,Gingivitis,Training
E:\Dr. Atef Ismail\Khaled Dental\Paper2\archive (10)\Gingivitis\(2314).jpg,(2314).jpg,Gingivitis,Training
E:\Dr. Atef Ismail\Khaled Dental\Paper2\archive (10)\Gingivitis\(729).jpg,(729).jpg,Gingivitis,Training
E:\Dr. Atef Ismail\Khaled Dental\Paper2\archive (10)\Caries_Gingivitus\caries_0_3922.jpeg,caries_0_3922.jpeg,Caries-Gingivitis,Training
E:\Dr. Atef Ismail\Khaled Dental\Paper2\archive (10)\Gingivitis\(1290).jpg,(1290).jpg,Gingivitis,Training
E:\Dr. Atef Ismail\Khaled Dental\Paper2\archive (10)\Mouth Ulcer\Mouth_Ulcer_0_2636.jpeg,Mouth_Ulcer_0_2636.jpeg,Mouth Ulcer,Training
E:\Dr. Atef Ismail\Khaled Dental\Paper2\archive (10)\Mouth Ulcer\Mouth_Ulcer_0_2637.jpeg,Mouth_Ulcer_0_2637.jpeg,Mouth Ulcer,Training
E:\Dr. Atef Ismail\Khaled Dental\Paper2\archive (10)\Caries_Gingivitus\(219).jpg,(219).jpg,Caries-Gingivitis,Training
E:\Dr. Atef Ismail\Khaled Dental\Paper2\archive (10)\Tooth Discoloration\Tooth_Discoloration_0_7138.jpeg,Tooth_Discoloration_0_7138.jpeg,Tooth Discoloration,Training
E:\Dr. Atef Ismail\Khaled Dental\Paper2\archive (10)\Gingivitis\(948).jpg,(948).jpg,Gingivitis,Training
E:\Dr. Atef Ismail\Khaled Dental\Paper2\archive (10)\Tooth Discoloration\Tooth_Discoloration_0_4815.jpeg,Tooth_Discoloration_0_4815.jpeg,Tooth Discoloration,Training
E:\Dr. Atef Ismail\Khaled Dental\Paper2\archive (10)\Mouth Ulcer\Mouth_Ulcer_0_6930.jpeg,Mouth_Ulcer_0_6930.jpeg,Mouth Ulcer,Training
E:\Dr. Atef Ismail\Khaled Dental\Paper2\archive (10)\Gingivitis\(464).jpg,(464).jpg,Gingivitis,Training
E:\Dr. Atef Ismail\Khaled Dental\Paper2\archive (10)\Tooth Discoloration\Tooth_Discoloration_0_7254.jpeg,Tooth_Discoloration_0_7254.jpeg,Tooth Discoloration,Training
E:\Dr. Atef Ismail\Khaled Dental\Paper2\archive (10)\Tooth Discoloration\Tooth_Discoloration_0_9065.jpeg,Tooth_Discoloration_0_9065.jpeg,Tooth Discoloration,Training
E:\Dr. Atef Ismail\Khaled Dental\Paper2\archive (10)\Caries_Gingivitus\caries_0_266.jpeg,caries_0_266.jpeg,Caries-Gingivitis,Training
E:\Dr. Atef Ismail\Khaled Dental\Paper2\archive (10)\Mouth Ulcer\Mouth_Ulcer_0_1188.jpeg,Mouth_Ulcer_0_1188.jpeg,Mouth Ulcer,Training
E:\Dr. Atef Ismail\Khaled Dental\Paper2\archive (10)\Gingivitis\(500).jpg,(500).jpg,Gingivitis,Training
E:\Dr. Atef Ismail\Khaled Dental\Paper2\archive (10)\Tooth Discoloration\Tooth_Discoloration_0_276.jpeg,Tooth_Discoloration_0_276.jpeg,Tooth Discoloration,Training
E:\Dr. Atef Ismail\Khaled Dental\Paper2\archive (10)\Gingivitis\(1498).jpg,(1498).jpg,Gingivitis,Training
E:\Dr. Atef Ismail\Khaled Dental\Paper2\archive (10)\Mouth Ulcer\Mouth_Ulcer_0_4286.jpeg,Mouth_Ulcer_0_4286.jpeg,Mouth Ulcer,Training
E:\Dr. Atef Ismail\Khaled Dental\Paper2\archive (10)\hypodontia\(1193).jpg,(1193).jpg,Hypodontia,Training
E:\Dr. Atef Ismail\Khaled Dental\Paper2\archive (10)\Tooth Discoloration\Tooth_Discoloration_0_1302.jpeg,Tooth_Discoloration_0_1302.jpeg,Tooth Discoloration,Training
E:\Dr. Atef Ismail\Khaled Dental\Paper2\archive (10)\Caries_Gingivitus\caries_0_159.jpeg,caries_0_159.jpeg,Caries-Gingivitis,Training
E:\Dr. Atef Ismail\Khaled Dental\Paper2\archive (10)\Tooth Discoloration\Tooth_Discoloration_0_1442.jpeg,Tooth_Discoloration_0_1442.jpeg,Tooth Discoloration,Training
E:\Dr. Atef Ismail\Khaled Dental\Paper2\archive (10)\Calculus\(423).jpg,(423).jpg,Calculus,Training
E:\Dr. Atef Ismail\Khaled Dental\Paper2\archive (10)\Caries_Gingivitus\(70).jpg,(70).jpg,Caries-Gingivitis,Training
E:\Dr. Atef Ismail\Khaled Dental\Paper2\archive (10)\Tooth Discoloration\Tooth_Discoloration_0_5182.jpeg,Tooth_Discoloration_0_5182.jpeg,Tooth Discoloration,Training
E:\Dr. Atef Ismail\Khaled Dental\Paper2\archive (10)\Mouth Ulcer\Mouth_Ulcer_0_4240.jpeg,Mouth_Ulcer_0_4240.jpeg,Mouth Ulcer,Training
E:\Dr. Atef Ismail\Khaled Dental\Paper2\archive (10)\Gingivitis\(273).jpg,(273).jpg,Gingivitis,Training
E:\Dr. Atef Ismail\Khaled Dental\Paper2\archive (10)\Calculus\(781).jpg,(781).jpg,Calculus,Training
E:\Dr. Atef Ismail\Khaled Dental\Paper2\archive (10)\Gingivitis\(1191).jpg,(1191).jpg,Gingivitis,Training
E:\Dr. Atef Ismail\Khaled Dental\Paper2\archive (10)\Gingivitis\(1295).jpg,(1295).jpg,Gingivitis,Training
E:\Dr. Atef Ismail\Khaled Dental\Paper2\archive (10)\Gingivitis\(775).jpg,(775).jpg,Gingivitis,Training
E:\Dr. Atef Ismail\Khaled Dental\Paper2\archive (10)\Caries_Gingivitus\260.jpg,260.jpg,Caries-Gingivitis,Training
E:\Dr. Atef Ismail\Khaled Dental\Paper2\archive (10)\Mouth Ulcer\Mouth_Ulcer_0_2624.jpeg,Mouth_Ulcer_0_2624.jpeg,Mouth Ulcer,Training
E:\Dr. Atef Ismail\Khaled Dental\Paper2\archive (10)\hypodontia\(483).JPG,(483).JPG,Hypodontia,Training
E:\Dr. Atef Ismail\Khaled Dental\Paper2\archive (10)\Caries_Gingivitus\628.jpg,628.jpg,Caries-Gingivitis,Training
E:\Dr. Atef Ismail\Khaled Dental\Paper2\archive (10)\Gingivitis\(1631).jpg,(1631).jpg,Gingivitis,Training
E:\Dr. Atef Ismail\Khaled Dental\Paper2\archive (10)\Tooth Discoloration\Tooth_Discoloration_0_6889.jpeg,Tooth_Discoloration_0_6889.jpeg,Tooth Discoloration,Training
E:\Dr. Atef Ismail\Khaled Dental\Paper2\archive (10)\Calculus\(658).jpg,(658).jpg,Calculus,Training
E:\Dr. Atef Ismail\Khaled Dental\Paper2\archive (10)\Calculus\(426).jpg,(426).jpg,Calculus,Training
E:\Dr. Atef Ismail\Khaled Dental\Paper2\archive (10)\Calculus\(341).jpg,(341).jpg,Calculus,Training
E:\Dr. Atef Ismail\Khaled Dental\Paper2\archive (10)\Mouth Ulcer\Mouth_Ulcer_0_3594.jpeg,Mouth_Ulcer_0_3594.jpeg,Mouth Ulcer,Training
E:\Dr. Atef Ismail\Khaled Dental\Paper2\archive (10)\Gingivitis\(985).jpg,(985).jpg,Gingivitis,Training
E:\Dr. Atef Ismail\Khaled Dental\Paper2\archive (10)\Gingivitis\(1628).jpg,(1628).jpg,Gingivitis,Training
E:\Dr. Atef Ismail\Khaled Dental\Paper2\archive (10)\Gingivitis\(1126).jpg,(1126).jpg,Gingivitis,Training
E:\Dr. Atef Ismail\Khaled Dental\Paper2\archive (10)\Caries_Gingivitus\591.jpg,591.jpg,Caries-Gingivitis,Training
E:\Dr. Atef Ismail\Khaled Dental\Paper2\archive (10)\Mouth Ulcer\Mouth_Ulcer_0_8141.jpeg,Mouth_Ulcer_0_8141.jpeg,Mouth Ulcer,Training
E:\Dr. Atef Ismail\Khaled Dental\Paper2\archive (10)\hypodontia\(271).jpg,(271).jpg,Hypodontia,Training
E:\Dr. Atef Ismail\Khaled Dental\Paper2\archive (10)\hypodontia\(27).JPG,(27).JPG,Hypodontia,Training
E:\Dr. Atef Ismail\Khaled Dental\Paper2\archive (10)\Gingivitis\(1712).jpg,(1712).jpg,Gingivitis,Training
E:\Dr. Atef Ismail\Khaled Dental\Paper2\archive (10)\Tooth Discoloration\Tooth_Discoloration_0_4461.jpeg,Tooth_Discoloration_0_4461.jpeg,Tooth Discoloration,Training
E:\Dr. Atef Ismail\Khaled Dental\Paper2\archive (10)\Mouth Ulcer\Mouth_Ulcer_0_8360.jpeg,Mouth_Ulcer_0_8360.jpeg,Mouth Ulcer,Training
E:\Dr. Atef Ismail\Khaled Dental\Paper2\archive (10)\Caries_Gingivitus\84.jpg,84.jpg,Caries-Gingivitis,Training
E:\Dr. Atef Ismail\Khaled Dental\Paper2\archive (10)\Mouth Ulcer\Mouth_Ulcer_0_1652.jpeg,Mouth_Ulcer_0_1652.jpeg,Mouth Ulcer,Training
E:\Dr. Atef Ismail\Khaled Dental\Paper2\archive (10)\Tooth Discoloration\Tooth_Discoloration_0_8841.jpeg,Tooth_Discoloration_0_8841.jpeg,Tooth Discoloration,Training
E:\Dr. Atef Ismail\Khaled Dental\Paper2\archive (10)\Calculus\(402).jpg,(402).jpg,Calculus,Training
E:\Dr. Atef Ismail\Khaled Dental\Paper2\archive (10)\Gingivitis\(2056).jpg,(2056).jpg,Gingivitis,Training
E:\Dr. Atef Ismail\Khaled Dental\Paper2\archive (10)\Calculus\(1246).jpg,(1246).jpg,Calculus,Training
E:\Dr. Atef Ismail\Khaled Dental\Paper2\archive (10)\Mouth Ulcer\Mouth_Ulcer_0_8906.jpeg,Mouth_Ulcer_0_8906.jpeg,Mouth Ulcer,Training
E:\Dr. Atef Ismail\Khaled Dental\Paper2\archive (10)\hypodontia\(331).JPG,(331).JPG,Hypodontia,Training
E:\Dr. Atef Ismail\Khaled Dental\Paper2\archive (10)\hypodontia\(761).JPG,(761).JPG,Hypodontia,Training
E:\Dr. Atef Ismail\Khaled Dental\Paper2\archive (10)\Tooth Discoloration\Tooth_Discoloration_0_6778.jpeg,Tooth_Discoloration_0_6778.jpeg,Tooth Discoloration,Training
E:\Dr. Atef Ismail\Khaled Dental\Paper2\archive (10)\Mouth Ulcer\Mouth_Ulcer_0_6005.jpeg,Mouth_Ulcer_0_6005.jpeg,Mouth Ulcer,Training
E:\Dr. Atef Ismail\Khaled Dental\Paper2\archive (10)\Gingivitis\(1767).jpg,(1767).jpg,Gingivitis,Training
E:\Dr. Atef Ismail\Khaled Dental\Paper2\archive (10)\Caries_Gingivitus\353.jpg,353.jpg,Caries-Gingivitis,Training
E:\Dr. Atef Ismail\Khaled Dental\Paper2\archive (10)\Caries_Gingivitus\caries_0_3910.jpeg,caries_0_3910.jpeg,Caries-Gingivitis,Training
E:\Dr. Atef Ismail\Khaled Dental\Paper2\archive (10)\Gingivitis\(1639).jpg,(1639).jpg,Gingivitis,Training
E:\Dr. Atef Ismail\Khaled Dental\Paper2\archive (10)\Tooth Discoloration\Tooth_Discoloration_0_7016.jpeg,Tooth_Discoloration_0_7016.jpeg,Tooth Discoloration,Training
E:\Dr. Atef Ismail\Khaled Dental\Paper2\archive (10)\Gingivitis\(1819).jpg,(1819).jpg,Gingivitis,Training
E:\Dr. Atef Ismail\Khaled Dental\Paper2\archive (10)\Gingivitis\(1141).jpg,(1141).jpg,Gingivitis,Training
E:\Dr. Atef Ismail\Khaled Dental\Paper2\archive (10)\Caries_Gingivitus\543.jpg,543.jpg,Caries-Gingivitis,Training
E:\Dr. Atef Ismail\Khaled Dental\Paper2\archive (10)\hypodontia\(420).JPG,(420).JPG,Hypodontia,Training
E:\Dr. Atef Ismail\Khaled Dental\Paper2\archive (10)\Tooth Discoloration\Tooth_Discoloration_0_2161.jpeg,Tooth_Discoloration_0_2161.jpeg,Tooth Discoloration,Training
E:\Dr. Atef Ismail\Khaled Dental\Paper2\archive (10)\Mouth Ulcer\Mouth_Ulcer_0_5716.jpeg,Mouth_Ulcer_0_5716.jpeg,Mouth Ulcer,Training
E:\Dr. Atef Ismail\Khaled Dental\Paper2\archive (10)\Tooth Discoloration\Tooth_Discoloration_0_9026.jpeg,Tooth_Discoloration_0_9026.jpeg,Tooth Discoloration,Training
E:\Dr. Atef Ismail\Khaled Dental\Paper2\archive (10)\hypodontia\(1083).jpg,(1083).jpg,Hypodontia,Training
E:\Dr. Atef Ismail\Khaled Dental\Paper2\archive (10)\Caries_Gingivitus\caries_0_3414.jpeg,caries_0_3414.jpeg,Caries-Gingivitis,Training
E:\Dr. Atef Ismail\Khaled Dental\Paper2\archive (10)\Calculus\(1106).jpg,(1106).jpg,Calculus,Training
E:\Dr. Atef Ismail\Khaled Dental\Paper2\archive (10)\Tooth Discoloration\Tooth_Discoloration_0_1230.jpeg,Tooth_Discoloration_0_1230.jpeg,Tooth Discoloration,Training
E:\Dr. Atef Ismail\Khaled Dental\Paper2\archive (10)\Mouth Ulcer\Mouth_Ulcer_0_9985.jpeg,Mouth_Ulcer_0_9985.jpeg,Mouth Ulcer,Training
E:\Dr. Atef Ismail\Khaled Dental\Paper2\archive (10)\Gingivitis\(1285).jpg,(1285).jpg,Gingivitis,Training
E:\Dr. Atef Ismail\Khaled Dental\Paper2\archive (10)\Tooth Discoloration\Tooth_Discoloration_0_5201.jpeg,Tooth_Discoloration_0_5201.jpeg,Tooth Discoloration,Training
E:\Dr. Atef Ismail\Khaled Dental\Paper2\archive (10)\Calculus\(1233).jpg,(1233).jpg,Calculus,Training
E:\Dr. Atef Ismail\Khaled Dental\Paper2\archive (10)\hypodontia\(414).jpg,(414).jpg,Hypodontia,Training
E:\Dr. Atef Ismail\Khaled Dental\Paper2\archive (10)\Tooth Discoloration\Tooth_Discoloration_0_583.jpeg,Tooth_Discoloration_0_583.jpeg,Tooth Discoloration,Training
E:\Dr. Atef Ismail\Khaled Dental\Paper2\archive (10)\Gingivitis\(1283).jpg,(1283).jpg,Gingivitis,Training
E:\Dr. Atef Ismail\Khaled Dental\Paper2\archive (10)\Mouth Ulcer\Mouth_Ulcer_0_9613.jpeg,Mouth_Ulcer_0_9613.jpeg,Mouth Ulcer,Training
E:\Dr. Atef Ismail\Khaled Dental\Paper2\archive (10)\Mouth Ulcer\Mouth_Ulcer_0_8217.jpeg,Mouth_Ulcer_0_8217.jpeg,Mouth Ulcer,Training
E:\Dr. Atef Ismail\Khaled Dental\Paper2\archive (10)\Tooth Discoloration\Tooth_Discoloration_0_2114.jpeg,Tooth_Discoloration_0_2114.jpeg,Tooth Discoloration,Training
E:\Dr. Atef Ismail\Khaled Dental\Paper2\archive (10)\Calculus\(246).jpg,(246).jpg,Calculus,Training
E:\Dr. Atef Ismail\Khaled Dental\Paper2\archive (10)\Gingivitis\(1768).jpg,(1768).jpg,Gingivitis,Training
E:\Dr. Atef Ismail\Khaled Dental\Paper2\archive (10)\Tooth Discoloration\Tooth_Discoloration_0_5694.jpeg,Tooth_Discoloration_0_5694.jpeg,Tooth Discoloration,Training
E:\Dr. Atef Ismail\Khaled Dental\Paper2\archive (10)\Gingivitis\(2094).jpg,(2094).jpg,Gingivitis,Training
E:\Dr. Atef Ismail\Khaled Dental\Paper2\archive (10)\Gingivitis\(866).jpg,(866).jpg,Gingivitis,Training
E:\Dr. Atef Ismail\Khaled Dental\Paper2\archive (10)\Gingivitis\(1489).jpg,(1489).jpg,Gingivitis,Training
E:\Dr. Atef Ismail\Khaled Dental\Paper2\archive (10)\Gingivitis\(1581).jpg,(1581).jpg,Gingivitis,Training
E:\Dr. Atef Ismail\Khaled Dental\Paper2\archive (10)\Tooth Discoloration\Tooth_Discoloration_0_6415.jpeg,Tooth_Discoloration_0_6415.jpeg,Tooth Discoloration,Training
E:\Dr. Atef Ismail\Khaled Dental\Paper2\archive (10)\Tooth Discoloration\Tooth_Discoloration_0_8614.jpeg,Tooth_Discoloration_0_8614.jpeg,Tooth Discoloration,Training
E:\Dr. Atef Ismail\Khaled Dental\Paper2\archive (10)\Mouth Ulcer\Mouth_Ulcer_0_4133.jpeg,Mouth_Ulcer_0_4133.jpeg,Mouth Ulcer,Training
E:\Dr. Atef Ismail\Khaled Dental\Paper2\archive (10)\Tooth Discoloration\Tooth_Discoloration_0_6040.jpeg,Tooth_Discoloration_0_6040.jpeg,Tooth Discoloration,Training
E:\Dr. Atef Ismail\Khaled Dental\Paper2\archive (10)\Tooth Discoloration\Tooth_Discoloration_0_9915.jpeg,Tooth_Discoloration_0_9915.jpeg,Tooth Discoloration,Training
E:\Dr. Atef Ismail\Khaled Dental\Paper2\archive (10)\Caries_Gingivitus\438.jpg,438.jpg,Caries-Gingivitis,Training
E:\Dr. Atef Ismail\Khaled Dental\Paper2\archive (10)\Calculus\(1275).jpg,(1275).jpg,Calculus,Training
E:\Dr. Atef Ismail\Khaled Dental\Paper2\archive (10)\Gingivitis\(476).jpg,(476).jpg,Gingivitis,Training
E:\Dr. Atef Ismail\Khaled Dental\Paper2\archive (10)\Gingivitis\(1714).jpg,(1714).jpg,Gingivitis,Training
E:\Dr. Atef Ismail\Khaled Dental\Paper2\archive (10)\Caries_Gingivitus\297.jpg,297.jpg,Caries-Gingivitis,Training
E:\Dr. Atef Ismail\Khaled Dental\Paper2\archive (10)\Gingivitis\(257).jpg,(257).jpg,Gingivitis,Training
E:\Dr. Atef Ismail\Khaled Dental\Paper2\archive (10)\Mouth Ulcer\Mouth_Ulcer_0_7418.jpeg,Mouth_Ulcer_0_7418.jpeg,Mouth Ulcer,Training
E:\Dr. Atef Ismail\Khaled Dental\Paper2\archive (10)\hypodontia\(813).jpg,(813).jpg,Hypodontia,Training
E:\Dr. Atef Ismail\Khaled Dental\Paper2\archive (10)\Mouth Ulcer\Mouth_Ulcer_0_1703.jpeg,Mouth_Ulcer_0_1703.jpeg,Mouth Ulcer,Training
E:\Dr. Atef Ismail\Khaled Dental\Paper2\archive (10)\Tooth Discoloration\Tooth_Discoloration_0_4694.jpeg,Tooth_Discoloration_0_4694.jpeg,Tooth Discoloration,Training
E:\Dr. Atef Ismail\Khaled Dental\Paper2\archive (10)\Calculus\(1230).jpg,(1230).jpg,Calculus,Training
E:\Dr. Atef Ismail\Khaled Dental\Paper2\archive (10)\Caries_Gingivitus\caries_0_3745.jpeg,caries_0_3745.jpeg,Caries-Gingivitis,Training
E:\Dr. Atef Ismail\Khaled Dental\Paper2\archive (10)\Caries_Gingivitus\(222).jpg,(222).jpg,Caries-Gingivitis,Training
E:\Dr. Atef Ismail\Khaled Dental\Paper2\archive (10)\Caries_Gingivitus\caries_0_3495.jpeg,caries_0_3495.jpeg,Caries-Gingivitis,Training
E:\Dr. Atef Ismail\Khaled Dental\Paper2\archive (10)\Tooth Discoloration\Tooth_Discoloration_0_1776.jpeg,Tooth_Discoloration_0_1776.jpeg,Tooth Discoloration,Training
E:\Dr. Atef Ismail\Khaled Dental\Paper2\archive (10)\Caries_Gingivitus\68.jpg,68.jpg,Caries-Gingivitis,Training
E:\Dr. Atef Ismail\Khaled Dental\Paper2\archive (10)\Caries_Gingivitus\(36).jpg,(36).jpg,Caries-Gingivitis,Training
E:\Dr. Atef Ismail\Khaled Dental\Paper2\archive (10)\Calculus\(593).jpg,(593).jpg,Calculus,Training
E:\Dr. Atef Ismail\Khaled Dental\Paper2\archive (10)\Mouth Ulcer\Mouth_Ulcer_0_9399.jpeg,Mouth_Ulcer_0_9399.jpeg,Mouth Ulcer,Training
E:\Dr. Atef Ismail\Khaled Dental\Paper2\archive (10)\Mouth Ulcer\Mouth_Ulcer_0_5654.jpeg,Mouth_Ulcer_0_5654.jpeg,Mouth Ulcer,Training
E:\Dr. Atef Ismail\Khaled Dental\Paper2\archive (10)\Caries_Gingivitus\caries_0_3633.jpeg,caries_0_3633.jpeg,Caries-Gingivitis,Training
E:\Dr. Atef Ismail\Khaled Dental\Paper2\archive (10)\Caries_Gingivitus\(58).jpg,(58).jpg,Caries-Gingivitis,Training
E:\Dr. Atef Ismail\Khaled Dental\Paper2\archive (10)\hypodontia\(195).JPG,(195).JPG,Hypodontia,Training
E:\Dr. Atef Ismail\Khaled Dental\Paper2\archive (10)\Mouth Ulcer\Mouth_Ulcer_0_9269.jpeg,Mouth_Ulcer_0_9269.jpeg,Mouth Ulcer,Training
E:\Dr. Atef Ismail\Khaled Dental\Paper2\archive (10)\Caries_Gingivitus\(159).jpg,(159).jpg,Caries-Gingivitis,Training
E:\Dr. Atef Ismail\Khaled Dental\Paper2\archive (10)\Gingivitis\(1545).jpg,(1545).jpg,Gingivitis,Training
E:\Dr. Atef Ismail\Khaled Dental\Paper2\archive (10)\Calculus\(968).jpg,(968).jpg,Calculus,Training
E:\Dr. Atef Ismail\Khaled Dental\Paper2\archive (10)\Gingivitis\(155).jpg,(155).jpg,Gingivitis,Training
E:\Dr. Atef Ismail\Khaled Dental\Paper2\archive (10)\Gingivitis\(1661).jpg,(1661).jpg,Gingivitis,Training
E:\Dr. Atef Ismail\Khaled Dental\Paper2\archive (10)\Caries_Gingivitus\214.jpg,214.jpg,Caries-Gingivitis,Training
E:\Dr. Atef Ismail\Khaled Dental\Paper2\archive (10)\Tooth Discoloration\Tooth_Discoloration_0_2843.jpeg,Tooth_Discoloration_0_2843.jpeg,Tooth Discoloration,Training
E:\Dr. Atef Ismail\Khaled Dental\Paper2\archive (10)\Caries_Gingivitus\82.jpg,82.jpg,Caries-Gingivitis,Training
E:\Dr. Atef Ismail\Khaled Dental\Paper2\archive (10)\Gingivitis\(1606).jpg,(1606).jpg,Gingivitis,Training
E:\Dr. Atef Ismail\Khaled Dental\Paper2\archive (10)\Gingivitis\(1048).jpg,(1048).jpg,Gingivitis,Training
E:\Dr. Atef Ismail\Khaled Dental\Paper2\archive (10)\Gingivitis\(1497).jpg,(1497).jpg,Gingivitis,Training
E:\Dr. Atef Ismail\Khaled Dental\Paper2\archive (10)\Gingivitis\(348).jpg,(348).jpg,Gingivitis,Training
E:\Dr. Atef Ismail\Khaled Dental\Paper2\archive (10)\Tooth Discoloration\Tooth_Discoloration_0_1072.jpeg,Tooth_Discoloration_0_1072.jpeg,Tooth Discoloration,Training
E:\Dr. Atef Ismail\Khaled Dental\Paper2\archive (10)\Caries_Gingivitus\503.jpg,503.jpg,Caries-Gingivitis,Training
E:\Dr. Atef Ismail\Khaled Dental\Paper2\archive (10)\Gingivitis\(1648).jpg,(1648).jpg,Gingivitis,Training
E:\Dr. Atef Ismail\Khaled Dental\Paper2\archive (10)\Mouth Ulcer\Mouth_Ulcer_0_4358.jpeg,Mouth_Ulcer_0_4358.jpeg,Mouth Ulcer,Training
E:\Dr. Atef Ismail\Khaled Dental\Paper2\archive (10)\Caries_Gingivitus\(29).jpg,(29).jpg,Caries-Gingivitis,Training
E:\Dr. Atef Ismail\Khaled Dental\Paper2\archive (10)\Mouth Ulcer\Mouth_Ulcer_0_8108.jpeg,Mouth_Ulcer_0_8108.jpeg,Mouth Ulcer,Training
E:\Dr. Atef Ismail\Khaled Dental\Paper2\archive (10)\Gingivitis\(1550).jpg,(1550).jpg,Gingivitis,Training
E:\Dr. Atef Ismail\Khaled Dental\Paper2\archive (10)\Calculus\(147).jpg,(147).jpg,Calculus,Training
E:\Dr. Atef Ismail\Khaled Dental\Paper2\archive (10)\Tooth Discoloration\Tooth_Discoloration_0_1985.jpeg,Tooth_Discoloration_0_1985.jpeg,Tooth Discoloration,Training
E:\Dr. Atef Ismail\Khaled Dental\Paper2\archive (10)\Tooth Discoloration\Tooth_Discoloration_0_2107.jpeg,Tooth_Discoloration_0_2107.jpeg,Tooth Discoloration,Training
E:\Dr. Atef Ismail\Khaled Dental\Paper2\archive (10)\Caries_Gingivitus\118.jpg,118.jpg,Caries-Gingivitis,Training
E:\Dr. Atef Ismail\Khaled Dental\Paper2\archive (10)\Gingivitis\(1074).jpg,(1074).jpg,Gingivitis,Training
E:\Dr. Atef Ismail\Khaled Dental\Paper2\archive (10)\hypodontia\(508).JPG,(508).JPG,Hypodontia,Training
E:\Dr. Atef Ismail\Khaled Dental\Paper2\archive (10)\hypodontia\(977).JPG,(977).JPG,Hypodontia,Training
E:\Dr. Atef Ismail\Khaled Dental\Paper2\archive (10)\Gingivitis\(1512).jpg,(1512).jpg,Gingivitis,Training
E:\Dr. Atef Ismail\Khaled Dental\Paper2\archive (10)\Tooth Discoloration\Tooth_Discoloration_0_7298.jpeg,Tooth_Discoloration_0_7298.jpeg,Tooth Discoloration,Training
E:\Dr. Atef Ismail\Khaled Dental\Paper2\archive (10)\Gingivitis\(331).jpg,(331).jpg,Gingivitis,Training
E:\Dr. Atef Ismail\Khaled Dental\Paper2\archive (10)\Tooth Discoloration\Tooth_Discoloration_0_9552.jpeg,Tooth_Discoloration_0_9552.jpeg,Tooth Discoloration,Training
E:\Dr. Atef Ismail\Khaled Dental\Paper2\archive (10)\Caries_Gingivitus\(16).jpg,(16).jpg,Caries-Gingivitis,Training
E:\Dr. Atef Ismail\Khaled Dental\Paper2\archive (10)\Tooth Discoloration\Tooth_Discoloration_0_9462.jpeg,Tooth_Discoloration_0_9462.jpeg,Tooth Discoloration,Training
E:\Dr. Atef Ismail\Khaled Dental\Paper2\archive (10)\hypodontia\(15).JPG,(15).JPG,Hypodontia,Training
E:\Dr. Atef Ismail\Khaled Dental\Paper2\archive (10)\hypodontia\(243).jpg,(243).jpg,Hypodontia,Training
E:\Dr. Atef Ismail\Khaled Dental\Paper2\archive (10)\Gingivitis\(377).jpg,(377).jpg,Gingivitis,Training
E:\Dr. Atef Ismail\Khaled Dental\Paper2\archive (10)\Mouth Ulcer\Mouth_Ulcer_0_4862.jpeg,Mouth_Ulcer_0_4862.jpeg,Mouth Ulcer,Training
E:\Dr. Atef Ismail\Khaled Dental\Paper2\archive (10)\Tooth Discoloration\Tooth_Discoloration_0_706.jpeg,Tooth_Discoloration_0_706.jpeg,Tooth Discoloration,Training
E:\Dr. Atef Ismail\Khaled Dental\Paper2\archive (10)\Gingivitis\(2316).jpg,(2316).jpg,Gingivitis,Training
E:\Dr. Atef Ismail\Khaled Dental\Paper2\archive (10)\Caries_Gingivitus\caries_0_663.jpeg,caries_0_663.jpeg,Caries-Gingivitis,Training
E:\Dr. Atef Ismail\Khaled Dental\Paper2\archive (10)\Mouth Ulcer\Mouth_Ulcer_0_4991.jpeg,Mouth_Ulcer_0_4991.jpeg,Mouth Ulcer,Training
E:\Dr. Atef Ismail\Khaled Dental\Paper2\archive (10)\Mouth Ulcer\Mouth_Ulcer_0_7845.jpeg,Mouth_Ulcer_0_7845.jpeg,Mouth Ulcer,Training
E:\Dr. Atef Ismail\Khaled Dental\Paper2\archive (10)\Tooth Discoloration\Tooth_Discoloration_0_5667.jpeg,Tooth_Discoloration_0_5667.jpeg,Tooth Discoloration,Training
E:\Dr. Atef Ismail\Khaled Dental\Paper2\archive (10)\Tooth Discoloration\Tooth_Discoloration_0_6282.jpeg,Tooth_Discoloration_0_6282.jpeg,Tooth Discoloration,Training
E:\Dr. Atef Ismail\Khaled Dental\Paper2\archive (10)\Gingivitis\(2282).jpg,(2282).jpg,Gingivitis,Training
E:\Dr. Atef Ismail\Khaled Dental\Paper2\archive (10)\Gingivitis\(1197).jpg,(1197).jpg,Gingivitis,Training
E:\Dr. Atef Ismail\Khaled Dental\Paper2\archive (10)\Mouth Ulcer\Mouth_Ulcer_0_364.jpeg,Mouth_Ulcer_0_364.jpeg,Mouth Ulcer,Training
E:\Dr. Atef Ismail\Khaled Dental\Paper2\archive (10)\hypodontia\(874).JPG,(874).JPG,Hypodontia,Training
E:\Dr. Atef Ismail\Khaled Dental\Paper2\archive (10)\Tooth Discoloration\Tooth_Discoloration_0_7371.jpeg,Tooth_Discoloration_0_7371.jpeg,Tooth Discoloration,Training
E:\Dr. Atef Ismail\Khaled Dental\Paper2\archive (10)\hypodontia\(586).JPG,(586).JPG,Hypodontia,Training
E:\Dr. Atef Ismail\Khaled Dental\Paper2\archive (10)\Mouth Ulcer\Mouth_Ulcer_0_1889.jpeg,Mouth_Ulcer_0_1889.jpeg,Mouth Ulcer,Training
E:\Dr. Atef Ismail\Khaled Dental\Paper2\archive (10)\Calculus\(905).jpg,(905).jpg,Calculus,Training
E:\Dr. Atef Ismail\Khaled Dental\Paper2\archive (10)\Mouth Ulcer\Mouth_Ulcer_0_9491.jpeg,Mouth_Ulcer_0_9491.jpeg,Mouth Ulcer,Training
E:\Dr. Atef Ismail\Khaled Dental\Paper2\archive (10)\Caries_Gingivitus\363.jpg,363.jpg,Caries-Gingivitis,Training
E:\Dr. Atef Ismail\Khaled Dental\Paper2\archive (10)\Calculus\(439).jpg,(439).jpg,Calculus,Training
E:\Dr. Atef Ismail\Khaled Dental\Paper2\archive (10)\Calculus\(799).jpg,(799).jpg,Calculus,Training
E:\Dr. Atef Ismail\Khaled Dental\Paper2\archive (10)\Tooth Discoloration\Tooth_Discoloration_0_4311.jpeg,Tooth_Discoloration_0_4311.jpeg,Tooth Discoloration,Training
E:\Dr. Atef Ismail\Khaled Dental\Paper2\archive (10)\Calculus\(1042).jpg,(1042).jpg,Calculus,Training
E:\Dr. Atef Ismail\Khaled Dental\Paper2\archive (10)\Caries_Gingivitus\481.jpg,481.jpg,Caries-Gingivitis,Training
E:\Dr. Atef Ismail\Khaled Dental\Paper2\archive (10)\hypodontia\(230).JPG,(230).JPG,Hypodontia,Training
E:\Dr. Atef Ismail\Khaled Dental\Paper2\archive (10)\Gingivitis\(2283).jpg,(2283).jpg,Gingivitis,Training
E:\Dr. Atef Ismail\Khaled Dental\Paper2\archive (10)\Tooth Discoloration\Tooth_Discoloration_0_8829.jpeg,Tooth_Discoloration_0_8829.jpeg,Tooth Discoloration,Training
E:\Dr. Atef Ismail\Khaled Dental\Paper2\archive (10)\Tooth Discoloration\Tooth_Discoloration_0_9535.jpeg,Tooth_Discoloration_0_9535.jpeg,Tooth Discoloration,Training
E:\Dr. Atef Ismail\Khaled Dental\Paper2\archive (10)\Gingivitis\(1251).jpg,(1251).jpg,Gingivitis,Training
E:\Dr. Atef Ismail\Khaled Dental\Paper2\archive (10)\Mouth Ulcer\Mouth_Ulcer_0_4247.jpeg,Mouth_Ulcer_0_4247.jpeg,Mouth Ulcer,Training
E:\Dr. Atef Ismail\Khaled Dental\Paper2\archive (10)\Caries_Gingivitus\caries_0_4272.jpeg,caries_0_4272.jpeg,Caries-Gingivitis,Training
E:\Dr. Atef Ismail\Khaled Dental\Paper2\archive (10)\Calculus\(1019).jpg,(1019).jpg,Calculus,Training
E:\Dr. Atef Ismail\Khaled Dental\Paper2\archive (10)\hypodontia\(1238).jpg,(1238).jpg,Hypodontia,Training
E:\Dr. Atef Ismail\Khaled Dental\Paper2\archive (10)\Gingivitis\(1039).jpg,(1039).jpg,Gingivitis,Training
E:\Dr. Atef Ismail\Khaled Dental\Paper2\archive (10)\Caries_Gingivitus\(191).jpg,(191).jpg,Caries-Gingivitis,Training
E:\Dr. Atef Ismail\Khaled Dental\Paper2\archive (10)\Gingivitis\(676).jpg,(676).jpg,Gingivitis,Training
E:\Dr. Atef Ismail\Khaled Dental\Paper2\archive (10)\hypodontia\(1074).JPG,(1074).JPG,Hypodontia,Training
E:\Dr. Atef Ismail\Khaled Dental\Paper2\archive (10)\Gingivitis\(2153).jpg,(2153).jpg,Gingivitis,Training
E:\Dr. Atef Ismail\Khaled Dental\Paper2\archive (10)\Tooth Discoloration\Tooth_Discoloration_0_1040.jpeg,Tooth_Discoloration_0_1040.jpeg,Tooth Discoloration,Training
E:\Dr. Atef Ismail\Khaled Dental\Paper2\archive (10)\hypodontia\(882).JPG,(882).JPG,Hypodontia,Training
E:\Dr. Atef Ismail\Khaled Dental\Paper2\archive (10)\Mouth Ulcer\Mouth_Ulcer_0_6423.jpeg,Mouth_Ulcer_0_6423.jpeg,Mouth Ulcer,Training
E:\Dr. Atef Ismail\Khaled Dental\Paper2\archive (10)\hypodontia\(248).jpg,(248).jpg,Hypodontia,Training
E:\Dr. Atef Ismail\Khaled Dental\Paper2\archive (10)\Tooth Discoloration\Tooth_Discoloration_0_4070.jpeg,Tooth_Discoloration_0_4070.jpeg,Tooth Discoloration,Training
E:\Dr. Atef Ismail\Khaled Dental\Paper2\archive (10)\Mouth Ulcer\Mouth_Ulcer_0_7389.jpeg,Mouth_Ulcer_0_7389.jpeg,Mouth Ulcer,Training
E:\Dr. Atef Ismail\Khaled Dental\Paper2\archive (10)\Caries_Gingivitus\caries_0_3590.jpeg,caries_0_3590.jpeg,Caries-Gingivitis,Training
E:\Dr. Atef Ismail\Khaled Dental\Paper2\archive (10)\Calculus\(232).jpg,(232).jpg,Calculus,Training
E:\Dr. Atef Ismail\Khaled Dental\Paper2\archive (10)\Mouth Ulcer\Mouth_Ulcer_0_9286.jpeg,Mouth_Ulcer_0_9286.jpeg,Mouth Ulcer,Training
E:\Dr. Atef Ismail\Khaled Dental\Paper2\archive (10)\Calculus\(1187).jpg,(1187).jpg,Calculus,Training
E:\Dr. Atef Ismail\Khaled Dental\Paper2\archive (10)\Caries_Gingivitus\600.jpg,600.jpg,Caries-Gingivitis,Training
E:\Dr. Atef Ismail\Khaled Dental\Paper2\archive (10)\Gingivitis\(604).jpg,(604).jpg,Gingivitis,Training
E:\Dr. Atef Ismail\Khaled Dental\Paper2\archive (10)\Gingivitis\(936).jpg,(936).jpg,Gingivitis,Training
E:\Dr. Atef Ismail\Khaled Dental\Paper2\archive (10)\hypodontia\(611).JPG,(611).JPG,Hypodontia,Training
E:\Dr. Atef Ismail\Khaled Dental\Paper2\archive (10)\Gingivitis\(1797).jpg,(1797).jpg,Gingivitis,Training
E:\Dr. Atef Ismail\Khaled Dental\Paper2\archive (10)\Gingivitis\(1641).jpg,(1641).jpg,Gingivitis,Training
E:\Dr. Atef Ismail\Khaled Dental\Paper2\archive (10)\Gingivitis\(607).jpg,(607).jpg,Gingivitis,Training
E:\Dr. Atef Ismail\Khaled Dental\Paper2\archive (10)\Mouth Ulcer\Mouth_Ulcer_0_7869.jpeg,Mouth_Ulcer_0_7869.jpeg,Mouth Ulcer,Training
E:\Dr. Atef Ismail\Khaled Dental\Paper2\archive (10)\Calculus\(985).jpg,(985).jpg,Calculus,Training
E:\Dr. Atef Ismail\Khaled Dental\Paper2\archive (10)\Gingivitis\(1196).jpg,(1196).jpg,Gingivitis,Training
E:\Dr. Atef Ismail\Khaled Dental\Paper2\archive (10)\Tooth Discoloration\Tooth_Discoloration_0_8738.jpeg,Tooth_Discoloration_0_8738.jpeg,Tooth Discoloration,Training
E:\Dr. Atef Ismail\Khaled Dental\Paper2\archive (10)\Mouth Ulcer\Mouth_Ulcer_0_3743.jpeg,Mouth_Ulcer_0_3743.jpeg,Mouth Ulcer,Training
E:\Dr. Atef Ismail\Khaled Dental\Paper2\archive (10)\Tooth Discoloration\Tooth_Discoloration_0_1256.jpeg,Tooth_Discoloration_0_1256.jpeg,Tooth Discoloration,Training
E:\Dr. Atef Ismail\Khaled Dental\Paper2\archive (10)\Calculus\(866).jpg,(866).jpg,Calculus,Training
E:\Dr. Atef Ismail\Khaled Dental\Paper2\archive (10)\Tooth Discoloration\Tooth_Discoloration_0_5276.jpeg,Tooth_Discoloration_0_5276.jpeg,Tooth Discoloration,Training
E:\Dr. Atef Ismail\Khaled Dental\Paper2\archive (10)\Caries_Gingivitus\55.jpg,55.jpg,Caries-Gingivitis,Training
E:\Dr. Atef Ismail\Khaled Dental\Paper2\archive (10)\Calculus\(1109).jpg,(1109).jpg,Calculus,Training
E:\Dr. Atef Ismail\Khaled Dental\Paper2\archive (10)\Tooth Discoloration\Tooth_Discoloration_0_2546.jpeg,Tooth_Discoloration_0_2546.jpeg,Tooth Discoloration,Training
E:\Dr. Atef Ismail\Khaled Dental\Paper2\archive (10)\Caries_Gingivitus\caries_0_5152.jpeg,caries_0_5152.jpeg,Caries-Gingivitis,Training
E:\Dr. Atef Ismail\Khaled Dental\Paper2\archive (10)\Mouth Ulcer\Mouth_Ulcer_0_6542.jpeg,Mouth_Ulcer_0_6542.jpeg,Mouth Ulcer,Training
E:\Dr. Atef Ismail\Khaled Dental\Paper2\archive (10)\Gingivitis\(8).jpg,(8).jpg,Gingivitis,Training
E:\Dr. Atef Ismail\Khaled Dental\Paper2\archive (10)\Gingivitis\(2137).jpg,(2137).jpg,Gingivitis,Training
E:\Dr. Atef Ismail\Khaled Dental\Paper2\archive (10)\hypodontia\(362).JPG,(362).JPG,Hypodontia,Training
E:\Dr. Atef Ismail\Khaled Dental\Paper2\archive (10)\hypodontia\(139).JPG,(139).JPG,Hypodontia,Training
E:\Dr. Atef Ismail\Khaled Dental\Paper2\archive (10)\Caries_Gingivitus\66.jpg,66.jpg,Caries-Gingivitis,Training
E:\Dr. Atef Ismail\Khaled Dental\Paper2\archive (10)\hypodontia\(1068).JPG,(1068).JPG,Hypodontia,Training
E:\Dr. Atef Ismail\Khaled Dental\Paper2\archive (10)\Gingivitis\(1715).jpg,(1715).jpg,Gingivitis,Training
E:\Dr. Atef Ismail\Khaled Dental\Paper2\archive (10)\Mouth Ulcer\Mouth_Ulcer_0_5737.jpeg,Mouth_Ulcer_0_5737.jpeg,Mouth Ulcer,Training
E:\Dr. Atef Ismail\Khaled Dental\Paper2\archive (10)\Mouth Ulcer\Mouth_Ulcer_0_1780.jpeg,Mouth_Ulcer_0_1780.jpeg,Mouth Ulcer,Training
E:\Dr. Atef Ismail\Khaled Dental\Paper2\archive (10)\Gingivitis\(881).jpg,(881).jpg,Gingivitis,Training
E:\Dr. Atef Ismail\Khaled Dental\Paper2\archive (10)\Gingivitis\(1108)(1).jpg,(1108)(1).jpg,Gingivitis,Training
E:\Dr. Atef Ismail\Khaled Dental\Paper2\archive (10)\Tooth Discoloration\Tooth_Discoloration_0_7941.jpeg,Tooth_Discoloration_0_7941.jpeg,Tooth Discoloration,Training
E:\Dr. Atef Ismail\Khaled Dental\Paper2\archive (10)\hypodontia\(204).JPG,(204).JPG,Hypodontia,Training
E:\Dr. Atef Ismail\Khaled Dental\Paper2\archive (10)\Calculus\(263).jpg,(263).jpg,Calculus,Training
E:\Dr. Atef Ismail\Khaled Dental\Paper2\archive (10)\Mouth Ulcer\Mouth_Ulcer_0_8860.jpeg,Mouth_Ulcer_0_8860.jpeg,Mouth Ulcer,Training
E:\Dr. Atef Ismail\Khaled Dental\Paper2\archive (10)\Caries_Gingivitus\71.jpg,71.jpg,Caries-Gingivitis,Training
E:\Dr. Atef Ismail\Khaled Dental\Paper2\archive (10)\Mouth Ulcer\Mouth_Ulcer_0_9447.jpeg,Mouth_Ulcer_0_9447.jpeg,Mouth Ulcer,Training
E:\Dr. Atef Ismail\Khaled Dental\Paper2\archive (10)\Mouth Ulcer\Mouth_Ulcer_0_9566.jpeg,Mouth_Ulcer_0_9566.jpeg,Mouth Ulcer,Training
E:\Dr. Atef Ismail\Khaled Dental\Paper2\archive (10)\Calculus\(88).jpg,(88).jpg,Calculus,Training
E:\Dr. Atef Ismail\Khaled Dental\Paper2\archive (10)\hypodontia\(1246).jpg,(1246).jpg,Hypodontia,Training
E:\Dr. Atef Ismail\Khaled Dental\Paper2\archive (10)\Mouth Ulcer\Mouth_Ulcer_0_8310.jpeg,Mouth_Ulcer_0_8310.jpeg,Mouth Ulcer,Training
E:\Dr. Atef Ismail\Khaled Dental\Paper2\archive (10)\Tooth Discoloration\Tooth_Discoloration_0_6567.jpeg,Tooth_Discoloration_0_6567.jpeg,Tooth Discoloration,Training
E:\Dr. Atef Ismail\Khaled Dental\Paper2\archive (10)\Mouth Ulcer\Mouth_Ulcer_0_5767.jpeg,Mouth_Ulcer_0_5767.jpeg,Mouth Ulcer,Training
E:\Dr. Atef Ismail\Khaled Dental\Paper2\archive (10)\Mouth Ulcer\Mouth_Ulcer_0_7984.jpeg,Mouth_Ulcer_0_7984.jpeg,Mouth Ulcer,Training
E:\Dr. Atef Ismail\Khaled Dental\Paper2\archive (10)\Gingivitis\(447).jpg,(447).jpg,Gingivitis,Training
E:\Dr. Atef Ismail\Khaled Dental\Paper2\archive (10)\Tooth Discoloration\Tooth_Discoloration_0_7229.jpeg,Tooth_Discoloration_0_7229.jpeg,Tooth Discoloration,Training
E:\Dr. Atef Ismail\Khaled Dental\Paper2\archive (10)\Mouth Ulcer\Mouth_Ulcer_0_2337.jpeg,Mouth_Ulcer_0_2337.jpeg,Mouth Ulcer,Training
E:\Dr. Atef Ismail\Khaled Dental\Paper2\archive (10)\Caries_Gingivitus\(45).jpg,(45).jpg,Caries-Gingivitis,Training
E:\Dr. Atef Ismail\Khaled Dental\Paper2\archive (10)\Gingivitis\(305).jpg,(305).jpg,Gingivitis,Training
E:\Dr. Atef Ismail\Khaled Dental\Paper2\archive (10)\hypodontia\(907).JPG,(907).JPG,Hypodontia,Training
E:\Dr. Atef Ismail\Khaled Dental\Paper2\archive (10)\Gingivitis\(1864).jpg,(1864).jpg,Gingivitis,Training
E:\Dr. Atef Ismail\Khaled Dental\Paper2\archive (10)\Tooth Discoloration\Tooth_Discoloration_0_2567.jpeg,Tooth_Discoloration_0_2567.jpeg,Tooth Discoloration,Training
E:\Dr. Atef Ismail\Khaled Dental\Paper2\archive (10)\hypodontia\(1141).JPG,(1141).JPG,Hypodontia,Training
E:\Dr. Atef Ismail\Khaled Dental\Paper2\archive (10)\Calculus\(401).jpg,(401).jpg,Calculus,Training
E:\Dr. Atef Ismail\Khaled Dental\Paper2\archive (10)\Mouth Ulcer\Mouth_Ulcer_0_3268.jpeg,Mouth_Ulcer_0_3268.jpeg,Mouth Ulcer,Training
E:\Dr. Atef Ismail\Khaled Dental\Paper2\archive (10)\Mouth Ulcer\Mouth_Ulcer_0_4633.jpeg,Mouth_Ulcer_0_4633.jpeg,Mouth Ulcer,Training
E:\Dr. Atef Ismail\Khaled Dental\Paper2\archive (10)\Calculus\(940).jpg,(940).jpg,Calculus,Training
E:\Dr. Atef Ismail\Khaled Dental\Paper2\archive (10)\Caries_Gingivitus\caries_0_5153.jpeg,caries_0_5153.jpeg,Caries-Gingivitis,Training
E:\Dr. Atef Ismail\Khaled Dental\Paper2\archive (10)\Gingivitis\(176).jpg,(176).jpg,Gingivitis,Training
E:\Dr. Atef Ismail\Khaled Dental\Paper2\archive (10)\hypodontia\(119).jpg,(119).jpg,Hypodontia,Training
E:\Dr. Atef Ismail\Khaled Dental\Paper2\archive (10)\hypodontia\(377).JPG,(377).JPG,Hypodontia,Training
E:\Dr. Atef Ismail\Khaled Dental\Paper2\archive (10)\Calculus\(480).jpg,(480).jpg,Calculus,Training
E:\Dr. Atef Ismail\Khaled Dental\Paper2\archive (10)\Mouth Ulcer\Mouth_Ulcer_0_6958.jpeg,Mouth_Ulcer_0_6958.jpeg,Mouth Ulcer,Training
E:\Dr. Atef Ismail\Khaled Dental\Paper2\archive (10)\Tooth Discoloration\Tooth_Discoloration_0_6092.jpeg,Tooth_Discoloration_0_6092.jpeg,Tooth Discoloration,Training
E:\Dr. Atef Ismail\Khaled Dental\Paper2\archive (10)\Tooth Discoloration\Tooth_Discoloration_0_8072.jpeg,Tooth_Discoloration_0_8072.jpeg,Tooth Discoloration,Training
E:\Dr. Atef Ismail\Khaled Dental\Paper2\archive (10)\Tooth Discoloration\Tooth_Discoloration_0_8015.jpeg,Tooth_Discoloration_0_8015.jpeg,Tooth Discoloration,Training
E:\Dr. Atef Ismail\Khaled Dental\Paper2\archive (10)\Caries_Gingivitus\579.jpg,579.jpg,Caries-Gingivitis,Training
E:\Dr. Atef Ismail\Khaled Dental\Paper2\archive (10)\hypodontia\(822).jpg,(822).jpg,Hypodontia,Training
E:\Dr. Atef Ismail\Khaled Dental\Paper2\archive (10)\Gingivitis\(222).jpg,(222).jpg,Gingivitis,Training
E:\Dr. Atef Ismail\Khaled Dental\Paper2\archive (10)\Caries_Gingivitus\130.jpg,130.jpg,Caries-Gingivitis,Training
E:\Dr. Atef Ismail\Khaled Dental\Paper2\archive (10)\Tooth Discoloration\Tooth_Discoloration_0_6055.jpeg,Tooth_Discoloration_0_6055.jpeg,Tooth Discoloration,Training
E:\Dr. Atef Ismail\Khaled Dental\Paper2\archive (10)\Mouth Ulcer\Mouth_Ulcer_0_9726.jpeg,Mouth_Ulcer_0_9726.jpeg,Mouth Ulcer,Training
E:\Dr. Atef Ismail\Khaled Dental\Paper2\archive (10)\Calculus\(233).jpg,(233).jpg,Calculus,Training
E:\Dr. Atef Ismail\Khaled Dental\Paper2\archive (10)\Gingivitis\(1758).jpg,(1758).jpg,Gingivitis,Training
E:\Dr. Atef Ismail\Khaled Dental\Paper2\archive (10)\Gingivitis\(2320).jpg,(2320).jpg,Gingivitis,Training
E:\Dr. Atef Ismail\Khaled Dental\Paper2\archive (10)\Calculus\(1186).jpg,(1186).jpg,Calculus,Training
E:\Dr. Atef Ismail\Khaled Dental\Paper2\archive (10)\hypodontia\(1148).JPG,(1148).JPG,Hypodontia,Training
E:\Dr. Atef Ismail\Khaled Dental\Paper2\archive (10)\Tooth Discoloration\Tooth_Discoloration_0_9298.jpeg,Tooth_Discoloration_0_9298.jpeg,Tooth Discoloration,Training
E:\Dr. Atef Ismail\Khaled Dental\Paper2\archive (10)\Gingivitis\(2292).jpg,(2292).jpg,Gingivitis,Training
E:\Dr. Atef Ismail\Khaled Dental\Paper2\archive (10)\Tooth Discoloration\Tooth_Discoloration_0_3013.jpeg,Tooth_Discoloration_0_3013.jpeg,Tooth Discoloration,Training
E:\Dr. Atef Ismail\Khaled Dental\Paper2\archive (10)\Gingivitis\(1563).jpg,(1563).jpg,Gingivitis,Training
E:\Dr. Atef Ismail\Khaled Dental\Paper2\archive (10)\Gingivitis\(1738).jpg,(1738).jpg,Gingivitis,Training
E:\Dr. Atef Ismail\Khaled Dental\Paper2\archive (10)\Calculus\(203).jpg,(203).jpg,Calculus,Training
E:\Dr. Atef Ismail\Khaled Dental\Paper2\archive (10)\Mouth Ulcer\Mouth_Ulcer_0_3352.jpeg,Mouth_Ulcer_0_3352.jpeg,Mouth Ulcer,Training
E:\Dr. Atef Ismail\Khaled Dental\Paper2\archive (10)\Caries_Gingivitus\(180).jpg,(180).jpg,Caries-Gingivitis,Training
E:\Dr. Atef Ismail\Khaled Dental\Paper2\archive (10)\Mouth Ulcer\Mouth_Ulcer_0_1955.jpeg,Mouth_Ulcer_0_1955.jpeg,Mouth Ulcer,Training
E:\Dr. Atef Ismail\Khaled Dental\Paper2\archive (10)\hypodontia\(595).JPG,(595).JPG,Hypodontia,Training
E:\Dr. Atef Ismail\Khaled Dental\Paper2\archive (10)\Tooth Discoloration\Tooth_Discoloration_0_2011.jpeg,Tooth_Discoloration_0_2011.jpeg,Tooth Discoloration,Training
E:\Dr. Atef Ismail\Khaled Dental\Paper2\archive (10)\Mouth Ulcer\Mouth_Ulcer_0_9897.jpeg,Mouth_Ulcer_0_9897.jpeg,Mouth Ulcer,Training
E:\Dr. Atef Ismail\Khaled Dental\Paper2\archive (10)\Gingivitis\(173).jpg,(173).jpg,Gingivitis,Training
E:\Dr. Atef Ismail\Khaled Dental\Paper2\archive (10)\hypodontia\(1156).JPG,(1156).JPG,Hypodontia,Training
E:\Dr. Atef Ismail\Khaled Dental\Paper2\archive (10)\Caries_Gingivitus\566.jpg,566.jpg,Caries-Gingivitis,Training
E:\Dr. Atef Ismail\Khaled Dental\Paper2\archive (10)\Calculus\(171).jpg,(171).jpg,Calculus,Training
E:\Dr. Atef Ismail\Khaled Dental\Paper2\archive (10)\Gingivitis\(924).jpg,(924).jpg,Gingivitis,Training
E:\Dr. Atef Ismail\Khaled Dental\Paper2\archive (10)\Mouth Ulcer\Mouth_Ulcer_0_7067.jpeg,Mouth_Ulcer_0_7067.jpeg,Mouth Ulcer,Training
E:\Dr. Atef Ismail\Khaled Dental\Paper2\archive (10)\Gingivitis\(1625).jpg,(1625).jpg,Gingivitis,Training
E:\Dr. Atef Ismail\Khaled Dental\Paper2\archive (10)\Calculus\(1075).jpg,(1075).jpg,Calculus,Training
E:\Dr. Atef Ismail\Khaled Dental\Paper2\archive (10)\Gingivitis\(104).jpg,(104).jpg,Gingivitis,Training
E:\Dr. Atef Ismail\Khaled Dental\Paper2\archive (10)\Caries_Gingivitus\529.jpg,529.jpg,Caries-Gingivitis,Training
E:\Dr. Atef Ismail\Khaled Dental\Paper2\archive (10)\Mouth Ulcer\Mouth_Ulcer_0_7724.jpeg,Mouth_Ulcer_0_7724.jpeg,Mouth Ulcer,Training
E:\Dr. Atef Ismail\Khaled Dental\Paper2\archive (10)\Tooth Discoloration\Tooth_Discoloration_0_7559.jpeg,Tooth_Discoloration_0_7559.jpeg,Tooth Discoloration,Training
E:\Dr. Atef Ismail\Khaled Dental\Paper2\archive (10)\Gingivitis\(1539).jpg,(1539).jpg,Gingivitis,Training
E:\Dr. Atef Ismail\Khaled Dental\Paper2\archive (10)\Caries_Gingivitus\533.jpg,533.jpg,Caries-Gingivitis,Training
E:\Dr. Atef Ismail\Khaled Dental\Paper2\archive (10)\Gingivitis\(2266).jpg,(2266).jpg,Gingivitis,Training
E:\Dr. Atef Ismail\Khaled Dental\Paper2\archive (10)\hypodontia\(859).JPG,(859).JPG,Hypodontia,Training
E:\Dr. Atef Ismail\Khaled Dental\Paper2\archive (10)\Gingivitis\(862).jpg,(862).jpg,Gingivitis,Training
E:\Dr. Atef Ismail\Khaled Dental\Paper2\archive (10)\Calculus\(49).jpg,(49).jpg,Calculus,Training
E:\Dr. Atef Ismail\Khaled Dental\Paper2\archive (10)\Caries_Gingivitus\607.jpg,607.jpg,Caries-Gingivitis,Training
E:\Dr. Atef Ismail\Khaled Dental\Paper2\archive (10)\hypodontia\(441).JPG,(441).JPG,Hypodontia,Training
E:\Dr. Atef Ismail\Khaled Dental\Paper2\archive (10)\Tooth Discoloration\Tooth_Discoloration_0_1598.jpeg,Tooth_Discoloration_0_1598.jpeg,Tooth Discoloration,Training
E:\Dr. Atef Ismail\Khaled Dental\Paper2\archive (10)\Mouth Ulcer\Mouth_Ulcer_0_1194.jpeg,Mouth_Ulcer_0_1194.jpeg,Mouth Ulcer,Training
E:\Dr. Atef Ismail\Khaled Dental\Paper2\archive (10)\Mouth Ulcer\Mouth_Ulcer_0_2414.jpeg,Mouth_Ulcer_0_2414.jpeg,Mouth Ulcer,Training
E:\Dr. Atef Ismail\Khaled Dental\Paper2\archive (10)\hypodontia\(262).jpg,(262).jpg,Hypodontia,Training
E:\Dr. Atef Ismail\Khaled Dental\Paper2\archive (10)\Mouth Ulcer\Mouth_Ulcer_0_3805.jpeg,Mouth_Ulcer_0_3805.jpeg,Mouth Ulcer,Training
E:\Dr. Atef Ismail\Khaled Dental\Paper2\archive (10)\Mouth Ulcer\Mouth_Ulcer_0_2094.jpeg,Mouth_Ulcer_0_2094.jpeg,Mouth Ulcer,Training
E:\Dr. Atef Ismail\Khaled Dental\Paper2\archive (10)\Mouth Ulcer\Mouth_Ulcer_0_4303.jpeg,Mouth_Ulcer_0_4303.jpeg,Mouth Ulcer,Training
E:\Dr. Atef Ismail\Khaled Dental\Paper2\archive (10)\Gingivitis\(2125).jpg,(2125).jpg,Gingivitis,Training
E:\Dr. Atef Ismail\Khaled Dental\Paper2\archive (10)\hypodontia\(388).jpg,(388).jpg,Hypodontia,Training
E:\Dr. Atef Ismail\Khaled Dental\Paper2\archive (10)\Caries_Gingivitus\caries_0_4004.jpeg,caries_0_4004.jpeg,Caries-Gingivitis,Training
E:\Dr. Atef Ismail\Khaled Dental\Paper2\archive (10)\Mouth Ulcer\Mouth_Ulcer_0_5945.jpeg,Mouth_Ulcer_0_5945.jpeg,Mouth Ulcer,Training
E:\Dr. Atef Ismail\Khaled Dental\Paper2\archive (10)\Mouth Ulcer\Mouth_Ulcer_0_8028.jpeg,Mouth_Ulcer_0_8028.jpeg,Mouth Ulcer,Training
E:\Dr. Atef Ismail\Khaled Dental\Paper2\archive (10)\Calculus\(213).jpg,(213).jpg,Calculus,Training
E:\Dr. Atef Ismail\Khaled Dental\Paper2\archive (10)\Calculus\(474).jpg,(474).jpg,Calculus,Training
E:\Dr. Atef Ismail\Khaled Dental\Paper2\archive (10)\Calculus\(1197).jpg,(1197).jpg,Calculus,Training
E:\Dr. Atef Ismail\Khaled Dental\Paper2\archive (10)\Caries_Gingivitus\caries_0_3635.jpeg,caries_0_3635.jpeg,Caries-Gingivitis,Training
E:\Dr. Atef Ismail\Khaled Dental\Paper2\archive (10)\hypodontia\(553).jpg,(553).jpg,Hypodontia,Training
E:\Dr. Atef Ismail\Khaled Dental\Paper2\archive (10)\Caries_Gingivitus\324.jpg,324.jpg,Caries-Gingivitis,Training
E:\Dr. Atef Ismail\Khaled Dental\Paper2\archive (10)\Gingivitis\(1116).jpg,(1116).jpg,Gingivitis,Training
E:\Dr. Atef Ismail\Khaled Dental\Paper2\archive (10)\Mouth Ulcer\Mouth_Ulcer_0_8640.jpeg,Mouth_Ulcer_0_8640.jpeg,Mouth Ulcer,Training
E:\Dr. Atef Ismail\Khaled Dental\Paper2\archive (10)\Mouth Ulcer\Mouth_Ulcer_0_4595.jpeg,Mouth_Ulcer_0_4595.jpeg,Mouth Ulcer,Training
E:\Dr. Atef Ismail\Khaled Dental\Paper2\archive (10)\Gingivitis\(1124).jpg,(1124).jpg,Gingivitis,Training
E:\Dr. Atef Ismail\Khaled Dental\Paper2\archive (10)\Gingivitis\(2101).jpg,(2101).jpg,Gingivitis,Training
E:\Dr. Atef Ismail\Khaled Dental\Paper2\archive (10)\Gingivitis\(1192).jpg,(1192).jpg,Gingivitis,Training
E:\Dr. Atef Ismail\Khaled Dental\Paper2\archive (10)\Gingivitis\(612).jpg,(612).jpg,Gingivitis,Training
E:\Dr. Atef Ismail\Khaled Dental\Paper2\archive (10)\Mouth Ulcer\Mouth_Ulcer_0_411.jpeg,Mouth_Ulcer_0_411.jpeg,Mouth Ulcer,Training
E:\Dr. Atef Ismail\Khaled Dental\Paper2\archive (10)\hypodontia\(535).jpg,(535).jpg,Hypodontia,Training
E:\Dr. Atef Ismail\Khaled Dental\Paper2\archive (10)\hypodontia\(821).jpg,(821).jpg,Hypodontia,Training
E:\Dr. Atef Ismail\Khaled Dental\Paper2\archive (10)\Tooth Discoloration\Tooth_Discoloration_0_895.jpeg,Tooth_Discoloration_0_895.jpeg,Tooth Discoloration,Training
E:\Dr. Atef Ismail\Khaled Dental\Paper2\archive (10)\hypodontia\(721).JPG,(721).JPG,Hypodontia,Training
E:\Dr. Atef Ismail\Khaled Dental\Paper2\archive (10)\Mouth Ulcer\Mouth_Ulcer_0_9169.jpeg,Mouth_Ulcer_0_9169.jpeg,Mouth Ulcer,Training
E:\Dr. Atef Ismail\Khaled Dental\Paper2\archive (10)\Gingivitis\(1909).jpg,(1909).jpg,Gingivitis,Training
E:\Dr. Atef Ismail\Khaled Dental\Paper2\archive (10)\hypodontia\(426).JPG,(426).JPG,Hypodontia,Training
E:\Dr. Atef Ismail\Khaled Dental\Paper2\archive (10)\Tooth Discoloration\Tooth_Discoloration_0_2102.jpeg,Tooth_Discoloration_0_2102.jpeg,Tooth Discoloration,Training
E:\Dr. Atef Ismail\Khaled Dental\Paper2\archive (10)\Calculus\(998).jpg,(998).jpg,Calculus,Training
E:\Dr. Atef Ismail\Khaled Dental\Paper2\archive (10)\Caries_Gingivitus\114.jpg,114.jpg,Caries-Gingivitis,Training
E:\Dr. Atef Ismail\Khaled Dental\Paper2\archive (10)\Gingivitis\(1463).jpg,(1463).jpg,Gingivitis,Training
E:\Dr. Atef Ismail\Khaled Dental\Paper2\archive (10)\Gingivitis\(1860).jpg,(1860).jpg,Gingivitis,Training
E:\Dr. Atef Ismail\Khaled Dental\Paper2\archive (10)\hypodontia\(1177).JPG,(1177).JPG,Hypodontia,Training
E:\Dr. Atef Ismail\Khaled Dental\Paper2\archive (10)\Tooth Discoloration\Tooth_Discoloration_0_2822.jpeg,Tooth_Discoloration_0_2822.jpeg,Tooth Discoloration,Training
E:\Dr. Atef Ismail\Khaled Dental\Paper2\archive (10)\Calculus\(218).jpg,(218).jpg,Calculus,Training
E:\Dr. Atef Ismail\Khaled Dental\Paper2\archive (10)\Gingivitis\(56).jpg,(56).jpg,Gingivitis,Training
E:\Dr. Atef Ismail\Khaled Dental\Paper2\archive (10)\hypodontia\(715).JPG,(715).JPG,Hypodontia,Training
E:\Dr. Atef Ismail\Khaled Dental\Paper2\archive (10)\Calculus\(525).jpg,(525).jpg,Calculus,Training
E:\Dr. Atef Ismail\Khaled Dental\Paper2\archive (10)\Caries_Gingivitus\460.jpg,460.jpg,Caries-Gingivitis,Training
E:\Dr. Atef Ismail\Khaled Dental\Paper2\archive (10)\Mouth Ulcer\Mouth_Ulcer_0_9698.jpeg,Mouth_Ulcer_0_9698.jpeg,Mouth Ulcer,Training
E:\Dr. Atef Ismail\Khaled Dental\Paper2\archive (10)\Mouth Ulcer\Mouth_Ulcer_0_6587.jpeg,Mouth_Ulcer_0_6587.jpeg,Mouth Ulcer,Training
E:\Dr. Atef Ismail\Khaled Dental\Paper2\archive (10)\Calculus\(1177).jpg,(1177).jpg,Calculus,Training
E:\Dr. Atef Ismail\Khaled Dental\Paper2\archive (10)\Caries_Gingivitus\526.jpg,526.jpg,Caries-Gingivitis,Training
E:\Dr. Atef Ismail\Khaled Dental\Paper2\archive (10)\Gingivitis\(1751).jpg,(1751).jpg,Gingivitis,Training
E:\Dr. Atef Ismail\Khaled Dental\Paper2\archive (10)\Mouth Ulcer\Mouth_Ulcer_0_6284.jpeg,Mouth_Ulcer_0_6284.jpeg,Mouth Ulcer,Training
E:\Dr. Atef Ismail\Khaled Dental\Paper2\archive (10)\Caries_Gingivitus\(52).jpg,(52).jpg,Caries-Gingivitis,Training
E:\Dr. Atef Ismail\Khaled Dental\Paper2\archive (10)\Tooth Discoloration\Tooth_Discoloration_0_9413.jpeg,Tooth_Discoloration_0_9413.jpeg,Tooth Discoloration,Training
E:\Dr. Atef Ismail\Khaled Dental\Paper2\archive (10)\Caries_Gingivitus\caries_0_3890.jpeg,caries_0_3890.jpeg,Caries-Gingivitis,Training
E:\Dr. Atef Ismail\Khaled Dental\Paper2\archive (10)\Tooth Discoloration\Tooth_Discoloration_0_3876.jpeg,Tooth_Discoloration_0_3876.jpeg,Tooth Discoloration,Training
E:\Dr. Atef Ismail\Khaled Dental\Paper2\archive (10)\Caries_Gingivitus\caries_0_309.jpeg,caries_0_309.jpeg,Caries-Gingivitis,Training
E:\Dr. Atef Ismail\Khaled Dental\Paper2\archive (10)\Mouth Ulcer\Mouth_Ulcer_0_335.jpeg,Mouth_Ulcer_0_335.jpeg,Mouth Ulcer,Training
E:\Dr. Atef Ismail\Khaled Dental\Paper2\archive (10)\Gingivitis\(2122).jpg,(2122).jpg,Gingivitis,Training
E:\Dr. Atef Ismail\Khaled Dental\Paper2\archive (10)\Caries_Gingivitus\(223).jpg,(223).jpg,Caries-Gingivitis,Training
E:\Dr. Atef Ismail\Khaled Dental\Paper2\archive (10)\Caries_Gingivitus\caries_0_662.jpeg,caries_0_662.jpeg,Caries-Gingivitis,Training
E:\Dr. Atef Ismail\Khaled Dental\Paper2\archive (10)\hypodontia\(954).JPG,(954).JPG,Hypodontia,Training
E:\Dr. Atef Ismail\Khaled Dental\Paper2\archive (10)\hypodontia\(654).jpg,(654).jpg,Hypodontia,Training
E:\Dr. Atef Ismail\Khaled Dental\Paper2\archive (10)\Mouth Ulcer\Mouth_Ulcer_0_3130.jpeg,Mouth_Ulcer_0_3130.jpeg,Mouth Ulcer,Training
E:\Dr. Atef Ismail\Khaled Dental\Paper2\archive (10)\Mouth Ulcer\Mouth_Ulcer_0_472.jpeg,Mouth_Ulcer_0_472.jpeg,Mouth Ulcer,Training
E:\Dr. Atef Ismail\Khaled Dental\Paper2\archive (10)\Gingivitis\(1632).jpg,(1632).jpg,Gingivitis,Training
E:\Dr. Atef Ismail\Khaled Dental\Paper2\archive (10)\Tooth Discoloration\Tooth_Discoloration_0_129.jpeg,Tooth_Discoloration_0_129.jpeg,Tooth Discoloration,Training
E:\Dr. Atef Ismail\Khaled Dental\Paper2\archive (10)\Tooth Discoloration\Tooth_Discoloration_0_8814.jpeg,Tooth_Discoloration_0_8814.jpeg,Tooth Discoloration,Training
E:\Dr. Atef Ismail\Khaled Dental\Paper2\archive (10)\Calculus\(507).jpg,(507).jpg,Calculus,Training
E:\Dr. Atef Ismail\Khaled Dental\Paper2\archive (10)\Caries_Gingivitus\53.jpg,53.jpg,Caries-Gingivitis,Training
E:\Dr. Atef Ismail\Khaled Dental\Paper2\archive (10)\Calculus\(116).jpg,(116).jpg,Calculus,Training
E:\Dr. Atef Ismail\Khaled Dental\Paper2\archive (10)\Gingivitis\(317).jpg,(317).jpg,Gingivitis,Training
E:\Dr. Atef Ismail\Khaled Dental\Paper2\archive (10)\Caries_Gingivitus\caries_0_5194.jpeg,caries_0_5194.jpeg,Caries-Gingivitis,Training
E:\Dr. Atef Ismail\Khaled Dental\Paper2\archive (10)\Caries_Gingivitus\433.jpg,433.jpg,Caries-Gingivitis,Training
E:\Dr. Atef Ismail\Khaled Dental\Paper2\archive (10)\Tooth Discoloration\Tooth_Discoloration_0_828.jpeg,Tooth_Discoloration_0_828.jpeg,Tooth Discoloration,Training
E:\Dr. Atef Ismail\Khaled Dental\Paper2\archive (10)\Tooth Discoloration\Tooth_Discoloration_0_5737.jpeg,Tooth_Discoloration_0_5737.jpeg,Tooth Discoloration,Training
E:\Dr. Atef Ismail\Khaled Dental\Paper2\archive (10)\Gingivitis\(458).jpg,(458).jpg,Gingivitis,Training
E:\Dr. Atef Ismail\Khaled Dental\Paper2\archive (10)\Tooth Discoloration\Tooth_Discoloration_0_7797.jpeg,Tooth_Discoloration_0_7797.jpeg,Tooth Discoloration,Training
E:\Dr. Atef Ismail\Khaled Dental\Paper2\archive (10)\Gingivitis\(1645).jpg,(1645).jpg,Gingivitis,Training
E:\Dr. Atef Ismail\Khaled Dental\Paper2\archive (10)\Gingivitis\(818).jpg,(818).jpg,Gingivitis,Training
E:\Dr. Atef Ismail\Khaled Dental\Paper2\archive (10)\Gingivitis\(1719).jpg,(1719).jpg,Gingivitis,Training
E:\Dr. Atef Ismail\Khaled Dental\Paper2\archive (10)\Calculus\(1128).jpg,(1128).jpg,Calculus,Training
E:\Dr. Atef Ismail\Khaled Dental\Paper2\archive (10)\Tooth Discoloration\Tooth_Discoloration_0_5717.jpeg,Tooth_Discoloration_0_5717.jpeg,Tooth Discoloration,Training
E:\Dr. Atef Ismail\Khaled Dental\Paper2\archive (10)\Caries_Gingivitus\caries_0_497.jpeg,caries_0_497.jpeg,Caries-Gingivitis,Training
E:\Dr. Atef Ismail\Khaled Dental\Paper2\archive (10)\Caries_Gingivitus\476.jpg,476.jpg,Caries-Gingivitis,Training
E:\Dr. Atef Ismail\Khaled Dental\Paper2\archive (10)\Caries_Gingivitus\caries_0_3329.jpeg,caries_0_3329.jpeg,Caries-Gingivitis,Training
E:\Dr. Atef Ismail\Khaled Dental\Paper2\archive (10)\Mouth Ulcer\Mouth_Ulcer_0_5343.jpeg,Mouth_Ulcer_0_5343.jpeg,Mouth Ulcer,Training
E:\Dr. Atef Ismail\Khaled Dental\Paper2\archive (10)\Calculus\(759).jpg,(759).jpg,Calculus,Training
E:\Dr. Atef Ismail\Khaled Dental\Paper2\archive (10)\Mouth Ulcer\Mouth_Ulcer_0_8000.jpeg,Mouth_Ulcer_0_8000.jpeg,Mouth Ulcer,Training
E:\Dr. Atef Ismail\Khaled Dental\Paper2\archive (10)\Calculus\(262).jpg,(262).jpg,Calculus,Training
E:\Dr. Atef Ismail\Khaled Dental\Paper2\archive (10)\Caries_Gingivitus\477.jpg,477.jpg,Caries-Gingivitis,Training
E:\Dr. Atef Ismail\Khaled Dental\Paper2\archive (10)\Mouth Ulcer\Mouth_Ulcer_0_1354.jpeg,Mouth_Ulcer_0_1354.jpeg,Mouth Ulcer,Training
E:\Dr. Atef Ismail\Khaled Dental\Paper2\archive (10)\Gingivitis\(1469).jpg,(1469).jpg,Gingivitis,Training
E:\Dr. Atef Ismail\Khaled Dental\Paper2\archive (10)\Gingivitis\(1311).jpg,(1311).jpg,Gingivitis,Training
E:\Dr. Atef Ismail\Khaled Dental\Paper2\archive (10)\Calculus\(681).jpg,(681).jpg,Calculus,Training
E:\Dr. Atef Ismail\Khaled Dental\Paper2\archive (10)\Caries_Gingivitus\caries_0_3372.jpeg,caries_0_3372.jpeg,Caries-Gingivitis,Training
E:\Dr. Atef Ismail\Khaled Dental\Paper2\archive (10)\Caries_Gingivitus\caries_0_4177.jpeg,caries_0_4177.jpeg,Caries-Gingivitis,Training
E:\Dr. Atef Ismail\Khaled Dental\Paper2\archive (10)\Mouth Ulcer\Mouth_Ulcer_0_1076.jpeg,Mouth_Ulcer_0_1076.jpeg,Mouth Ulcer,Training
E:\Dr. Atef Ismail\Khaled Dental\Paper2\archive (10)\Gingivitis\(1851).jpg,(1851).jpg,Gingivitis,Training
E:\Dr. Atef Ismail\Khaled Dental\Paper2\archive (10)\Gingivitis\(263).jpg,(263).jpg,Gingivitis,Training
E:\Dr. Atef Ismail\Khaled Dental\Paper2\archive (10)\hypodontia\(1001).JPG,(1001).JPG,Hypodontia,Training
E:\Dr. Atef Ismail\Khaled Dental\Paper2\archive (10)\Caries_Gingivitus\caries_0_4983.jpeg,caries_0_4983.jpeg,Caries-Gingivitis,Training
E:\Dr. Atef Ismail\Khaled Dental\Paper2\archive (10)\Calculus\(774).jpg,(774).jpg,Calculus,Training
E:\Dr. Atef Ismail\Khaled Dental\Paper2\archive (10)\Caries_Gingivitus\215.jpg,215.jpg,Caries-Gingivitis,Training
E:\Dr. Atef Ismail\Khaled Dental\Paper2\archive (10)\Tooth Discoloration\Tooth_Discoloration_0_9257.jpeg,Tooth_Discoloration_0_9257.jpeg,Tooth Discoloration,Training
E:\Dr. Atef Ismail\Khaled Dental\Paper2\archive (10)\Mouth Ulcer\Mouth_Ulcer_0_9109.jpeg,Mouth_Ulcer_0_9109.jpeg,Mouth Ulcer,Training
E:\Dr. Atef Ismail\Khaled Dental\Paper2\archive (10)\Tooth Discoloration\Tooth_Discoloration_0_1891.jpeg,Tooth_Discoloration_0_1891.jpeg,Tooth Discoloration,Training
E:\Dr. Atef Ismail\Khaled Dental\Paper2\archive (10)\Mouth Ulcer\Mouth_Ulcer_0_4578.jpeg,Mouth_Ulcer_0_4578.jpeg,Mouth Ulcer,Training
E:\Dr. Atef Ismail\Khaled Dental\Paper2\archive (10)\Gingivitis\(1943).jpg,(1943).jpg,Gingivitis,Training
E:\Dr. Atef Ismail\Khaled Dental\Paper2\archive (10)\Mouth Ulcer\Mouth_Ulcer_0_372.jpeg,Mouth_Ulcer_0_372.jpeg,Mouth Ulcer,Training
E:\Dr. Atef Ismail\Khaled Dental\Paper2\archive (10)\Mouth Ulcer\Mouth_Ulcer_0_3006.jpeg,Mouth_Ulcer_0_3006.jpeg,Mouth Ulcer,Training
E:\Dr. Atef Ismail\Khaled Dental\Paper2\archive (10)\Mouth Ulcer\Mouth_Ulcer_0_3602.jpeg,Mouth_Ulcer_0_3602.jpeg,Mouth Ulcer,Training
E:\Dr. Atef Ismail\Khaled Dental\Paper2\archive (10)\Calculus\(771).jpg,(771).jpg,Calculus,Training
E:\Dr. Atef Ismail\Khaled Dental\Paper2\archive (10)\Gingivitis\(819).jpg,(819).jpg,Gingivitis,Training
E:\Dr. Atef Ismail\Khaled Dental\Paper2\archive (10)\Caries_Gingivitus\124.jpg,124.jpg,Caries-Gingivitis,Training
E:\Dr. Atef Ismail\Khaled Dental\Paper2\archive (10)\Caries_Gingivitus\caries_0_3863.jpeg,caries_0_3863.jpeg,Caries-Gingivitis,Training
E:\Dr. Atef Ismail\Khaled Dental\Paper2\archive (10)\Mouth Ulcer\Mouth_Ulcer_0_1558.jpeg,Mouth_Ulcer_0_1558.jpeg,Mouth Ulcer,Training
E:\Dr. Atef Ismail\Khaled Dental\Paper2\archive (10)\Gingivitis\(2035).jpg,(2035).jpg,Gingivitis,Training
E:\Dr. Atef Ismail\Khaled Dental\Paper2\archive (10)\Tooth Discoloration\Tooth_Discoloration_0_6252.jpeg,Tooth_Discoloration_0_6252.jpeg,Tooth Discoloration,Training
E:\Dr. Atef Ismail\Khaled Dental\Paper2\archive (10)\Calculus\(665).jpg,(665).jpg,Calculus,Training
E:\Dr. Atef Ismail\Khaled Dental\Paper2\archive (10)\Mouth Ulcer\Mouth_Ulcer_0_8431.jpeg,Mouth_Ulcer_0_8431.jpeg,Mouth Ulcer,Training
E:\Dr. Atef Ismail\Khaled Dental\Paper2\archive (10)\Caries_Gingivitus\caries_0_3696.jpeg,caries_0_3696.jpeg,Caries-Gingivitis,Training
E:\Dr. Atef Ismail\Khaled Dental\Paper2\archive (10)\hypodontia\(405).jpg,(405).jpg,Hypodontia,Training
E:\Dr. Atef Ismail\Khaled Dental\Paper2\archive (10)\Gingivitis\(2170).jpg,(2170).jpg,Gingivitis,Training
E:\Dr. Atef Ismail\Khaled Dental\Paper2\archive (10)\Gingivitis\(877).jpg,(877).jpg,Gingivitis,Training
E:\Dr. Atef Ismail\Khaled Dental\Paper2\archive (10)\hypodontia\(1217).jpg,(1217).jpg,Hypodontia,Training
E:\Dr. Atef Ismail\Khaled Dental\Paper2\archive (10)\Caries_Gingivitus\caries_0_4207.jpeg,caries_0_4207.jpeg,Caries-Gingivitis,Training
E:\Dr. Atef Ismail\Khaled Dental\Paper2\archive (10)\Tooth Discoloration\Tooth_Discoloration_0_4207.jpeg,Tooth_Discoloration_0_4207.jpeg,Tooth Discoloration,Training
E:\Dr. Atef Ismail\Khaled Dental\Paper2\archive (10)\Mouth Ulcer\Mouth_Ulcer_0_4498.jpeg,Mouth_Ulcer_0_4498.jpeg,Mouth Ulcer,Training
E:\Dr. Atef Ismail\Khaled Dental\Paper2\archive (10)\hypodontia\(1115).JPG,(1115).JPG,Hypodontia,Training
E:\Dr. Atef Ismail\Khaled Dental\Paper2\archive (10)\hypodontia\(398).JPG,(398).JPG,Hypodontia,Training
E:\Dr. Atef Ismail\Khaled Dental\Paper2\archive (10)\Gingivitis\(2318).jpg,(2318).jpg,Gingivitis,Training
E:\Dr. Atef Ismail\Khaled Dental\Paper2\archive (10)\Tooth Discoloration\Tooth_Discoloration_0_498.jpeg,Tooth_Discoloration_0_498.jpeg,Tooth Discoloration,Training
E:\Dr. Atef Ismail\Khaled Dental\Paper2\archive (10)\Gingivitis\(1824).jpg,(1824).jpg,Gingivitis,Training
E:\Dr. Atef Ismail\Khaled Dental\Paper2\archive (10)\Caries_Gingivitus\caries_0_4200.jpeg,caries_0_4200.jpeg,Caries-Gingivitis,Training
E:\Dr. Atef Ismail\Khaled Dental\Paper2\archive (10)\Gingivitis\(1483).jpg,(1483).jpg,Gingivitis,Training
E:\Dr. Atef Ismail\Khaled Dental\Paper2\archive (10)\Mouth Ulcer\Mouth_Ulcer_0_1508.jpeg,Mouth_Ulcer_0_1508.jpeg,Mouth Ulcer,Training
E:\Dr. Atef Ismail\Khaled Dental\Paper2\archive (10)\Mouth Ulcer\Mouth_Ulcer_0_1408.jpeg,Mouth_Ulcer_0_1408.jpeg,Mouth Ulcer,Training
E:\Dr. Atef Ismail\Khaled Dental\Paper2\archive (10)\Calculus\(1294).jpg,(1294).jpg,Calculus,Training
E:\Dr. Atef Ismail\Khaled Dental\Paper2\archive (10)\Mouth Ulcer\Mouth_Ulcer_0_5842.jpeg,Mouth_Ulcer_0_5842.jpeg,Mouth Ulcer,Training
E:\Dr. Atef Ismail\Khaled Dental\Paper2\archive (10)\hypodontia\(645).JPG,(645).JPG,Hypodontia,Training
E:\Dr. Atef Ismail\Khaled Dental\Paper2\archive (10)\Caries_Gingivitus\caries_0_4426.jpeg,caries_0_4426.jpeg,Caries-Gingivitis,Training
E:\Dr. Atef Ismail\Khaled Dental\Paper2\archive (10)\Gingivitis\(635).jpg,(635).jpg,Gingivitis,Training
E:\Dr. Atef Ismail\Khaled Dental\Paper2\archive (10)\Tooth Discoloration\Tooth_Discoloration_0_1535.jpeg,Tooth_Discoloration_0_1535.jpeg,Tooth Discoloration,Training
E:\Dr. Atef Ismail\Khaled Dental\Paper2\archive (10)\Gingivitis\(294).jpg,(294).jpg,Gingivitis,Training
E:\Dr. Atef Ismail\Khaled Dental\Paper2\archive (10)\Tooth Discoloration\Tooth_Discoloration_0_6365.jpeg,Tooth_Discoloration_0_6365.jpeg,Tooth Discoloration,Training
E:\Dr. Atef Ismail\Khaled Dental\Paper2\archive (10)\hypodontia\(833).JPG,(833).JPG,Hypodontia,Training
E:\Dr. Atef Ismail\Khaled Dental\Paper2\archive (10)\Calculus\(430).jpg,(430).jpg,Calculus,Training
E:\Dr. Atef Ismail\Khaled Dental\Paper2\archive (10)\Mouth Ulcer\Mouth_Ulcer_0_4726.jpeg,Mouth_Ulcer_0_4726.jpeg,Mouth Ulcer,Training
E:\Dr. Atef Ismail\Khaled Dental\Paper2\archive (10)\Mouth Ulcer\Mouth_Ulcer_0_5944.jpeg,Mouth_Ulcer_0_5944.jpeg,Mouth Ulcer,Training
E:\Dr. Atef Ismail\Khaled Dental\Paper2\archive (10)\Mouth Ulcer\Mouth_Ulcer_0_2878.jpeg,Mouth_Ulcer_0_2878.jpeg,Mouth Ulcer,Training
E:\Dr. Atef Ismail\Khaled Dental\Paper2\archive (10)\Mouth Ulcer\Mouth_Ulcer_0_3069.jpeg,Mouth_Ulcer_0_3069.jpeg,Mouth Ulcer,Training
E:\Dr. Atef Ismail\Khaled Dental\Paper2\archive (10)\hypodontia\(627).JPG,(627).JPG,Hypodontia,Training
E:\Dr. Atef Ismail\Khaled Dental\Paper2\archive (10)\Caries_Gingivitus\210.jpg,210.jpg,Caries-Gingivitis,Training
E:\Dr. Atef Ismail\Khaled Dental\Paper2\archive (10)\Gingivitis\(1271).jpg,(1271).jpg,Gingivitis,Training
E:\Dr. Atef Ismail\Khaled Dental\Paper2\archive (10)\Mouth Ulcer\Mouth_Ulcer_0_6280.jpeg,Mouth_Ulcer_0_6280.jpeg,Mouth Ulcer,Training
E:\Dr. Atef Ismail\Khaled Dental\Paper2\archive (10)\Mouth Ulcer\Mouth_Ulcer_0_8999.jpeg,Mouth_Ulcer_0_8999.jpeg,Mouth Ulcer,Training
E:\Dr. Atef Ismail\Khaled Dental\Paper2\archive (10)\Mouth Ulcer\Mouth_Ulcer_0_1033.jpeg,Mouth_Ulcer_0_1033.jpeg,Mouth Ulcer,Training
E:\Dr. Atef Ismail\Khaled Dental\Paper2\archive (10)\Tooth Discoloration\Tooth_Discoloration_0_5604.jpeg,Tooth_Discoloration_0_5604.jpeg,Tooth Discoloration,Training
E:\Dr. Atef Ismail\Khaled Dental\Paper2\archive (10)\Gingivitis\(2117).jpg,(2117).jpg,Gingivitis,Training
E:\Dr. Atef Ismail\Khaled Dental\Paper2\archive (10)\Caries_Gingivitus\6.jpg,6.jpg,Caries-Gingivitis,Training
E:\Dr. Atef Ismail\Khaled Dental\Paper2\archive (10)\Tooth Discoloration\Tooth_Discoloration_0_3808.jpeg,Tooth_Discoloration_0_3808.jpeg,Tooth Discoloration,Training
E:\Dr. Atef Ismail\Khaled Dental\Paper2\archive (10)\hypodontia\(194).JPG,(194).JPG,Hypodontia,Training
E:\Dr. Atef Ismail\Khaled Dental\Paper2\archive (10)\Gingivitis\(365).jpg,(365).jpg,Gingivitis,Training
E:\Dr. Atef Ismail\Khaled Dental\Paper2\archive (10)\Calculus\(1218).jpg,(1218).jpg,Calculus,Training
E:\Dr. Atef Ismail\Khaled Dental\Paper2\archive (10)\Mouth Ulcer\Mouth_Ulcer_0_4158.jpeg,Mouth_Ulcer_0_4158.jpeg,Mouth Ulcer,Training
E:\Dr. Atef Ismail\Khaled Dental\Paper2\archive (10)\Caries_Gingivitus\caries_0_4992.jpeg,caries_0_4992.jpeg,Caries-Gingivitis,Training
E:\Dr. Atef Ismail\Khaled Dental\Paper2\archive (10)\Mouth Ulcer\Mouth_Ulcer_0_9968.jpeg,Mouth_Ulcer_0_9968.jpeg,Mouth Ulcer,Training
E:\Dr. Atef Ismail\Khaled Dental\Paper2\archive (10)\Calculus\(910).jpg,(910).jpg,Calculus,Training
E:\Dr. Atef Ismail\Khaled Dental\Paper2\archive (10)\Calculus\(732).jpg,(732).jpg,Calculus,Training
E:\Dr. Atef Ismail\Khaled Dental\Paper2\archive (10)\Mouth Ulcer\Mouth_Ulcer_0_6205.jpeg,Mouth_Ulcer_0_6205.jpeg,Mouth Ulcer,Training
E:\Dr. Atef Ismail\Khaled Dental\Paper2\archive (10)\Mouth Ulcer\Mouth_Ulcer_0_9654.jpeg,Mouth_Ulcer_0_9654.jpeg,Mouth Ulcer,Training
E:\Dr. Atef Ismail\Khaled Dental\Paper2\archive (10)\Tooth Discoloration\Tooth_Discoloration_0_9893.jpeg,Tooth_Discoloration_0_9893.jpeg,Tooth Discoloration,Training
E:\Dr. Atef Ismail\Khaled Dental\Paper2\archive (10)\Tooth Discoloration\Tooth_Discoloration_0_2627.jpeg,Tooth_Discoloration_0_2627.jpeg,Tooth Discoloration,Training
E:\Dr. Atef Ismail\Khaled Dental\Paper2\archive (10)\Gingivitis\(1284).jpg,(1284).jpg,Gingivitis,Training
E:\Dr. Atef Ismail\Khaled Dental\Paper2\archive (10)\Gingivitis\(1841).jpg,(1841).jpg,Gingivitis,Training
E:\Dr. Atef Ismail\Khaled Dental\Paper2\archive (10)\Mouth Ulcer\Mouth_Ulcer_0_7484.jpeg,Mouth_Ulcer_0_7484.jpeg,Mouth Ulcer,Training
E:\Dr. Atef Ismail\Khaled Dental\Paper2\archive (10)\Caries_Gingivitus\314.jpg,314.jpg,Caries-Gingivitis,Training
E:\Dr. Atef Ismail\Khaled Dental\Paper2\archive (10)\Tooth Discoloration\Tooth_Discoloration_0_4890.jpeg,Tooth_Discoloration_0_4890.jpeg,Tooth Discoloration,Training
E:\Dr. Atef Ismail\Khaled Dental\Paper2\archive (10)\Gingivitis\(648).jpg,(648).jpg,Gingivitis,Training
E:\Dr. Atef Ismail\Khaled Dental\Paper2\archive (10)\hypodontia\(167).JPG,(167).JPG,Hypodontia,Training
E:\Dr. Atef Ismail\Khaled Dental\Paper2\archive (10)\Caries_Gingivitus\493.jpg,493.jpg,Caries-Gingivitis,Training
E:\Dr. Atef Ismail\Khaled Dental\Paper2\archive (10)\Mouth Ulcer\Mouth_Ulcer_0_6602.jpeg,Mouth_Ulcer_0_6602.jpeg,Mouth Ulcer,Training
E:\Dr. Atef Ismail\Khaled Dental\Paper2\archive (10)\Mouth Ulcer\Mouth_Ulcer_0_6377.jpeg,Mouth_Ulcer_0_6377.jpeg,Mouth Ulcer,Training
E:\Dr. Atef Ismail\Khaled Dental\Paper2\archive (10)\Gingivitis\(31).jpg,(31).jpg,Gingivitis,Training
E:\Dr. Atef Ismail\Khaled Dental\Paper2\archive (10)\Caries_Gingivitus\249.jpg,249.jpg,Caries-Gingivitis,Training
E:\Dr. Atef Ismail\Khaled Dental\Paper2\archive (10)\Caries_Gingivitus\453.jpg,453.jpg,Caries-Gingivitis,Training
E:\Dr. Atef Ismail\Khaled Dental\Paper2\archive (10)\Caries_Gingivitus\487.jpg,487.jpg,Caries-Gingivitis,Training
E:\Dr. Atef Ismail\Khaled Dental\Paper2\archive (10)\Gingivitis\(1319).jpg,(1319).jpg,Gingivitis,Training
E:\Dr. Atef Ismail\Khaled Dental\Paper2\archive (10)\Tooth Discoloration\Tooth_Discoloration_0_212.jpeg,Tooth_Discoloration_0_212.jpeg,Tooth Discoloration,Training
E:\Dr. Atef Ismail\Khaled Dental\Paper2\archive (10)\Calculus\(380).jpg,(380).jpg,Calculus,Training
E:\Dr. Atef Ismail\Khaled Dental\Paper2\archive (10)\hypodontia\(470).JPG,(470).JPG,Hypodontia,Training
E:\Dr. Atef Ismail\Khaled Dental\Paper2\archive (10)\Calculus\(13).jpg,(13).jpg,Calculus,Training
E:\Dr. Atef Ismail\Khaled Dental\Paper2\archive (10)\Mouth Ulcer\Mouth_Ulcer_0_663.jpeg,Mouth_Ulcer_0_663.jpeg,Mouth Ulcer,Training
E:\Dr. Atef Ismail\Khaled Dental\Paper2\archive (10)\Gingivitis\(573).jpg,(573).jpg,Gingivitis,Training
E:\Dr. Atef Ismail\Khaled Dental\Paper2\archive (10)\hypodontia\(990).JPG,(990).JPG,Hypodontia,Training
E:\Dr. Atef Ismail\Khaled Dental\Paper2\archive (10)\Tooth Discoloration\Tooth_Discoloration_0_479.jpeg,Tooth_Discoloration_0_479.jpeg,Tooth Discoloration,Training
E:\Dr. Atef Ismail\Khaled Dental\Paper2\archive (10)\hypodontia\(797).jpg,(797).jpg,Hypodontia,Training
E:\Dr. Atef Ismail\Khaled Dental\Paper2\archive (10)\Caries_Gingivitus\424.jpg,424.jpg,Caries-Gingivitis,Training
E:\Dr. Atef Ismail\Khaled Dental\Paper2\archive (10)\Calculus\(1288).jpg,(1288).jpg,Calculus,Training
E:\Dr. Atef Ismail\Khaled Dental\Paper2\archive (10)\Caries_Gingivitus\12.jpg,12.jpg,Caries-Gingivitis,Training
E:\Dr. Atef Ismail\Khaled Dental\Paper2\archive (10)\Gingivitis\(1079).jpg,(1079).jpg,Gingivitis,Training
E:\Dr. Atef Ismail\Khaled Dental\Paper2\archive (10)\Caries_Gingivitus\432.jpg,432.jpg,Caries-Gingivitis,Training
E:\Dr. Atef Ismail\Khaled Dental\Paper2\archive (10)\Mouth Ulcer\Mouth_Ulcer_0_5854.jpeg,Mouth_Ulcer_0_5854.jpeg,Mouth Ulcer,Training
E:\Dr. Atef Ismail\Khaled Dental\Paper2\archive (10)\Gingivitis\(450).jpg,(450).jpg,Gingivitis,Training
E:\Dr. Atef Ismail\Khaled Dental\Paper2\archive (10)\Calculus\(980).jpg,(980).jpg,Calculus,Training
E:\Dr. Atef Ismail\Khaled Dental\Paper2\archive (10)\Gingivitis\(484).jpg,(484).jpg,Gingivitis,Training
E:\Dr. Atef Ismail\Khaled Dental\Paper2\archive (10)\Caries_Gingivitus\caries_0_281.jpeg,caries_0_281.jpeg,Caries-Gingivitis,Training
E:\Dr. Atef Ismail\Khaled Dental\Paper2\archive (10)\Tooth Discoloration\Tooth_Discoloration_0_1007.jpeg,Tooth_Discoloration_0_1007.jpeg,Tooth Discoloration,Training
E:\Dr. Atef Ismail\Khaled Dental\Paper2\archive (10)\Calculus\(74).jpg,(74).jpg,Calculus,Training
E:\Dr. Atef Ismail\Khaled Dental\Paper2\archive (10)\Gingivitis\(2103).jpg,(2103).jpg,Gingivitis,Training
E:\Dr. Atef Ismail\Khaled Dental\Paper2\archive (10)\Tooth Discoloration\Tooth_Discoloration_0_6110.jpeg,Tooth_Discoloration_0_6110.jpeg,Tooth Discoloration,Training
E:\Dr. Atef Ismail\Khaled Dental\Paper2\archive (10)\hypodontia\(793).jpg,(793).jpg,Hypodontia,Training
E:\Dr. Atef Ismail\Khaled Dental\Paper2\archive (10)\Calculus\(792).jpg,(792).jpg,Calculus,Training
E:\Dr. Atef Ismail\Khaled Dental\Paper2\archive (10)\Gingivitis\(352).jpg,(352).jpg,Gingivitis,Training
E:\Dr. Atef Ismail\Khaled Dental\Paper2\archive (10)\Caries_Gingivitus\(97).jpg,(97).jpg,Caries-Gingivitis,Training
E:\Dr. Atef Ismail\Khaled Dental\Paper2\archive (10)\Mouth Ulcer\Mouth_Ulcer_0_4096.jpeg,Mouth_Ulcer_0_4096.jpeg,Mouth Ulcer,Training
E:\Dr. Atef Ismail\Khaled Dental\Paper2\archive (10)\Gingivitis\(638).jpg,(638).jpg,Gingivitis,Training
E:\Dr. Atef Ismail\Khaled Dental\Paper2\archive (10)\Gingivitis\(848).jpg,(848).jpg,Gingivitis,Training
E:\Dr. Atef Ismail\Khaled Dental\Paper2\archive (10)\Caries_Gingivitus\caries_0_636.jpeg,caries_0_636.jpeg,Caries-Gingivitis,Training
E:\Dr. Atef Ismail\Khaled Dental\Paper2\archive (10)\Gingivitis\(2141).jpg,(2141).jpg,Gingivitis,Training
E:\Dr. Atef Ismail\Khaled Dental\Paper2\archive (10)\Mouth Ulcer\Mouth_Ulcer_0_7455.jpeg,Mouth_Ulcer_0_7455.jpeg,Mouth Ulcer,Training
E:\Dr. Atef Ismail\Khaled Dental\Paper2\archive (10)\Tooth Discoloration\Tooth_Discoloration_0_9159.jpeg,Tooth_Discoloration_0_9159.jpeg,Tooth Discoloration,Training
E:\Dr. Atef Ismail\Khaled Dental\Paper2\archive (10)\Mouth Ulcer\Mouth_Ulcer_0_1938.jpeg,Mouth_Ulcer_0_1938.jpeg,Mouth Ulcer,Training
E:\Dr. Atef Ismail\Khaled Dental\Paper2\archive (10)\Tooth Discoloration\Tooth_Discoloration_0_967.jpeg,Tooth_Discoloration_0_967.jpeg,Tooth Discoloration,Training
E:\Dr. Atef Ismail\Khaled Dental\Paper2\archive (10)\Gingivitis\(1024).jpg,(1024).jpg,Gingivitis,Training
E:\Dr. Atef Ismail\Khaled Dental\Paper2\archive (10)\hypodontia\(88).JPG,(88).JPG,Hypodontia,Training
E:\Dr. Atef Ismail\Khaled Dental\Paper2\archive (10)\Caries_Gingivitus\(67).jpg,(67).jpg,Caries-Gingivitis,Training
E:\Dr. Atef Ismail\Khaled Dental\Paper2\archive (10)\Gingivitis\(204).jpg,(204).jpg,Gingivitis,Training
E:\Dr. Atef Ismail\Khaled Dental\Paper2\archive (10)\Caries_Gingivitus\caries_0_4512.jpeg,caries_0_4512.jpeg,Caries-Gingivitis,Training
E:\Dr. Atef Ismail\Khaled Dental\Paper2\archive (10)\Mouth Ulcer\Mouth_Ulcer_0_7017.jpeg,Mouth_Ulcer_0_7017.jpeg,Mouth Ulcer,Training
E:\Dr. Atef Ismail\Khaled Dental\Paper2\archive (10)\Gingivitis\(1188).jpg,(1188).jpg,Gingivitis,Training
E:\Dr. Atef Ismail\Khaled Dental\Paper2\archive (10)\hypodontia\(452).JPG,(452).JPG,Hypodontia,Training
E:\Dr. Atef Ismail\Khaled Dental\Paper2\archive (10)\Calculus\(898).jpg,(898).jpg,Calculus,Training
E:\Dr. Atef Ismail\Khaled Dental\Paper2\archive (10)\hypodontia\(1120).JPG,(1120).JPG,Hypodontia,Training
E:\Dr. Atef Ismail\Khaled Dental\Paper2\archive (10)\Tooth Discoloration\Tooth_Discoloration_0_4433.jpeg,Tooth_Discoloration_0_4433.jpeg,Tooth Discoloration,Training
E:\Dr. Atef Ismail\Khaled Dental\Paper2\archive (10)\Caries_Gingivitus\105.jpg,105.jpg,Caries-Gingivitis,Training
E:\Dr. Atef Ismail\Khaled Dental\Paper2\archive (10)\Caries_Gingivitus\caries_0_4469.jpeg,caries_0_4469.jpeg,Caries-Gingivitis,Training
E:\Dr. Atef Ismail\Khaled Dental\Paper2\archive (10)\hypodontia\(438).JPG,(438).JPG,Hypodontia,Training
E:\Dr. Atef Ismail\Khaled Dental\Paper2\archive (10)\Tooth Discoloration\Tooth_Discoloration_0_2921.jpeg,Tooth_Discoloration_0_2921.jpeg,Tooth Discoloration,Training
E:\Dr. Atef Ismail\Khaled Dental\Paper2\archive (10)\Calculus\(494).jpg,(494).jpg,Calculus,Training
E:\Dr. Atef Ismail\Khaled Dental\Paper2\archive (10)\Tooth Discoloration\Tooth_Discoloration_0_3615.jpeg,Tooth_Discoloration_0_3615.jpeg,Tooth Discoloration,Training
E:\Dr. Atef Ismail\Khaled Dental\Paper2\archive (10)\Gingivitis\(221).jpg,(221).jpg,Gingivitis,Training
E:\Dr. Atef Ismail\Khaled Dental\Paper2\archive (10)\Gingivitis\(1840).jpg,(1840).jpg,Gingivitis,Training
E:\Dr. Atef Ismail\Khaled Dental\Paper2\archive (10)\Tooth Discoloration\Tooth_Discoloration_0_5555.jpeg,Tooth_Discoloration_0_5555.jpeg,Tooth Discoloration,Training
E:\Dr. Atef Ismail\Khaled Dental\Paper2\archive (10)\Mouth Ulcer\Mouth_Ulcer_0_3760.jpeg,Mouth_Ulcer_0_3760.jpeg,Mouth Ulcer,Training
E:\Dr. Atef Ismail\Khaled Dental\Paper2\archive (10)\hypodontia\(334).JPG,(334).JPG,Hypodontia,Training
E:\Dr. Atef Ismail\Khaled Dental\Paper2\archive (10)\Mouth Ulcer\Mouth_Ulcer_0_8648.jpeg,Mouth_Ulcer_0_8648.jpeg,Mouth Ulcer,Training
E:\Dr. Atef Ismail\Khaled Dental\Paper2\archive (10)\Caries_Gingivitus\294.jpg,294.jpg,Caries-Gingivitis,Training
E:\Dr. Atef Ismail\Khaled Dental\Paper2\archive (10)\Mouth Ulcer\Mouth_Ulcer_0_5235.jpeg,Mouth_Ulcer_0_5235.jpeg,Mouth Ulcer,Training
E:\Dr. Atef Ismail\Khaled Dental\Paper2\archive (10)\Gingivitis\(1780).JPG,(1780).JPG,Gingivitis,Training
E:\Dr. Atef Ismail\Khaled Dental\Paper2\archive (10)\Calculus\(763).jpg,(763).jpg,Calculus,Training
E:\Dr. Atef Ismail\Khaled Dental\Paper2\archive (10)\hypodontia\(341).JPG,(341).JPG,Hypodontia,Training
E:\Dr. Atef Ismail\Khaled Dental\Paper2\archive (10)\Gingivitis\(1173).jpg,(1173).jpg,Gingivitis,Training
E:\Dr. Atef Ismail\Khaled Dental\Paper2\archive (10)\Mouth Ulcer\Mouth_Ulcer_0_4074.jpeg,Mouth_Ulcer_0_4074.jpeg,Mouth Ulcer,Training
E:\Dr. Atef Ismail\Khaled Dental\Paper2\archive (10)\Tooth Discoloration\Tooth_Discoloration_0_7295.jpeg,Tooth_Discoloration_0_7295.jpeg,Tooth Discoloration,Training
E:\Dr. Atef Ismail\Khaled Dental\Paper2\archive (10)\Mouth Ulcer\Mouth_Ulcer_0_3391.jpeg,Mouth_Ulcer_0_3391.jpeg,Mouth Ulcer,Training
E:\Dr. Atef Ismail\Khaled Dental\Paper2\archive (10)\Tooth Discoloration\Tooth_Discoloration_0_2128.jpeg,Tooth_Discoloration_0_2128.jpeg,Tooth Discoloration,Training
E:\Dr. Atef Ismail\Khaled Dental\Paper2\archive (10)\Mouth Ulcer\Mouth_Ulcer_0_8296.jpeg,Mouth_Ulcer_0_8296.jpeg,Mouth Ulcer,Training
E:\Dr. Atef Ismail\Khaled Dental\Paper2\archive (10)\Gingivitis\(1367).jpg,(1367).jpg,Gingivitis,Training
E:\Dr. Atef Ismail\Khaled Dental\Paper2\archive (10)\hypodontia\(154).JPG,(154).JPG,Hypodontia,Training
E:\Dr. Atef Ismail\Khaled Dental\Paper2\archive (10)\hypodontia\(451).JPG,(451).JPG,Hypodontia,Training
E:\Dr. Atef Ismail\Khaled Dental\Paper2\archive (10)\Mouth Ulcer\Mouth_Ulcer_0_3476.jpeg,Mouth_Ulcer_0_3476.jpeg,Mouth Ulcer,Training
E:\Dr. Atef Ismail\Khaled Dental\Paper2\archive (10)\Gingivitis\(1182).jpg,(1182).jpg,Gingivitis,Training
E:\Dr. Atef Ismail\Khaled Dental\Paper2\archive (10)\Tooth Discoloration\Tooth_Discoloration_0_6798.jpeg,Tooth_Discoloration_0_6798.jpeg,Tooth Discoloration,Training
E:\Dr. Atef Ismail\Khaled Dental\Paper2\archive (10)\Gingivitis\(1296).jpg,(1296).jpg,Gingivitis,Training
E:\Dr. Atef Ismail\Khaled Dental\Paper2\archive (10)\Tooth Discoloration\Tooth_Discoloration_0_1024.jpeg,Tooth_Discoloration_0_1024.jpeg,Tooth Discoloration,Training
E:\Dr. Atef Ismail\Khaled Dental\Paper2\archive (10)\Tooth Discoloration\Tooth_Discoloration_0_4339.jpeg,Tooth_Discoloration_0_4339.jpeg,Tooth Discoloration,Training
E:\Dr. Atef Ismail\Khaled Dental\Paper2\archive (10)\Mouth Ulcer\Mouth_Ulcer_0_4095.jpeg,Mouth_Ulcer_0_4095.jpeg,Mouth Ulcer,Training
E:\Dr. Atef Ismail\Khaled Dental\Paper2\archive (10)\Tooth Discoloration\Tooth_Discoloration_0_9677.jpeg,Tooth_Discoloration_0_9677.jpeg,Tooth Discoloration,Training
E:\Dr. Atef Ismail\Khaled Dental\Paper2\archive (10)\hypodontia\(732).JPG,(732).JPG,Hypodontia,Training
E:\Dr. Atef Ismail\Khaled Dental\Paper2\archive (10)\Mouth Ulcer\Mouth_Ulcer_0_9058.jpeg,Mouth_Ulcer_0_9058.jpeg,Mouth Ulcer,Training
E:\Dr. Atef Ismail\Khaled Dental\Paper2\archive (10)\Gingivitis\(2173).jpg,(2173).jpg,Gingivitis,Training
E:\Dr. Atef Ismail\Khaled Dental\Paper2\archive (10)\Gingivitis\(125).jpg,(125).jpg,Gingivitis,Training
E:\Dr. Atef Ismail\Khaled Dental\Paper2\archive (10)\Tooth Discoloration\Tooth_Discoloration_0_5848.jpeg,Tooth_Discoloration_0_5848.jpeg,Tooth Discoloration,Training
E:\Dr. Atef Ismail\Khaled Dental\Paper2\archive (10)\Mouth Ulcer\Mouth_Ulcer_0_7038.jpeg,Mouth_Ulcer_0_7038.jpeg,Mouth Ulcer,Training
E:\Dr. Atef Ismail\Khaled Dental\Paper2\archive (10)\Caries_Gingivitus\(27).jpg,(27).jpg,Caries-Gingivitis,Training
E:\Dr. Atef Ismail\Khaled Dental\Paper2\archive (10)\Tooth Discoloration\Tooth_Discoloration_0_4490.jpeg,Tooth_Discoloration_0_4490.jpeg,Tooth Discoloration,Training
E:\Dr. Atef Ismail\Khaled Dental\Paper2\archive (10)\Gingivitis\(71).jpg,(71).jpg,Gingivitis,Training
E:\Dr. Atef Ismail\Khaled Dental\Paper2\archive (10)\hypodontia\(498).jpg,(498).jpg,Hypodontia,Training
E:\Dr. Atef Ismail\Khaled Dental\Paper2\archive (10)\Mouth Ulcer\Mouth_Ulcer_0_4663.jpeg,Mouth_Ulcer_0_4663.jpeg,Mouth Ulcer,Training
E:\Dr. Atef Ismail\Khaled Dental\Paper2\archive (10)\Tooth Discoloration\Tooth_Discoloration_0_2492.jpeg,Tooth_Discoloration_0_2492.jpeg,Tooth Discoloration,Training
E:\Dr. Atef Ismail\Khaled Dental\Paper2\archive (10)\Calculus\(352).jpg,(352).jpg,Calculus,Training
E:\Dr. Atef Ismail\Khaled Dental\Paper2\archive (10)\Gingivitis\(1595).jpg,(1595).jpg,Gingivitis,Training
E:\Dr. Atef Ismail\Khaled Dental\Paper2\archive (10)\Gingivitis\(1375).jpg,(1375).jpg,Gingivitis,Training
E:\Dr. Atef Ismail\Khaled Dental\Paper2\archive (10)\Tooth Discoloration\Tooth_Discoloration_0_1346.jpeg,Tooth_Discoloration_0_1346.jpeg,Tooth Discoloration,Training
E:\Dr. Atef Ismail\Khaled Dental\Paper2\archive (10)\Gingivitis\(878).jpg,(878).jpg,Gingivitis,Training
E:\Dr. Atef Ismail\Khaled Dental\Paper2\archive (10)\Tooth Discoloration\Tooth_Discoloration_0_242.jpeg,Tooth_Discoloration_0_242.jpeg,Tooth Discoloration,Training
E:\Dr. Atef Ismail\Khaled Dental\Paper2\archive (10)\Mouth Ulcer\Mouth_Ulcer_0_7241.jpeg,Mouth_Ulcer_0_7241.jpeg,Mouth Ulcer,Training
E:\Dr. Atef Ismail\Khaled Dental\Paper2\archive (10)\Gingivitis\(643).jpg,(643).jpg,Gingivitis,Training
E:\Dr. Atef Ismail\Khaled Dental\Paper2\archive (10)\Mouth Ulcer\Mouth_Ulcer_0_9207.jpeg,Mouth_Ulcer_0_9207.jpeg,Mouth Ulcer,Training
E:\Dr. Atef Ismail\Khaled Dental\Paper2\archive (10)\Tooth Discoloration\Tooth_Discoloration_0_8905.jpeg,Tooth_Discoloration_0_8905.jpeg,Tooth Discoloration,Training
E:\Dr. Atef Ismail\Khaled Dental\Paper2\archive (10)\Mouth Ulcer\Mouth_Ulcer_0_561.jpeg,Mouth_Ulcer_0_561.jpeg,Mouth Ulcer,Training
E:\Dr. Atef Ismail\Khaled Dental\Paper2\archive (10)\Calculus\(942).jpg,(942).jpg,Calculus,Training
E:\Dr. Atef Ismail\Khaled Dental\Paper2\archive (10)\Mouth Ulcer\Mouth_Ulcer_0_6807.jpeg,Mouth_Ulcer_0_6807.jpeg,Mouth Ulcer,Training
E:\Dr. Atef Ismail\Khaled Dental\Paper2\archive (10)\Caries_Gingivitus\211.jpg,211.jpg,Caries-Gingivitis,Training
E:\Dr. Atef Ismail\Khaled Dental\Paper2\archive (10)\Tooth Discoloration\Tooth_Discoloration_0_5809.jpeg,Tooth_Discoloration_0_5809.jpeg,Tooth Discoloration,Training
E:\Dr. Atef Ismail\Khaled Dental\Paper2\archive (10)\Tooth Discoloration\Tooth_Discoloration_0_4779.jpeg,Tooth_Discoloration_0_4779.jpeg,Tooth Discoloration,Training
E:\Dr. Atef Ismail\Khaled Dental\Paper2\archive (10)\hypodontia\(101).JPG,(101).JPG,Hypodontia,Training
E:\Dr. Atef Ismail\Khaled Dental\Paper2\archive (10)\Mouth Ulcer\Mouth_Ulcer_0_6199.jpeg,Mouth_Ulcer_0_6199.jpeg,Mouth Ulcer,Training
E:\Dr. Atef Ismail\Khaled Dental\Paper2\archive (10)\Gingivitis\(1170).jpg,(1170).jpg,Gingivitis,Training
E:\Dr. Atef Ismail\Khaled Dental\Paper2\archive (10)\Gingivitis\(1406).jpg,(1406).jpg,Gingivitis,Training
E:\Dr. Atef Ismail\Khaled Dental\Paper2\archive (10)\Mouth Ulcer\Mouth_Ulcer_0_3195.jpeg,Mouth_Ulcer_0_3195.jpeg,Mouth Ulcer,Training
E:\Dr. Atef Ismail\Khaled Dental\Paper2\archive (10)\Caries_Gingivitus\(119).jpg,(119).jpg,Caries-Gingivitis,Training
E:\Dr. Atef Ismail\Khaled Dental\Paper2\archive (10)\Caries_Gingivitus\caries_0_3878.jpeg,caries_0_3878.jpeg,Caries-Gingivitis,Training
E:\Dr. Atef Ismail\Khaled Dental\Paper2\archive (10)\Gingivitis\(1886).jpg,(1886).jpg,Gingivitis,Training
E:\Dr. Atef Ismail\Khaled Dental\Paper2\archive (10)\Mouth Ulcer\Mouth_Ulcer_0_3765.jpeg,Mouth_Ulcer_0_3765.jpeg,Mouth Ulcer,Training
E:\Dr. Atef Ismail\Khaled Dental\Paper2\archive (10)\Mouth Ulcer\Mouth_Ulcer_0_5388.jpeg,Mouth_Ulcer_0_5388.jpeg,Mouth Ulcer,Training
E:\Dr. Atef Ismail\Khaled Dental\Paper2\archive (10)\Mouth Ulcer\Mouth_Ulcer_0_8781.jpeg,Mouth_Ulcer_0_8781.jpeg,Mouth Ulcer,Training
E:\Dr. Atef Ismail\Khaled Dental\Paper2\archive (10)\Calculus\(270).jpg,(270).jpg,Calculus,Training
E:\Dr. Atef Ismail\Khaled Dental\Paper2\archive (10)\Calculus\(24).jpg,(24).jpg,Calculus,Training
E:\Dr. Atef Ismail\Khaled Dental\Paper2\archive (10)\Gingivitis\(958).jpg,(958).jpg,Gingivitis,Training
E:\Dr. Atef Ismail\Khaled Dental\Paper2\archive (10)\Gingivitis\(290).jpg,(290).jpg,Gingivitis,Training
E:\Dr. Atef Ismail\Khaled Dental\Paper2\archive (10)\Tooth Discoloration\Tooth_Discoloration_0_3314.jpeg,Tooth_Discoloration_0_3314.jpeg,Tooth Discoloration,Training
E:\Dr. Atef Ismail\Khaled Dental\Paper2\archive (10)\Tooth Discoloration\Tooth_Discoloration_0_5668.jpeg,Tooth_Discoloration_0_5668.jpeg,Tooth Discoloration,Training
E:\Dr. Atef Ismail\Khaled Dental\Paper2\archive (10)\Mouth Ulcer\Mouth_Ulcer_0_6653.jpeg,Mouth_Ulcer_0_6653.jpeg,Mouth Ulcer,Training
E:\Dr. Atef Ismail\Khaled Dental\Paper2\archive (10)\Caries_Gingivitus\29.jpg,29.jpg,Caries-Gingivitis,Training
E:\Dr. Atef Ismail\Khaled Dental\Paper2\archive (10)\Mouth Ulcer\Mouth_Ulcer_0_9370.jpeg,Mouth_Ulcer_0_9370.jpeg,Mouth Ulcer,Training
E:\Dr. Atef Ismail\Khaled Dental\Paper2\archive (10)\Gingivitis\(786).jpg,(786).jpg,Gingivitis,Training
E:\Dr. Atef Ismail\Khaled Dental\Paper2\archive (10)\Mouth Ulcer\Mouth_Ulcer_0_539.jpeg,Mouth_Ulcer_0_539.jpeg,Mouth Ulcer,Training
E:\Dr. Atef Ismail\Khaled Dental\Paper2\archive (10)\Calculus\(1162).jpg,(1162).jpg,Calculus,Training
E:\Dr. Atef Ismail\Khaled Dental\Paper2\archive (10)\Mouth Ulcer\Mouth_Ulcer_0_3978.jpeg,Mouth_Ulcer_0_3978.jpeg,Mouth Ulcer,Training
E:\Dr. Atef Ismail\Khaled Dental\Paper2\archive (10)\Mouth Ulcer\Mouth_Ulcer_0_9074.jpeg,Mouth_Ulcer_0_9074.jpeg,Mouth Ulcer,Training
E:\Dr. Atef Ismail\Khaled Dental\Paper2\archive (10)\Calculus\(358).jpg,(358).jpg,Calculus,Training
E:\Dr. Atef Ismail\Khaled Dental\Paper2\archive (10)\Tooth Discoloration\Tooth_Discoloration_0_7921.jpeg,Tooth_Discoloration_0_7921.jpeg,Tooth Discoloration,Training
E:\Dr. Atef Ismail\Khaled Dental\Paper2\archive (10)\Gingivitis\(334).jpg,(334).jpg,Gingivitis,Training
E:\Dr. Atef Ismail\Khaled Dental\Paper2\archive (10)\Caries_Gingivitus\358.jpg,358.jpg,Caries-Gingivitis,Training
E:\Dr. Atef Ismail\Khaled Dental\Paper2\archive (10)\Caries_Gingivitus\(193).jpg,(193).jpg,Caries-Gingivitis,Training
E:\Dr. Atef Ismail\Khaled Dental\Paper2\archive (10)\Tooth Discoloration\Tooth_Discoloration_0_8043.jpeg,Tooth_Discoloration_0_8043.jpeg,Tooth Discoloration,Training
E:\Dr. Atef Ismail\Khaled Dental\Paper2\archive (10)\hypodontia\(613).JPG,(613).JPG,Hypodontia,Training
E:\Dr. Atef Ismail\Khaled Dental\Paper2\archive (10)\Gingivitis\(284).jpg,(284).jpg,Gingivitis,Training
E:\Dr. Atef Ismail\Khaled Dental\Paper2\archive (10)\Calculus\(1279).jpg,(1279).jpg,Calculus,Training
E:\Dr. Atef Ismail\Khaled Dental\Paper2\archive (10)\Gingivitis\(673).jpg,(673).jpg,Gingivitis,Training
E:\Dr. Atef Ismail\Khaled Dental\Paper2\archive (10)\Gingivitis\(1660).jpg,(1660).jpg,Gingivitis,Training
E:\Dr. Atef Ismail\Khaled Dental\Paper2\archive (10)\hypodontia\(17).JPG,(17).JPG,Hypodontia,Training
E:\Dr. Atef Ismail\Khaled Dental\Paper2\archive (10)\Tooth Discoloration\Tooth_Discoloration_0_3998.jpeg,Tooth_Discoloration_0_3998.jpeg,Tooth Discoloration,Training
E:\Dr. Atef Ismail\Khaled Dental\Paper2\archive (10)\Caries_Gingivitus\542.jpg,542.jpg,Caries-Gingivitis,Training
E:\Dr. Atef Ismail\Khaled Dental\Paper2\archive (10)\Gingivitis\(209).jpg,(209).jpg,Gingivitis,Training
E:\Dr. Atef Ismail\Khaled Dental\Paper2\archive (10)\Caries_Gingivitus\(171).jpg,(171).jpg,Caries-Gingivitis,Training
E:\Dr. Atef Ismail\Khaled Dental\Paper2\archive (10)\Tooth Discoloration\Tooth_Discoloration_0_8695.jpeg,Tooth_Discoloration_0_8695.jpeg,Tooth Discoloration,Training
E:\Dr. Atef Ismail\Khaled Dental\Paper2\archive (10)\Calculus\(377).jpg,(377).jpg,Calculus,Training
E:\Dr. Atef Ismail\Khaled Dental\Paper2\archive (10)\Gingivitis\(229).jpg,(229).jpg,Gingivitis,Training
E:\Dr. Atef Ismail\Khaled Dental\Paper2\archive (10)\Tooth Discoloration\Tooth_Discoloration_0_2064.jpeg,Tooth_Discoloration_0_2064.jpeg,Tooth Discoloration,Training
E:\Dr. Atef Ismail\Khaled Dental\Paper2\archive (10)\Mouth Ulcer\Mouth_Ulcer_0_9079.jpeg,Mouth_Ulcer_0_9079.jpeg,Mouth Ulcer,Training
E:\Dr. Atef Ismail\Khaled Dental\Paper2\archive (10)\Caries_Gingivitus\75.jpg,75.jpg,Caries-Gingivitis,Training
E:\Dr. Atef Ismail\Khaled Dental\Paper2\archive (10)\Gingivitis\(190).jpg,(190).jpg,Gingivitis,Training
E:\Dr. Atef Ismail\Khaled Dental\Paper2\archive (10)\Mouth Ulcer\Mouth_Ulcer_0_2097.jpeg,Mouth_Ulcer_0_2097.jpeg,Mouth Ulcer,Training
E:\Dr. Atef Ismail\Khaled Dental\Paper2\archive (10)\Caries_Gingivitus\caries_0_5054.jpeg,caries_0_5054.jpeg,Caries-Gingivitis,Training
E:\Dr. Atef Ismail\Khaled Dental\Paper2\archive (10)\Mouth Ulcer\Mouth_Ulcer_0_8857.jpeg,Mouth_Ulcer_0_8857.jpeg,Mouth Ulcer,Training
E:\Dr. Atef Ismail\Khaled Dental\Paper2\archive (10)\Tooth Discoloration\Tooth_Discoloration_0_7109.jpeg,Tooth_Discoloration_0_7109.jpeg,Tooth Discoloration,Training
E:\Dr. Atef Ismail\Khaled Dental\Paper2\archive (10)\Gingivitis\(1544).jpg,(1544).jpg,Gingivitis,Training
E:\Dr. Atef Ismail\Khaled Dental\Paper2\archive (10)\Mouth Ulcer\Mouth_Ulcer_0_9480.jpeg,Mouth_Ulcer_0_9480.jpeg,Mouth Ulcer,Training
E:\Dr. Atef Ismail\Khaled Dental\Paper2\archive (10)\Caries_Gingivitus\271.jpg,271.jpg,Caries-Gingivitis,Training
E:\Dr. Atef Ismail\Khaled Dental\Paper2\archive (10)\Mouth Ulcer\Mouth_Ulcer_0_23.jpeg,Mouth_Ulcer_0_23.jpeg,Mouth Ulcer,Training
E:\Dr. Atef Ismail\Khaled Dental\Paper2\archive (10)\Tooth Discoloration\Tooth_Discoloration_0_1643.jpeg,Tooth_Discoloration_0_1643.jpeg,Tooth Discoloration,Training
E:\Dr. Atef Ismail\Khaled Dental\Paper2\archive (10)\hypodontia\(379).JPG,(379).JPG,Hypodontia,Training
E:\Dr. Atef Ismail\Khaled Dental\Paper2\archive (10)\Tooth Discoloration\Tooth_Discoloration_0_493.jpeg,Tooth_Discoloration_0_493.jpeg,Tooth Discoloration,Training
E:\Dr. Atef Ismail\Khaled Dental\Paper2\archive (10)\Calculus\(328).jpg,(328).jpg,Calculus,Training
E:\Dr. Atef Ismail\Khaled Dental\Paper2\archive (10)\Calculus\(653).jpg,(653).jpg,Calculus,Training
E:\Dr. Atef Ismail\Khaled Dental\Paper2\archive (10)\Tooth Discoloration\Tooth_Discoloration_0_5356.jpeg,Tooth_Discoloration_0_5356.jpeg,Tooth Discoloration,Training
E:\Dr. Atef Ismail\Khaled Dental\Paper2\archive (10)\hypodontia\(913).JPG,(913).JPG,Hypodontia,Training
E:\Dr. Atef Ismail\Khaled Dental\Paper2\archive (10)\Tooth Discoloration\Tooth_Discoloration_0_804.jpeg,Tooth_Discoloration_0_804.jpeg,Tooth Discoloration,Training
E:\Dr. Atef Ismail\Khaled Dental\Paper2\archive (10)\Mouth Ulcer\Mouth_Ulcer_0_9272.jpeg,Mouth_Ulcer_0_9272.jpeg,Mouth Ulcer,Training
E:\Dr. Atef Ismail\Khaled Dental\Paper2\archive (10)\Mouth Ulcer\Mouth_Ulcer_0_895.jpeg,Mouth_Ulcer_0_895.jpeg,Mouth Ulcer,Training
E:\Dr. Atef Ismail\Khaled Dental\Paper2\archive (10)\Gingivitis\(705).jpg,(705).jpg,Gingivitis,Training
E:\Dr. Atef Ismail\Khaled Dental\Paper2\archive (10)\Calculus\(1033).jpg,(1033).jpg,Calculus,Training
E:\Dr. Atef Ismail\Khaled Dental\Paper2\archive (10)\Gingivitis\(463).jpg,(463).jpg,Gingivitis,Training
E:\Dr. Atef Ismail\Khaled Dental\Paper2\archive (10)\Caries_Gingivitus\caries_0_4599.jpeg,caries_0_4599.jpeg,Caries-Gingivitis,Training
E:\Dr. Atef Ismail\Khaled Dental\Paper2\archive (10)\Mouth Ulcer\Mouth_Ulcer_0_6763.jpeg,Mouth_Ulcer_0_6763.jpeg,Mouth Ulcer,Training
E:\Dr. Atef Ismail\Khaled Dental\Paper2\archive (10)\Calculus\(979).jpg,(979).jpg,Calculus,Training
E:\Dr. Atef Ismail\Khaled Dental\Paper2\archive (10)\Mouth Ulcer\Mouth_Ulcer_0_5835.jpeg,Mouth_Ulcer_0_5835.jpeg,Mouth Ulcer,Training
E:\Dr. Atef Ismail\Khaled Dental\Paper2\archive (10)\Caries_Gingivitus\caries_0_4349.jpeg,caries_0_4349.jpeg,Caries-Gingivitis,Training
E:\Dr. Atef Ismail\Khaled Dental\Paper2\archive (10)\Gingivitis\(139).jpg,(139).jpg,Gingivitis,Training
E:\Dr. Atef Ismail\Khaled Dental\Paper2\archive (10)\Calculus\(1151).jpg,(1151).jpg,Calculus,Training
E:\Dr. Atef Ismail\Khaled Dental\Paper2\archive (10)\Calculus\(1268).jpg,(1268).jpg,Calculus,Training
E:\Dr. Atef Ismail\Khaled Dental\Paper2\archive (10)\Mouth Ulcer\Mouth_Ulcer_0_7121.jpeg,Mouth_Ulcer_0_7121.jpeg,Mouth Ulcer,Training
E:\Dr. Atef Ismail\Khaled Dental\Paper2\archive (10)\hypodontia\(1032).JPG,(1032).JPG,Hypodontia,Training
E:\Dr. Atef Ismail\Khaled Dental\Paper2\archive (10)\Calculus\(326).jpg,(326).jpg,Calculus,Training
E:\Dr. Atef Ismail\Khaled Dental\Paper2\archive (10)\Caries_Gingivitus\(75).jpg,(75).jpg,Caries-Gingivitis,Training
E:\Dr. Atef Ismail\Khaled Dental\Paper2\archive (10)\Mouth Ulcer\Mouth_Ulcer_0_877.jpeg,Mouth_Ulcer_0_877.jpeg,Mouth Ulcer,Training
E:\Dr. Atef Ismail\Khaled Dental\Paper2\archive (10)\Calculus\(908).jpg,(908).jpg,Calculus,Training
E:\Dr. Atef Ismail\Khaled Dental\Paper2\archive (10)\Mouth Ulcer\Mouth_Ulcer_0_2908.jpeg,Mouth_Ulcer_0_2908.jpeg,Mouth Ulcer,Training
E:\Dr. Atef Ismail\Khaled Dental\Paper2\archive (10)\Mouth Ulcer\Mouth_Ulcer_0_6757.jpeg,Mouth_Ulcer_0_6757.jpeg,Mouth Ulcer,Training
E:\Dr. Atef Ismail\Khaled Dental\Paper2\archive (10)\Gingivitis\(1924).jpg,(1924).jpg,Gingivitis,Training
E:\Dr. Atef Ismail\Khaled Dental\Paper2\archive (10)\Tooth Discoloration\Tooth_Discoloration_0_5549.jpeg,Tooth_Discoloration_0_5549.jpeg,Tooth Discoloration,Training
E:\Dr. Atef Ismail\Khaled Dental\Paper2\archive (10)\Calculus\(1).jpg,(1).jpg,Calculus,Training
E:\Dr. Atef Ismail\Khaled Dental\Paper2\archive (10)\Mouth Ulcer\Mouth_Ulcer_0_8520.jpeg,Mouth_Ulcer_0_8520.jpeg,Mouth Ulcer,Training
E:\Dr. Atef Ismail\Khaled Dental\Paper2\archive (10)\Tooth Discoloration\Tooth_Discoloration_0_8559.jpeg,Tooth_Discoloration_0_8559.jpeg,Tooth Discoloration,Training
E:\Dr. Atef Ismail\Khaled Dental\Paper2\archive (10)\Caries_Gingivitus\caries_0_3944.jpeg,caries_0_3944.jpeg,Caries-Gingivitis,Training
E:\Dr. Atef Ismail\Khaled Dental\Paper2\archive (10)\Calculus\(1227).jpg,(1227).jpg,Calculus,Training
E:\Dr. Atef Ismail\Khaled Dental\Paper2\archive (10)\Caries_Gingivitus\(157).jpg,(157).jpg,Caries-Gingivitis,Training
E:\Dr. Atef Ismail\Khaled Dental\Paper2\archive (10)\Gingivitis\(327).jpg,(327).jpg,Gingivitis,Training
E:\Dr. Atef Ismail\Khaled Dental\Paper2\archive (10)\Gingivitis\(1940).jpg,(1940).jpg,Gingivitis,Training
E:\Dr. Atef Ismail\Khaled Dental\Paper2\archive (10)\Calculus\(266).jpg,(266).jpg,Calculus,Training
E:\Dr. Atef Ismail\Khaled Dental\Paper2\archive (10)\Gingivitis\(755).jpg,(755).jpg,Gingivitis,Training
E:\Dr. Atef Ismail\Khaled Dental\Paper2\archive (10)\Mouth Ulcer\Mouth_Ulcer_0_2199.jpeg,Mouth_Ulcer_0_2199.jpeg,Mouth Ulcer,Training
E:\Dr. Atef Ismail\Khaled Dental\Paper2\archive (10)\Gingivitis\(1951).jpg,(1951).jpg,Gingivitis,Training
E:\Dr. Atef Ismail\Khaled Dental\Paper2\archive (10)\Tooth Discoloration\Tooth_Discoloration_0_7460.jpeg,Tooth_Discoloration_0_7460.jpeg,Tooth Discoloration,Training
E:\Dr. Atef Ismail\Khaled Dental\Paper2\archive (10)\Tooth Discoloration\Tooth_Discoloration_0_4019.jpeg,Tooth_Discoloration_0_4019.jpeg,Tooth Discoloration,Training
E:\Dr. Atef Ismail\Khaled Dental\Paper2\archive (10)\Caries_Gingivitus\caries_0_4255.jpeg,caries_0_4255.jpeg,Caries-Gingivitis,Training
E:\Dr. Atef Ismail\Khaled Dental\Paper2\archive (10)\Caries_Gingivitus\caries_0_4528.jpeg,caries_0_4528.jpeg,Caries-Gingivitis,Training
E:\Dr. Atef Ismail\Khaled Dental\Paper2\archive (10)\Calculus\(1178).jpg,(1178).jpg,Calculus,Training
E:\Dr. Atef Ismail\Khaled Dental\Paper2\archive (10)\Tooth Discoloration\Tooth_Discoloration_0_9643.jpeg,Tooth_Discoloration_0_9643.jpeg,Tooth Discoloration,Training
E:\Dr. Atef Ismail\Khaled Dental\Paper2\archive (10)\Tooth Discoloration\Tooth_Discoloration_0_633.jpeg,Tooth_Discoloration_0_633.jpeg,Tooth Discoloration,Training
E:\Dr. Atef Ismail\Khaled Dental\Paper2\archive (10)\Caries_Gingivitus\caries_0_424.jpeg,caries_0_424.jpeg,Caries-Gingivitis,Training
E:\Dr. Atef Ismail\Khaled Dental\Paper2\archive (10)\Calculus\(183).jpg,(183).jpg,Calculus,Training
E:\Dr. Atef Ismail\Khaled Dental\Paper2\archive (10)\Calculus\(410).jpg,(410).jpg,Calculus,Training
E:\Dr. Atef Ismail\Khaled Dental\Paper2\archive (10)\Gingivitis\(597).jpg,(597).jpg,Gingivitis,Training
E:\Dr. Atef Ismail\Khaled Dental\Paper2\archive (10)\Mouth Ulcer\Mouth_Ulcer_0_7273.jpeg,Mouth_Ulcer_0_7273.jpeg,Mouth Ulcer,Training
E:\Dr. Atef Ismail\Khaled Dental\Paper2\archive (10)\Calculus\(731).jpg,(731).jpg,Calculus,Training
E:\Dr. Atef Ismail\Khaled Dental\Paper2\archive (10)\Mouth Ulcer\Mouth_Ulcer_0_5491.jpeg,Mouth_Ulcer_0_5491.jpeg,Mouth Ulcer,Training
E:\Dr. Atef Ismail\Khaled Dental\Paper2\archive (10)\Mouth Ulcer\Mouth_Ulcer_0_6898.jpeg,Mouth_Ulcer_0_6898.jpeg,Mouth Ulcer,Training
E:\Dr. Atef Ismail\Khaled Dental\Paper2\archive (10)\Mouth Ulcer\Mouth_Ulcer_0_4107.jpeg,Mouth_Ulcer_0_4107.jpeg,Mouth Ulcer,Training
E:\Dr. Atef Ismail\Khaled Dental\Paper2\archive (10)\Gingivitis\(253).jpg,(253).jpg,Gingivitis,Training
E:\Dr. Atef Ismail\Khaled Dental\Paper2\archive (10)\Mouth Ulcer\Mouth_Ulcer_0_7347.jpeg,Mouth_Ulcer_0_7347.jpeg,Mouth Ulcer,Training
E:\Dr. Atef Ismail\Khaled Dental\Paper2\archive (10)\Caries_Gingivitus\caries_0_600.jpeg,caries_0_600.jpeg,Caries-Gingivitis,Training
E:\Dr. Atef Ismail\Khaled Dental\Paper2\archive (10)\Tooth Discoloration\Tooth_Discoloration_0_6588.jpeg,Tooth_Discoloration_0_6588.jpeg,Tooth Discoloration,Training
E:\Dr. Atef Ismail\Khaled Dental\Paper2\archive (10)\Tooth Discoloration\Tooth_Discoloration_0_4851.jpeg,Tooth_Discoloration_0_4851.jpeg,Tooth Discoloration,Training
E:\Dr. Atef Ismail\Khaled Dental\Paper2\archive (10)\Calculus\(500).jpg,(500).jpg,Calculus,Training
E:\Dr. Atef Ismail\Khaled Dental\Paper2\archive (10)\hypodontia\(224).jpg,(224).jpg,Hypodontia,Training
E:\Dr. Atef Ismail\Khaled Dental\Paper2\archive (10)\Mouth Ulcer\Mouth_Ulcer_0_9796.jpeg,Mouth_Ulcer_0_9796.jpeg,Mouth Ulcer,Training
E:\Dr. Atef Ismail\Khaled Dental\Paper2\archive (10)\Gingivitis\(318).jpg,(318).jpg,Gingivitis,Training
E:\Dr. Atef Ismail\Khaled Dental\Paper2\archive (10)\hypodontia\(914).JPG,(914).JPG,Hypodontia,Training
E:\Dr. Atef Ismail\Khaled Dental\Paper2\archive (10)\Mouth Ulcer\Mouth_Ulcer_0_5617.jpeg,Mouth_Ulcer_0_5617.jpeg,Mouth Ulcer,Training
E:\Dr. Atef Ismail\Khaled Dental\Paper2\archive (10)\Tooth Discoloration\Tooth_Discoloration_0_3630.jpeg,Tooth_Discoloration_0_3630.jpeg,Tooth Discoloration,Training
E:\Dr. Atef Ismail\Khaled Dental\Paper2\archive (10)\Mouth Ulcer\Mouth_Ulcer_0_4934.jpeg,Mouth_Ulcer_0_4934.jpeg,Mouth Ulcer,Training
E:\Dr. Atef Ismail\Khaled Dental\Paper2\archive (10)\Gingivitis\(1912).jpg,(1912).jpg,Gingivitis,Training
E:\Dr. Atef Ismail\Khaled Dental\Paper2\archive (10)\hypodontia\(350).JPG,(350).JPG,Hypodontia,Training
E:\Dr. Atef Ismail\Khaled Dental\Paper2\archive (10)\Mouth Ulcer\Mouth_Ulcer_0_3680.jpeg,Mouth_Ulcer_0_3680.jpeg,Mouth Ulcer,Training
E:\Dr. Atef Ismail\Khaled Dental\Paper2\archive (10)\Mouth Ulcer\Mouth_Ulcer_0_8902.jpeg,Mouth_Ulcer_0_8902.jpeg,Mouth Ulcer,Training
E:\Dr. Atef Ismail\Khaled Dental\Paper2\archive (10)\Mouth Ulcer\Mouth_Ulcer_0_2588.jpeg,Mouth_Ulcer_0_2588.jpeg,Mouth Ulcer,Training
E:\Dr. Atef Ismail\Khaled Dental\Paper2\archive (10)\Caries_Gingivitus\caries_0_459.jpeg,caries_0_459.jpeg,Caries-Gingivitis,Training
E:\Dr. Atef Ismail\Khaled Dental\Paper2\archive (10)\Mouth Ulcer\Mouth_Ulcer_0_567.jpeg,Mouth_Ulcer_0_567.jpeg,Mouth Ulcer,Training
E:\Dr. Atef Ismail\Khaled Dental\Paper2\archive (10)\hypodontia\(1085).jpg,(1085).jpg,Hypodontia,Training
E:\Dr. Atef Ismail\Khaled Dental\Paper2\archive (10)\Mouth Ulcer\Mouth_Ulcer_0_491.jpeg,Mouth_Ulcer_0_491.jpeg,Mouth Ulcer,Training
E:\Dr. Atef Ismail\Khaled Dental\Paper2\archive (10)\Gingivitis\(1676).jpg,(1676).jpg,Gingivitis,Training
E:\Dr. Atef Ismail\Khaled Dental\Paper2\archive (10)\Tooth Discoloration\Tooth_Discoloration_0_8805.jpeg,Tooth_Discoloration_0_8805.jpeg,Tooth Discoloration,Training
E:\Dr. Atef Ismail\Khaled Dental\Paper2\archive (10)\Gingivitis\(1527).jpg,(1527).jpg,Gingivitis,Training
E:\Dr. Atef Ismail\Khaled Dental\Paper2\archive (10)\Caries_Gingivitus\caries_0_175.jpeg,caries_0_175.jpeg,Caries-Gingivitis,Training
E:\Dr. Atef Ismail\Khaled Dental\Paper2\archive (10)\Mouth Ulcer\Mouth_Ulcer_0_9634.jpeg,Mouth_Ulcer_0_9634.jpeg,Mouth Ulcer,Training
E:\Dr. Atef Ismail\Khaled Dental\Paper2\archive (10)\Calculus\(228).jpg,(228).jpg,Calculus,Training
E:\Dr. Atef Ismail\Khaled Dental\Paper2\archive (10)\Calculus\(161).jpg,(161).jpg,Calculus,Training
E:\Dr. Atef Ismail\Khaled Dental\Paper2\archive (10)\Tooth Discoloration\Tooth_Discoloration_0_555.jpeg,Tooth_Discoloration_0_555.jpeg,Tooth Discoloration,Training
E:\Dr. Atef Ismail\Khaled Dental\Paper2\archive (10)\Mouth Ulcer\Mouth_Ulcer_0_2776.jpeg,Mouth_Ulcer_0_2776.jpeg,Mouth Ulcer,Training
E:\Dr. Atef Ismail\Khaled Dental\Paper2\archive (10)\hypodontia\(170).JPG,(170).JPG,Hypodontia,Training
E:\Dr. Atef Ismail\Khaled Dental\Paper2\archive (10)\hypodontia\(922).JPG,(922).JPG,Hypodontia,Training
E:\Dr. Atef Ismail\Khaled Dental\Paper2\archive (10)\Mouth Ulcer\Mouth_Ulcer_0_2460.jpeg,Mouth_Ulcer_0_2460.jpeg,Mouth Ulcer,Training
E:\Dr. Atef Ismail\Khaled Dental\Paper2\archive (10)\hypodontia\(109).jpg,(109).jpg,Hypodontia,Training
E:\Dr. Atef Ismail\Khaled Dental\Paper2\archive (10)\Gingivitis\(1138).jpg,(1138).jpg,Gingivitis,Training
E:\Dr. Atef Ismail\Khaled Dental\Paper2\archive (10)\Gingivitis\(758).jpg,(758).jpg,Gingivitis,Training
E:\Dr. Atef Ismail\Khaled Dental\Paper2\archive (10)\hypodontia\(279).JPG,(279).JPG,Hypodontia,Training
E:\Dr. Atef Ismail\Khaled Dental\Paper2\archive (10)\Caries_Gingivitus\caries_0_102.jpeg,caries_0_102.jpeg,Caries-Gingivitis,Training
E:\Dr. Atef Ismail\Khaled Dental\Paper2\archive (10)\Gingivitis\(1493).jpg,(1493).jpg,Gingivitis,Training
E:\Dr. Atef Ismail\Khaled Dental\Paper2\archive (10)\Mouth Ulcer\Mouth_Ulcer_0_5565.jpeg,Mouth_Ulcer_0_5565.jpeg,Mouth Ulcer,Training
E:\Dr. Atef Ismail\Khaled Dental\Paper2\archive (10)\Caries_Gingivitus\557.jpg,557.jpg,Caries-Gingivitis,Training
E:\Dr. Atef Ismail\Khaled Dental\Paper2\archive (10)\Tooth Discoloration\Tooth_Discoloration_0_3118.jpeg,Tooth_Discoloration_0_3118.jpeg,Tooth Discoloration,Training
E:\Dr. Atef Ismail\Khaled Dental\Paper2\archive (10)\Gingivitis\(1488).jpg,(1488).jpg,Gingivitis,Training
E:\Dr. Atef Ismail\Khaled Dental\Paper2\archive (10)\Caries_Gingivitus\(209).jpg,(209).jpg,Caries-Gingivitis,Training
E:\Dr. Atef Ismail\Khaled Dental\Paper2\archive (10)\Caries_Gingivitus\caries_0_348.jpeg,caries_0_348.jpeg,Caries-Gingivitis,Training
E:\Dr. Atef Ismail\Khaled Dental\Paper2\archive (10)\Caries_Gingivitus\160.jpg,160.jpg,Caries-Gingivitis,Training
E:\Dr. Atef Ismail\Khaled Dental\Paper2\archive (10)\Calculus\(822).jpg,(822).jpg,Calculus,Training
E:\Dr. Atef Ismail\Khaled Dental\Paper2\archive (10)\Calculus\(83).jpg,(83).jpg,Calculus,Training
E:\Dr. Atef Ismail\Khaled Dental\Paper2\archive (10)\Mouth Ulcer\Mouth_Ulcer_0_8042.jpeg,Mouth_Ulcer_0_8042.jpeg,Mouth Ulcer,Training
E:\Dr. Atef Ismail\Khaled Dental\Paper2\archive (10)\Gingivitis\(89).jpg,(89).jpg,Gingivitis,Training
E:\Dr. Atef Ismail\Khaled Dental\Paper2\archive (10)\Tooth Discoloration\Tooth_Discoloration_0_5911.jpeg,Tooth_Discoloration_0_5911.jpeg,Tooth Discoloration,Training
E:\Dr. Atef Ismail\Khaled Dental\Paper2\archive (10)\hypodontia\(164).JPG,(164).JPG,Hypodontia,Training
E:\Dr. Atef Ismail\Khaled Dental\Paper2\archive (10)\Calculus\(312).jpg,(312).jpg,Calculus,Training
E:\Dr. Atef Ismail\Khaled Dental\Paper2\archive (10)\Gingivitis\(1759).jpg,(1759).jpg,Gingivitis,Training
E:\Dr. Atef Ismail\Khaled Dental\Paper2\archive (10)\Caries_Gingivitus\caries_0_105.jpeg,caries_0_105.jpeg,Caries-Gingivitis,Training
E:\Dr. Atef Ismail\Khaled Dental\Paper2\archive (10)\Tooth Discoloration\Tooth_Discoloration_0_7773.jpeg,Tooth_Discoloration_0_7773.jpeg,Tooth Discoloration,Training
E:\Dr. Atef Ismail\Khaled Dental\Paper2\archive (10)\Mouth Ulcer\Mouth_Ulcer_0_4600.jpeg,Mouth_Ulcer_0_4600.jpeg,Mouth Ulcer,Training
E:\Dr. Atef Ismail\Khaled Dental\Paper2\archive (10)\Mouth Ulcer\Mouth_Ulcer_0_3240.jpeg,Mouth_Ulcer_0_3240.jpeg,Mouth Ulcer,Training
E:\Dr. Atef Ismail\Khaled Dental\Paper2\archive (10)\hypodontia\(342).JPG,(342).JPG,Hypodontia,Training
E:\Dr. Atef Ismail\Khaled Dental\Paper2\archive (10)\Gingivitis\(1332).jpg,(1332).jpg,Gingivitis,Training
E:\Dr. Atef Ismail\Khaled Dental\Paper2\archive (10)\Tooth Discoloration\Tooth_Discoloration_0_3538.jpeg,Tooth_Discoloration_0_3538.jpeg,Tooth Discoloration,Training
E:\Dr. Atef Ismail\Khaled Dental\Paper2\archive (10)\Caries_Gingivitus\534.jpg,534.jpg,Caries-Gingivitis,Training
E:\Dr. Atef Ismail\Khaled Dental\Paper2\archive (10)\Gingivitis\(2077).jpg,(2077).jpg,Gingivitis,Training
E:\Dr. Atef Ismail\Khaled Dental\Paper2\archive (10)\hypodontia\(1044).JPG,(1044).JPG,Hypodontia,Training
E:\Dr. Atef Ismail\Khaled Dental\Paper2\archive (10)\Tooth Discoloration\Tooth_Discoloration_0_5141.jpeg,Tooth_Discoloration_0_5141.jpeg,Tooth Discoloration,Training
E:\Dr. Atef Ismail\Khaled Dental\Paper2\archive (10)\Calculus\(1276).jpg,(1276).jpg,Calculus,Training
E:\Dr. Atef Ismail\Khaled Dental\Paper2\archive (10)\Gingivitis\(1979).jpg,(1979).jpg,Gingivitis,Training
E:\Dr. Atef Ismail\Khaled Dental\Paper2\archive (10)\Mouth Ulcer\Mouth_Ulcer_0_822.jpeg,Mouth_Ulcer_0_822.jpeg,Mouth Ulcer,Training
E:\Dr. Atef Ismail\Khaled Dental\Paper2\archive (10)\Tooth Discoloration\Tooth_Discoloration_0_4517.jpeg,Tooth_Discoloration_0_4517.jpeg,Tooth Discoloration,Training
E:\Dr. Atef Ismail\Khaled Dental\Paper2\archive (10)\Gingivitis\(2323).jpg,(2323).jpg,Gingivitis,Training
E:\Dr. Atef Ismail\Khaled Dental\Paper2\archive (10)\Mouth Ulcer\Mouth_Ulcer_0_7414.jpeg,Mouth_Ulcer_0_7414.jpeg,Mouth Ulcer,Training
E:\Dr. Atef Ismail\Khaled Dental\Paper2\archive (10)\Calculus\(969).jpg,(969).jpg,Calculus,Training
E:\Dr. Atef Ismail\Khaled Dental\Paper2\archive (10)\hypodontia\(1076).JPG,(1076).JPG,Hypodontia,Training
E:\Dr. Atef Ismail\Khaled Dental\Paper2\archive (10)\Tooth Discoloration\Tooth_Discoloration_0_5909.jpeg,Tooth_Discoloration_0_5909.jpeg,Tooth Discoloration,Training
E:\Dr. Atef Ismail\Khaled Dental\Paper2\archive (10)\Mouth Ulcer\Mouth_Ulcer_0_7181.jpeg,Mouth_Ulcer_0_7181.jpeg,Mouth Ulcer,Training
E:\Dr. Atef Ismail\Khaled Dental\Paper2\archive (10)\hypodontia\(1081).jpg,(1081).jpg,Hypodontia,Training
E:\Dr. Atef Ismail\Khaled Dental\Paper2\archive (10)\hypodontia\(1186).JPG,(1186).JPG,Hypodontia,Training
E:\Dr. Atef Ismail\Khaled Dental\Paper2\archive (10)\hypodontia\(775).JPG,(775).JPG,Hypodontia,Training
E:\Dr. Atef Ismail\Khaled Dental\Paper2\archive (10)\Caries_Gingivitus\(102).jpg,(102).jpg,Caries-Gingivitis,Training
E:\Dr. Atef Ismail\Khaled Dental\Paper2\archive (10)\Tooth Discoloration\Tooth_Discoloration_0_7826.jpeg,Tooth_Discoloration_0_7826.jpeg,Tooth Discoloration,Training
E:\Dr. Atef Ismail\Khaled Dental\Paper2\archive (10)\Mouth Ulcer\Mouth_Ulcer_0_3527.jpeg,Mouth_Ulcer_0_3527.jpeg,Mouth Ulcer,Training
E:\Dr. Atef Ismail\Khaled Dental\Paper2\archive (10)\Gingivitis\(1569).jpg,(1569).jpg,Gingivitis,Training
E:\Dr. Atef Ismail\Khaled Dental\Paper2\archive (10)\Mouth Ulcer\Mouth_Ulcer_0_9320.jpeg,Mouth_Ulcer_0_9320.jpeg,Mouth Ulcer,Training
E:\Dr. Atef Ismail\Khaled Dental\Paper2\archive (10)\Tooth Discoloration\Tooth_Discoloration_0_8078.jpeg,Tooth_Discoloration_0_8078.jpeg,Tooth Discoloration,Training
E:\Dr. Atef Ismail\Khaled Dental\Paper2\archive (10)\Gingivitis\(2276).jpg,(2276).jpg,Gingivitis,Training
E:\Dr. Atef Ismail\Khaled Dental\Paper2\archive (10)\Tooth Discoloration\Tooth_Discoloration_0_8139.jpeg,Tooth_Discoloration_0_8139.jpeg,Tooth Discoloration,Training
E:\Dr. Atef Ismail\Khaled Dental\Paper2\archive (10)\Tooth Discoloration\Tooth_Discoloration_0_2406.jpeg,Tooth_Discoloration_0_2406.jpeg,Tooth Discoloration,Training
E:\Dr. Atef Ismail\Khaled Dental\Paper2\archive (10)\Gingivitis\(1789).jpg,(1789).jpg,Gingivitis,Training
E:\Dr. Atef Ismail\Khaled Dental\Paper2\archive (10)\Tooth Discoloration\Tooth_Discoloration_0_3915.jpeg,Tooth_Discoloration_0_3915.jpeg,Tooth Discoloration,Training
E:\Dr. Atef Ismail\Khaled Dental\Paper2\archive (10)\Mouth Ulcer\Mouth_Ulcer_0_1329.jpeg,Mouth_Ulcer_0_1329.jpeg,Mouth Ulcer,Training
E:\Dr. Atef Ismail\Khaled Dental\Paper2\archive (10)\Gingivitis\(675).jpg,(675).jpg,Gingivitis,Training
E:\Dr. Atef Ismail\Khaled Dental\Paper2\archive (10)\Caries_Gingivitus\caries_0_3719.jpeg,caries_0_3719.jpeg,Caries-Gingivitis,Training
E:\Dr. Atef Ismail\Khaled Dental\Paper2\archive (10)\Caries_Gingivitus\196.jpg,196.jpg,Caries-Gingivitis,Training
E:\Dr. Atef Ismail\Khaled Dental\Paper2\archive (10)\Gingivitis\(1788).jpg,(1788).jpg,Gingivitis,Training
E:\Dr. Atef Ismail\Khaled Dental\Paper2\archive (10)\Tooth Discoloration\Tooth_Discoloration_0_8770.jpeg,Tooth_Discoloration_0_8770.jpeg,Tooth Discoloration,Training
E:\Dr. Atef Ismail\Khaled Dental\Paper2\archive (10)\Mouth Ulcer\Mouth_Ulcer_0_1446.jpeg,Mouth_Ulcer_0_1446.jpeg,Mouth Ulcer,Training
E:\Dr. Atef Ismail\Khaled Dental\Paper2\archive (10)\hypodontia\(20).JPG,(20).JPG,Hypodontia,Training
E:\Dr. Atef Ismail\Khaled Dental\Paper2\archive (10)\Mouth Ulcer\Mouth_Ulcer_0_9671.jpeg,Mouth_Ulcer_0_9671.jpeg,Mouth Ulcer,Training
E:\Dr. Atef Ismail\Khaled Dental\Paper2\archive (10)\Mouth Ulcer\Mouth_Ulcer_0_1689.jpeg,Mouth_Ulcer_0_1689.jpeg,Mouth Ulcer,Training
E:\Dr. Atef Ismail\Khaled Dental\Paper2\archive (10)\Calculus\(1098).jpg,(1098).jpg,Calculus,Training
E:\Dr. Atef Ismail\Khaled Dental\Paper2\archive (10)\Gingivitis\(1064).jpg,(1064).jpg,Gingivitis,Training
E:\Dr. Atef Ismail\Khaled Dental\Paper2\archive (10)\Gingivitis\(1254).jpg,(1254).jpg,Gingivitis,Training
E:\Dr. Atef Ismail\Khaled Dental\Paper2\archive (10)\Calculus\(1130).jpg,(1130).jpg,Calculus,Training
E:\Dr. Atef Ismail\Khaled Dental\Paper2\archive (10)\Mouth Ulcer\Mouth_Ulcer_0_6088.jpeg,Mouth_Ulcer_0_6088.jpeg,Mouth Ulcer,Training
E:\Dr. Atef Ismail\Khaled Dental\Paper2\archive (10)\Gingivitis\(1088).jpg,(1088).jpg,Gingivitis,Training
E:\Dr. Atef Ismail\Khaled Dental\Paper2\archive (10)\hypodontia\(877).JPG,(877).JPG,Hypodontia,Training
E:\Dr. Atef Ismail\Khaled Dental\Paper2\archive (10)\Mouth Ulcer\Mouth_Ulcer_0_4666.jpeg,Mouth_Ulcer_0_4666.jpeg,Mouth Ulcer,Training
E:\Dr. Atef Ismail\Khaled Dental\Paper2\archive (10)\Gingivitis\(1159).jpg,(1159).jpg,Gingivitis,Training
E:\Dr. Atef Ismail\Khaled Dental\Paper2\archive (10)\Gingivitis\(371).jpg,(371).jpg,Gingivitis,Training
E:\Dr. Atef Ismail\Khaled Dental\Paper2\archive (10)\Tooth Discoloration\Tooth_Discoloration_0_8857.jpeg,Tooth_Discoloration_0_8857.jpeg,Tooth Discoloration,Training
E:\Dr. Atef Ismail\Khaled Dental\Paper2\archive (10)\Calculus\(753).jpg,(753).jpg,Calculus,Training
E:\Dr. Atef Ismail\Khaled Dental\Paper2\archive (10)\Mouth Ulcer\Mouth_Ulcer_0_3178.jpeg,Mouth_Ulcer_0_3178.jpeg,Mouth Ulcer,Training
E:\Dr. Atef Ismail\Khaled Dental\Paper2\archive (10)\Tooth Discoloration\Tooth_Discoloration_0_8648.jpeg,Tooth_Discoloration_0_8648.jpeg,Tooth Discoloration,Training
E:\Dr. Atef Ismail\Khaled Dental\Paper2\archive (10)\Gingivitis\(2111).jpg,(2111).jpg,Gingivitis,Training
E:\Dr. Atef Ismail\Khaled Dental\Paper2\archive (10)\hypodontia\(534).jpg,(534).jpg,Hypodontia,Training
E:\Dr. Atef Ismail\Khaled Dental\Paper2\archive (10)\hypodontia\(1064).JPG,(1064).JPG,Hypodontia,Training
E:\Dr. Atef Ismail\Khaled Dental\Paper2\archive (10)\Caries_Gingivitus\caries_0_5154.jpeg,caries_0_5154.jpeg,Caries-Gingivitis,Training
E:\Dr. Atef Ismail\Khaled Dental\Paper2\archive (10)\Gingivitis\(1110).jpg,(1110).jpg,Gingivitis,Training
E:\Dr. Atef Ismail\Khaled Dental\Paper2\archive (10)\Tooth Discoloration\Tooth_Discoloration_0_7742.jpeg,Tooth_Discoloration_0_7742.jpeg,Tooth Discoloration,Training
E:\Dr. Atef Ismail\Khaled Dental\Paper2\archive (10)\Mouth Ulcer\Mouth_Ulcer_0_5115.jpeg,Mouth_Ulcer_0_5115.jpeg,Mouth Ulcer,Training
E:\Dr. Atef Ismail\Khaled Dental\Paper2\archive (10)\Gingivitis\(1703).jpg,(1703).jpg,Gingivitis,Training
E:\Dr. Atef Ismail\Khaled Dental\Paper2\archive (10)\hypodontia\(851).JPG,(851).JPG,Hypodontia,Training
E:\Dr. Atef Ismail\Khaled Dental\Paper2\archive (10)\Mouth Ulcer\Mouth_Ulcer_0_6853.jpeg,Mouth_Ulcer_0_6853.jpeg,Mouth Ulcer,Training
E:\Dr. Atef Ismail\Khaled Dental\Paper2\archive (10)\Mouth Ulcer\Mouth_Ulcer_0_3740.jpeg,Mouth_Ulcer_0_3740.jpeg,Mouth Ulcer,Training
E:\Dr. Atef Ismail\Khaled Dental\Paper2\archive (10)\Gingivitis\(1666).jpg,(1666).jpg,Gingivitis,Training
E:\Dr. Atef Ismail\Khaled Dental\Paper2\archive (10)\Gingivitis\(409).jpg,(409).jpg,Gingivitis,Training
E:\Dr. Atef Ismail\Khaled Dental\Paper2\archive (10)\Tooth Discoloration\Tooth_Discoloration_0_3198.jpeg,Tooth_Discoloration_0_3198.jpeg,Tooth Discoloration,Training
E:\Dr. Atef Ismail\Khaled Dental\Paper2\archive (10)\Tooth Discoloration\Tooth_Discoloration_0_8599.jpeg,Tooth_Discoloration_0_8599.jpeg,Tooth Discoloration,Training
E:\Dr. Atef Ismail\Khaled Dental\Paper2\archive (10)\Caries_Gingivitus\(123).jpg,(123).jpg,Caries-Gingivitis,Training
E:\Dr. Atef Ismail\Khaled Dental\Paper2\archive (10)\Mouth Ulcer\Mouth_Ulcer_0_1490.jpeg,Mouth_Ulcer_0_1490.jpeg,Mouth Ulcer,Training
E:\Dr. Atef Ismail\Khaled Dental\Paper2\archive (10)\Gingivitis\(1785).jpg,(1785).jpg,Gingivitis,Training
E:\Dr. Atef Ismail\Khaled Dental\Paper2\archive (10)\Caries_Gingivitus\(217).jpg,(217).jpg,Caries-Gingivitis,Training
E:\Dr. Atef Ismail\Khaled Dental\Paper2\archive (10)\Mouth Ulcer\Mouth_Ulcer_0_2020.jpeg,Mouth_Ulcer_0_2020.jpeg,Mouth Ulcer,Training
E:\Dr. Atef Ismail\Khaled Dental\Paper2\archive (10)\Mouth Ulcer\Mouth_Ulcer_0_9821.jpeg,Mouth_Ulcer_0_9821.jpeg,Mouth Ulcer,Training
E:\Dr. Atef Ismail\Khaled Dental\Paper2\archive (10)\hypodontia\(1241).jpg,(1241).jpg,Hypodontia,Training
E:\Dr. Atef Ismail\Khaled Dental\Paper2\archive (10)\Caries_Gingivitus\375.jpg,375.jpg,Caries-Gingivitis,Training
E:\Dr. Atef Ismail\Khaled Dental\Paper2\archive (10)\Mouth Ulcer\Mouth_Ulcer_0_9736.jpeg,Mouth_Ulcer_0_9736.jpeg,Mouth Ulcer,Training
E:\Dr. Atef Ismail\Khaled Dental\Paper2\archive (10)\Caries_Gingivitus\67.jpg,67.jpg,Caries-Gingivitis,Training
E:\Dr. Atef Ismail\Khaled Dental\Paper2\archive (10)\Tooth Discoloration\Tooth_Discoloration_0_9332.jpeg,Tooth_Discoloration_0_9332.jpeg,Tooth Discoloration,Training
E:\Dr. Atef Ismail\Khaled Dental\Paper2\archive (10)\Tooth Discoloration\Tooth_Discoloration_0_2404.jpeg,Tooth_Discoloration_0_2404.jpeg,Tooth Discoloration,Training
E:\Dr. Atef Ismail\Khaled Dental\Paper2\archive (10)\Calculus\(482).jpg,(482).jpg,Calculus,Training
E:\Dr. Atef Ismail\Khaled Dental\Paper2\archive (10)\Caries_Gingivitus\caries_0_3992.jpeg,caries_0_3992.jpeg,Caries-Gingivitis,Training
E:\Dr. Atef Ismail\Khaled Dental\Paper2\archive (10)\Tooth Discoloration\Tooth_Discoloration_0_6839.jpeg,Tooth_Discoloration_0_6839.jpeg,Tooth Discoloration,Training
E:\Dr. Atef Ismail\Khaled Dental\Paper2\archive (10)\Gingivitis\(1898).jpg,(1898).jpg,Gingivitis,Training
E:\Dr. Atef Ismail\Khaled Dental\Paper2\archive (10)\Calculus\(944).jpg,(944).jpg,Calculus,Training
E:\Dr. Atef Ismail\Khaled Dental\Paper2\archive (10)\Tooth Discoloration\Tooth_Discoloration_0_9638.jpeg,Tooth_Discoloration_0_9638.jpeg,Tooth Discoloration,Training
E:\Dr. Atef Ismail\Khaled Dental\Paper2\archive (10)\Caries_Gingivitus\caries_0_4307.jpeg,caries_0_4307.jpeg,Caries-Gingivitis,Training
E:\Dr. Atef Ismail\Khaled Dental\Paper2\archive (10)\hypodontia\(136).jpg,(136).jpg,Hypodontia,Training
E:\Dr. Atef Ismail\Khaled Dental\Paper2\archive (10)\Caries_Gingivitus\(80).jpg,(80).jpg,Caries-Gingivitis,Training
E:\Dr. Atef Ismail\Khaled Dental\Paper2\archive (10)\Calculus\(583).jpg,(583).jpg,Calculus,Training
E:\Dr. Atef Ismail\Khaled Dental\Paper2\archive (10)\Tooth Discoloration\Tooth_Discoloration_0_8834.jpeg,Tooth_Discoloration_0_8834.jpeg,Tooth Discoloration,Training
E:\Dr. Atef Ismail\Khaled Dental\Paper2\archive (10)\Calculus\(1292).jpg,(1292).jpg,Calculus,Training
E:\Dr. Atef Ismail\Khaled Dental\Paper2\archive (10)\Gingivitis\(57).jpg,(57).jpg,Gingivitis,Training
E:\Dr. Atef Ismail\Khaled Dental\Paper2\archive (10)\Tooth Discoloration\Tooth_Discoloration_0_4430.jpeg,Tooth_Discoloration_0_4430.jpeg,Tooth Discoloration,Training
E:\Dr. Atef Ismail\Khaled Dental\Paper2\archive (10)\Caries_Gingivitus\caries_0_4924.jpeg,caries_0_4924.jpeg,Caries-Gingivitis,Training
E:\Dr. Atef Ismail\Khaled Dental\Paper2\archive (10)\Calculus\(129).jpg,(129).jpg,Calculus,Training
E:\Dr. Atef Ismail\Khaled Dental\Paper2\archive (10)\Calculus\(676).jpg,(676).jpg,Calculus,Training
E:\Dr. Atef Ismail\Khaled Dental\Paper2\archive (10)\Gingivitis\(1892).jpg,(1892).jpg,Gingivitis,Training
E:\Dr. Atef Ismail\Khaled Dental\Paper2\archive (10)\Tooth Discoloration\Tooth_Discoloration_0_946.jpeg,Tooth_Discoloration_0_946.jpeg,Tooth Discoloration,Training
E:\Dr. Atef Ismail\Khaled Dental\Paper2\archive (10)\Mouth Ulcer\Mouth_Ulcer_0_3395.jpeg,Mouth_Ulcer_0_3395.jpeg,Mouth Ulcer,Training
E:\Dr. Atef Ismail\Khaled Dental\Paper2\archive (10)\hypodontia\(780).jpg,(780).jpg,Hypodontia,Training
E:\Dr. Atef Ismail\Khaled Dental\Paper2\archive (10)\Mouth Ulcer\Mouth_Ulcer_0_8584.jpeg,Mouth_Ulcer_0_8584.jpeg,Mouth Ulcer,Training
E:\Dr. Atef Ismail\Khaled Dental\Paper2\archive (10)\Caries_Gingivitus\(184).jpg,(184).jpg,Caries-Gingivitis,Training
E:\Dr. Atef Ismail\Khaled Dental\Paper2\archive (10)\Mouth Ulcer\Mouth_Ulcer_0_8519.jpeg,Mouth_Ulcer_0_8519.jpeg,Mouth Ulcer,Training
E:\Dr. Atef Ismail\Khaled Dental\Paper2\archive (10)\Tooth Discoloration\Tooth_Discoloration_0_2945.jpeg,Tooth_Discoloration_0_2945.jpeg,Tooth Discoloration,Training
E:\Dr. Atef Ismail\Khaled Dental\Paper2\archive (10)\Mouth Ulcer\Mouth_Ulcer_0_4559.jpeg,Mouth_Ulcer_0_4559.jpeg,Mouth Ulcer,Training
E:\Dr. Atef Ismail\Khaled Dental\Paper2\archive (10)\Calculus\(138).jpg,(138).jpg,Calculus,Training
E:\Dr. Atef Ismail\Khaled Dental\Paper2\archive (10)\Tooth Discoloration\Tooth_Discoloration_0_4944.jpeg,Tooth_Discoloration_0_4944.jpeg,Tooth Discoloration,Training
E:\Dr. Atef Ismail\Khaled Dental\Paper2\archive (10)\Caries_Gingivitus\caries_0_3381.jpeg,caries_0_3381.jpeg,Caries-Gingivitis,Training
E:\Dr. Atef Ismail\Khaled Dental\Paper2\archive (10)\hypodontia\(949).JPG,(949).JPG,Hypodontia,Training
E:\Dr. Atef Ismail\Khaled Dental\Paper2\archive (10)\hypodontia\(944).jpg,(944).jpg,Hypodontia,Training
E:\Dr. Atef Ismail\Khaled Dental\Paper2\archive (10)\Tooth Discoloration\Tooth_Discoloration_0_9822.jpeg,Tooth_Discoloration_0_9822.jpeg,Tooth Discoloration,Training
E:\Dr. Atef Ismail\Khaled Dental\Paper2\archive (10)\Mouth Ulcer\Mouth_Ulcer_0_2494.jpeg,Mouth_Ulcer_0_2494.jpeg,Mouth Ulcer,Training
E:\Dr. Atef Ismail\Khaled Dental\Paper2\archive (10)\Gingivitis\(1589).jpg,(1589).jpg,Gingivitis,Training
E:\Dr. Atef Ismail\Khaled Dental\Paper2\archive (10)\hypodontia\(1220).jpg,(1220).jpg,Hypodontia,Training
E:\Dr. Atef Ismail\Khaled Dental\Paper2\archive (10)\Tooth Discoloration\Tooth_Discoloration_0_5855.jpeg,Tooth_Discoloration_0_5855.jpeg,Tooth Discoloration,Training
E:\Dr. Atef Ismail\Khaled Dental\Paper2\archive (10)\Tooth Discoloration\Tooth_Discoloration_0_803.jpeg,Tooth_Discoloration_0_803.jpeg,Tooth Discoloration,Training
E:\Dr. Atef Ismail\Khaled Dental\Paper2\archive (10)\Tooth Discoloration\Tooth_Discoloration_0_4874.jpeg,Tooth_Discoloration_0_4874.jpeg,Tooth Discoloration,Training
E:\Dr. Atef Ismail\Khaled Dental\Paper2\archive (10)\Gingivitis\(1580).jpg,(1580).jpg,Gingivitis,Training
E:\Dr. Atef Ismail\Khaled Dental\Paper2\archive (10)\Gingivitis\(636).jpg,(636).jpg,Gingivitis,Training
E:\Dr. Atef Ismail\Khaled Dental\Paper2\archive (10)\hypodontia\(307).JPG,(307).JPG,Hypodontia,Training
E:\Dr. Atef Ismail\Khaled Dental\Paper2\archive (10)\Gingivitis\(1926).jpg,(1926).jpg,Gingivitis,Training
E:\Dr. Atef Ismail\Khaled Dental\Paper2\archive (10)\Mouth Ulcer\Mouth_Ulcer_0_3691.jpeg,Mouth_Ulcer_0_3691.jpeg,Mouth Ulcer,Training
E:\Dr. Atef Ismail\Khaled Dental\Paper2\archive (10)\Caries_Gingivitus\caries_0_4544.jpeg,caries_0_4544.jpeg,Caries-Gingivitis,Training
E:\Dr. Atef Ismail\Khaled Dental\Paper2\archive (10)\Tooth Discoloration\Tooth_Discoloration_0_3441.jpeg,Tooth_Discoloration_0_3441.jpeg,Tooth Discoloration,Training
E:\Dr. Atef Ismail\Khaled Dental\Paper2\archive (10)\Mouth Ulcer\Mouth_Ulcer_0_6937.jpeg,Mouth_Ulcer_0_6937.jpeg,Mouth Ulcer,Training
E:\Dr. Atef Ismail\Khaled Dental\Paper2\archive (10)\Calculus\(418).jpg,(418).jpg,Calculus,Training
E:\Dr. Atef Ismail\Khaled Dental\Paper2\archive (10)\Mouth Ulcer\Mouth_Ulcer_0_7655.jpeg,Mouth_Ulcer_0_7655.jpeg,Mouth Ulcer,Training
E:\Dr. Atef Ismail\Khaled Dental\Paper2\archive (10)\Gingivitis\(1953).jpg,(1953).jpg,Gingivitis,Training
E:\Dr. Atef Ismail\Khaled Dental\Paper2\archive (10)\Gingivitis\(1144).jpg,(1144).jpg,Gingivitis,Training
E:\Dr. Atef Ismail\Khaled Dental\Paper2\archive (10)\Mouth Ulcer\Mouth_Ulcer_0_7580.jpeg,Mouth_Ulcer_0_7580.jpeg,Mouth Ulcer,Training
E:\Dr. Atef Ismail\Khaled Dental\Paper2\archive (10)\Mouth Ulcer\Mouth_Ulcer_0_9636.jpeg,Mouth_Ulcer_0_9636.jpeg,Mouth Ulcer,Training
E:\Dr. Atef Ismail\Khaled Dental\Paper2\archive (10)\hypodontia\(1211).JPG,(1211).JPG,Hypodontia,Training
E:\Dr. Atef Ismail\Khaled Dental\Paper2\archive (10)\Mouth Ulcer\Mouth_Ulcer_0_7626.jpeg,Mouth_Ulcer_0_7626.jpeg,Mouth Ulcer,Training
E:\Dr. Atef Ismail\Khaled Dental\Paper2\archive (10)\Tooth Discoloration\Tooth_Discoloration_0_2761.jpeg,Tooth_Discoloration_0_2761.jpeg,Tooth Discoloration,Training
E:\Dr. Atef Ismail\Khaled Dental\Paper2\archive (10)\Gingivitis\(803).jpg,(803).jpg,Gingivitis,Training
E:\Dr. Atef Ismail\Khaled Dental\Paper2\archive (10)\Caries_Gingivitus\447.jpg,447.jpg,Caries-Gingivitis,Training
E:\Dr. Atef Ismail\Khaled Dental\Paper2\archive (10)\Calculus\(1050).jpg,(1050).jpg,Calculus,Training
E:\Dr. Atef Ismail\Khaled Dental\Paper2\archive (10)\Mouth Ulcer\Mouth_Ulcer_0_4523.jpeg,Mouth_Ulcer_0_4523.jpeg,Mouth Ulcer,Training
E:\Dr. Atef Ismail\Khaled Dental\Paper2\archive (10)\Mouth Ulcer\Mouth_Ulcer_0_2608.jpeg,Mouth_Ulcer_0_2608.jpeg,Mouth Ulcer,Training
E:\Dr. Atef Ismail\Khaled Dental\Paper2\archive (10)\Calculus\(235).jpg,(235).jpg,Calculus,Training
E:\Dr. Atef Ismail\Khaled Dental\Paper2\archive (10)\Mouth Ulcer\Mouth_Ulcer_0_6849.jpeg,Mouth_Ulcer_0_6849.jpeg,Mouth Ulcer,Training
E:\Dr. Atef Ismail\Khaled Dental\Paper2\archive (10)\Gingivitis\(892).jpg,(892).jpg,Gingivitis,Training
E:\Dr. Atef Ismail\Khaled Dental\Paper2\archive (10)\Gingivitis\(420).jpg,(420).jpg,Gingivitis,Training
E:\Dr. Atef Ismail\Khaled Dental\Paper2\archive (10)\Gingivitis\(332).jpg,(332).jpg,Gingivitis,Training
E:\Dr. Atef Ismail\Khaled Dental\Paper2\archive (10)\Caries_Gingivitus\173.jpg,173.jpg,Caries-Gingivitis,Training
E:\Dr. Atef Ismail\Khaled Dental\Paper2\archive (10)\Mouth Ulcer\Mouth_Ulcer_0_2160.jpeg,Mouth_Ulcer_0_2160.jpeg,Mouth Ulcer,Training
E:\Dr. Atef Ismail\Khaled Dental\Paper2\archive (10)\Gingivitis\(2300).jpg,(2300).jpg,Gingivitis,Training
E:\Dr. Atef Ismail\Khaled Dental\Paper2\archive (10)\Caries_Gingivitus\caries_0_4751.jpeg,caries_0_4751.jpeg,Caries-Gingivitis,Training
E:\Dr. Atef Ismail\Khaled Dental\Paper2\archive (10)\Tooth Discoloration\Tooth_Discoloration_0_8347.jpeg,Tooth_Discoloration_0_8347.jpeg,Tooth Discoloration,Training
E:\Dr. Atef Ismail\Khaled Dental\Paper2\archive (10)\Mouth Ulcer\Mouth_Ulcer_0_2656.jpeg,Mouth_Ulcer_0_2656.jpeg,Mouth Ulcer,Training
E:\Dr. Atef Ismail\Khaled Dental\Paper2\archive (10)\Mouth Ulcer\Mouth_Ulcer_0_7755.jpeg,Mouth_Ulcer_0_7755.jpeg,Mouth Ulcer,Training
E:\Dr. Atef Ismail\Khaled Dental\Paper2\archive (10)\Gingivitis\(140).jpg,(140).jpg,Gingivitis,Training
E:\Dr. Atef Ismail\Khaled Dental\Paper2\archive (10)\hypodontia\(310).JPG,(310).JPG,Hypodontia,Training
E:\Dr. Atef Ismail\Khaled Dental\Paper2\archive (10)\Gingivitis\(1806).jpg,(1806).jpg,Gingivitis,Training
E:\Dr. Atef Ismail\Khaled Dental\Paper2\archive (10)\Mouth Ulcer\Mouth_Ulcer_0_8883.jpeg,Mouth_Ulcer_0_8883.jpeg,Mouth Ulcer,Training
E:\Dr. Atef Ismail\Khaled Dental\Paper2\archive (10)\Gingivitis\(2129).jpg,(2129).jpg,Gingivitis,Training
E:\Dr. Atef Ismail\Khaled Dental\Paper2\archive (10)\Gingivitis\(1459).jpg,(1459).jpg,Gingivitis,Training
E:\Dr. Atef Ismail\Khaled Dental\Paper2\archive (10)\Gingivitis\(693).jpg,(693).jpg,Gingivitis,Training
E:\Dr. Atef Ismail\Khaled Dental\Paper2\archive (10)\hypodontia\(491).JPG,(491).JPG,Hypodontia,Training
E:\Dr. Atef Ismail\Khaled Dental\Paper2\archive (10)\Gingivitis\(1992).jpg,(1992).jpg,Gingivitis,Training
E:\Dr. Atef Ismail\Khaled Dental\Paper2\archive (10)\Calculus\(466).jpg,(466).jpg,Calculus,Training
E:\Dr. Atef Ismail\Khaled Dental\Paper2\archive (10)\Tooth Discoloration\Tooth_Discoloration_0_7149.jpeg,Tooth_Discoloration_0_7149.jpeg,Tooth Discoloration,Training
E:\Dr. Atef Ismail\Khaled Dental\Paper2\archive (10)\Mouth Ulcer\Mouth_Ulcer_0_2461.jpeg,Mouth_Ulcer_0_2461.jpeg,Mouth Ulcer,Training
E:\Dr. Atef Ismail\Khaled Dental\Paper2\archive (10)\Caries_Gingivitus\205.jpg,205.jpg,Caries-Gingivitis,Training
E:\Dr. Atef Ismail\Khaled Dental\Paper2\archive (10)\hypodontia\(606).JPG,(606).JPG,Hypodontia,Training
E:\Dr. Atef Ismail\Khaled Dental\Paper2\archive (10)\Mouth Ulcer\Mouth_Ulcer_0_2044.jpeg,Mouth_Ulcer_0_2044.jpeg,Mouth Ulcer,Training
E:\Dr. Atef Ismail\Khaled Dental\Paper2\archive (10)\Mouth Ulcer\Mouth_Ulcer_0_5929.jpeg,Mouth_Ulcer_0_5929.jpeg,Mouth Ulcer,Training
E:\Dr. Atef Ismail\Khaled Dental\Paper2\archive (10)\Caries_Gingivitus\291.jpg,291.jpg,Caries-Gingivitis,Training
E:\Dr. Atef Ismail\Khaled Dental\Paper2\archive (10)\Gingivitis\(581).jpg,(581).jpg,Gingivitis,Training
E:\Dr. Atef Ismail\Khaled Dental\Paper2\archive (10)\Tooth Discoloration\Tooth_Discoloration_0_6212.jpeg,Tooth_Discoloration_0_6212.jpeg,Tooth Discoloration,Training
E:\Dr. Atef Ismail\Khaled Dental\Paper2\archive (10)\Gingivitis\(1166).jpg,(1166).jpg,Gingivitis,Training
E:\Dr. Atef Ismail\Khaled Dental\Paper2\archive (10)\Gingivitis\(1467).jpg,(1467).jpg,Gingivitis,Training
E:\Dr. Atef Ismail\Khaled Dental\Paper2\archive (10)\Calculus\(444).jpg,(444).jpg,Calculus,Training
E:\Dr. Atef Ismail\Khaled Dental\Paper2\archive (10)\Calculus\(976).jpg,(976).jpg,Calculus,Training
E:\Dr. Atef Ismail\Khaled Dental\Paper2\archive (10)\Tooth Discoloration\Tooth_Discoloration_0_9150.jpeg,Tooth_Discoloration_0_9150.jpeg,Tooth Discoloration,Training
E:\Dr. Atef Ismail\Khaled Dental\Paper2\archive (10)\Gingivitis\(115).jpg,(115).jpg,Gingivitis,Training
E:\Dr. Atef Ismail\Khaled Dental\Paper2\archive (10)\Gingivitis\(451).jpg,(451).jpg,Gingivitis,Training
E:\Dr. Atef Ismail\Khaled Dental\Paper2\archive (10)\Gingivitis\(91).jpg,(91).jpg,Gingivitis,Training
E:\Dr. Atef Ismail\Khaled Dental\Paper2\archive (10)\Gingivitis\(1425).jpg,(1425).jpg,Gingivitis,Training
E:\Dr. Atef Ismail\Khaled Dental\Paper2\archive (10)\Caries_Gingivitus\caries_0_3260.jpeg,caries_0_3260.jpeg,Caries-Gingivitis,Training
E:\Dr. Atef Ismail\Khaled Dental\Paper2\archive (10)\Mouth Ulcer\Mouth_Ulcer_0_9921.jpeg,Mouth_Ulcer_0_9921.jpeg,Mouth Ulcer,Training
E:\Dr. Atef Ismail\Khaled Dental\Paper2\archive (10)\Mouth Ulcer\Mouth_Ulcer_0_6255.jpeg,Mouth_Ulcer_0_6255.jpeg,Mouth Ulcer,Training
E:\Dr. Atef Ismail\Khaled Dental\Paper2\archive (10)\hypodontia\(1165).JPG,(1165).JPG,Hypodontia,Training
E:\Dr. Atef Ismail\Khaled Dental\Paper2\archive (10)\Gingivitis\(2120).jpg,(2120).jpg,Gingivitis,Training
E:\Dr. Atef Ismail\Khaled Dental\Paper2\archive (10)\Gingivitis\(385).jpg,(385).jpg,Gingivitis,Training
E:\Dr. Atef Ismail\Khaled Dental\Paper2\archive (10)\Caries_Gingivitus\565.jpg,565.jpg,Caries-Gingivitis,Training
E:\Dr. Atef Ismail\Khaled Dental\Paper2\archive (10)\Calculus\(605).jpg,(605).jpg,Calculus,Training
E:\Dr. Atef Ismail\Khaled Dental\Paper2\archive (10)\Mouth Ulcer\Mouth_Ulcer_0_6660.jpeg,Mouth_Ulcer_0_6660.jpeg,Mouth Ulcer,Training
E:\Dr. Atef Ismail\Khaled Dental\Paper2\archive (10)\Mouth Ulcer\Mouth_Ulcer_0_5225.jpeg,Mouth_Ulcer_0_5225.jpeg,Mouth Ulcer,Training
E:\Dr. Atef Ismail\Khaled Dental\Paper2\archive (10)\Tooth Discoloration\Tooth_Discoloration_0_1157.jpeg,Tooth_Discoloration_0_1157.jpeg,Tooth Discoloration,Training
E:\Dr. Atef Ismail\Khaled Dental\Paper2\archive (10)\Mouth Ulcer\Mouth_Ulcer_0_59.jpeg,Mouth_Ulcer_0_59.jpeg,Mouth Ulcer,Training
E:\Dr. Atef Ismail\Khaled Dental\Paper2\archive (10)\Tooth Discoloration\Tooth_Discoloration_0_7599.jpeg,Tooth_Discoloration_0_7599.jpeg,Tooth Discoloration,Training
E:\Dr. Atef Ismail\Khaled Dental\Paper2\archive (10)\Mouth Ulcer\Mouth_Ulcer_0_8452.jpeg,Mouth_Ulcer_0_8452.jpeg,Mouth Ulcer,Training
E:\Dr. Atef Ismail\Khaled Dental\Paper2\archive (10)\Gingivitis\(1149).jpg,(1149).jpg,Gingivitis,Training
E:\Dr. Atef Ismail\Khaled Dental\Paper2\archive (10)\Tooth Discoloration\Tooth_Discoloration_0_7779.jpeg,Tooth_Discoloration_0_7779.jpeg,Tooth Discoloration,Training
E:\Dr. Atef Ismail\Khaled Dental\Paper2\archive (10)\Caries_Gingivitus\caries_0_4296.jpeg,caries_0_4296.jpeg,Caries-Gingivitis,Training
E:\Dr. Atef Ismail\Khaled Dental\Paper2\archive (10)\Mouth Ulcer\Mouth_Ulcer_0_6160.jpeg,Mouth_Ulcer_0_6160.jpeg,Mouth Ulcer,Training
E:\Dr. Atef Ismail\Khaled Dental\Paper2\archive (10)\hypodontia\(1102).jpg,(1102).jpg,Hypodontia,Training
E:\Dr. Atef Ismail\Khaled Dental\Paper2\archive (10)\Mouth Ulcer\Mouth_Ulcer_0_155.jpeg,Mouth_Ulcer_0_155.jpeg,Mouth Ulcer,Training
E:\Dr. Atef Ismail\Khaled Dental\Paper2\archive (10)\Caries_Gingivitus\caries_0_634.jpeg,caries_0_634.jpeg,Caries-Gingivitis,Training
E:\Dr. Atef Ismail\Khaled Dental\Paper2\archive (10)\Tooth Discoloration\Tooth_Discoloration_0_1201.jpeg,Tooth_Discoloration_0_1201.jpeg,Tooth Discoloration,Training
E:\Dr. Atef Ismail\Khaled Dental\Paper2\archive (10)\Caries_Gingivitus\(8).jpg,(8).jpg,Caries-Gingivitis,Training
E:\Dr. Atef Ismail\Khaled Dental\Paper2\archive (10)\Gingivitis\(23).jpg,(23).jpg,Gingivitis,Training
E:\Dr. Atef Ismail\Khaled Dental\Paper2\archive (10)\Caries_Gingivitus\13.jpg,13.jpg,Caries-Gingivitis,Training
E:\Dr. Atef Ismail\Khaled Dental\Paper2\archive (10)\Gingivitis\(1027).jpg,(1027).jpg,Gingivitis,Training
E:\Dr. Atef Ismail\Khaled Dental\Paper2\archive (10)\hypodontia\(691).jpg,(691).jpg,Hypodontia,Training
E:\Dr. Atef Ismail\Khaled Dental\Paper2\archive (10)\Caries_Gingivitus\caries_0_278.jpeg,caries_0_278.jpeg,Caries-Gingivitis,Training
E:\Dr. Atef Ismail\Khaled Dental\Paper2\archive (10)\Mouth Ulcer\Mouth_Ulcer_0_103.jpeg,Mouth_Ulcer_0_103.jpeg,Mouth Ulcer,Training
E:\Dr. Atef Ismail\Khaled Dental\Paper2\archive (10)\Mouth Ulcer\Mouth_Ulcer_0_5556.jpeg,Mouth_Ulcer_0_5556.jpeg,Mouth Ulcer,Training
E:\Dr. Atef Ismail\Khaled Dental\Paper2\archive (10)\Calculus\(597).jpg,(597).jpg,Calculus,Training
E:\Dr. Atef Ismail\Khaled Dental\Paper2\archive (10)\Mouth Ulcer\Mouth_Ulcer_0_4957.jpeg,Mouth_Ulcer_0_4957.jpeg,Mouth Ulcer,Training
E:\Dr. Atef Ismail\Khaled Dental\Paper2\archive (10)\Gingivitis\(2263).jpg,(2263).jpg,Gingivitis,Training
E:\Dr. Atef Ismail\Khaled Dental\Paper2\archive (10)\Caries_Gingivitus\caries_0_4325.jpeg,caries_0_4325.jpeg,Caries-Gingivitis,Training
E:\Dr. Atef Ismail\Khaled Dental\Paper2\archive (10)\hypodontia\(430).JPG,(430).JPG,Hypodontia,Training
E:\Dr. Atef Ismail\Khaled Dental\Paper2\archive (10)\Gingivitis\(544).jpg,(544).jpg,Gingivitis,Training
E:\Dr. Atef Ismail\Khaled Dental\Paper2\archive (10)\Caries_Gingivitus\(103).jpg,(103).jpg,Caries-Gingivitis,Training
E:\Dr. Atef Ismail\Khaled Dental\Paper2\archive (10)\Calculus\(709).jpg,(709).jpg,Calculus,Training
E:\Dr. Atef Ismail\Khaled Dental\Paper2\archive (10)\Gingivitis\(142).jpg,(142).jpg,Gingivitis,Training
E:\Dr. Atef Ismail\Khaled Dental\Paper2\archive (10)\Mouth Ulcer\Mouth_Ulcer_0_9202.jpeg,Mouth_Ulcer_0_9202.jpeg,Mouth Ulcer,Training
E:\Dr. Atef Ismail\Khaled Dental\Paper2\archive (10)\hypodontia\(519).jpg,(519).jpg,Hypodontia,Training
E:\Dr. Atef Ismail\Khaled Dental\Paper2\archive (10)\Tooth Discoloration\Tooth_Discoloration_0_130.jpeg,Tooth_Discoloration_0_130.jpeg,Tooth Discoloration,Training
E:\Dr. Atef Ismail\Khaled Dental\Paper2\archive (10)\Mouth Ulcer\Mouth_Ulcer_0_8029.jpeg,Mouth_Ulcer_0_8029.jpeg,Mouth Ulcer,Training
E:\Dr. Atef Ismail\Khaled Dental\Paper2\archive (10)\Tooth Discoloration\Tooth_Discoloration_0_3010.jpeg,Tooth_Discoloration_0_3010.jpeg,Tooth Discoloration,Training
E:\Dr. Atef Ismail\Khaled Dental\Paper2\archive (10)\Gingivitis\(851).jpg,(851).jpg,Gingivitis,Training
E:\Dr. Atef Ismail\Khaled Dental\Paper2\archive (10)\Caries_Gingivitus\128.jpg,128.jpg,Caries-Gingivitis,Training
E:\Dr. Atef Ismail\Khaled Dental\Paper2\archive (10)\Mouth Ulcer\Mouth_Ulcer_0_3468.jpeg,Mouth_Ulcer_0_3468.jpeg,Mouth Ulcer,Training
E:\Dr. Atef Ismail\Khaled Dental\Paper2\archive (10)\Mouth Ulcer\Mouth_Ulcer_0_6357.jpeg,Mouth_Ulcer_0_6357.jpeg,Mouth Ulcer,Training
E:\Dr. Atef Ismail\Khaled Dental\Paper2\archive (10)\Calculus\(210).jpg,(210).jpg,Calculus,Training
E:\Dr. Atef Ismail\Khaled Dental\Paper2\archive (10)\Gingivitis\(13).jpg,(13).jpg,Gingivitis,Training
E:\Dr. Atef Ismail\Khaled Dental\Paper2\archive (10)\Gingivitis\(1439).jpg,(1439).jpg,Gingivitis,Training
E:\Dr. Atef Ismail\Khaled Dental\Paper2\archive (10)\Gingivitis\(143).jpg,(143).jpg,Gingivitis,Training
E:\Dr. Atef Ismail\Khaled Dental\Paper2\archive (10)\Mouth Ulcer\Mouth_Ulcer_0_1374.jpeg,Mouth_Ulcer_0_1374.jpeg,Mouth Ulcer,Training
E:\Dr. Atef Ismail\Khaled Dental\Paper2\archive (10)\Mouth Ulcer\Mouth_Ulcer_0_8131.jpeg,Mouth_Ulcer_0_8131.jpeg,Mouth Ulcer,Training
E:\Dr. Atef Ismail\Khaled Dental\Paper2\archive (10)\Calculus\(646).jpg,(646).jpg,Calculus,Training
E:\Dr. Atef Ismail\Khaled Dental\Paper2\archive (10)\Calculus\(169).jpg,(169).jpg,Calculus,Training
E:\Dr. Atef Ismail\Khaled Dental\Paper2\archive (10)\Calculus\(913).jpg,(913).jpg,Calculus,Training
E:\Dr. Atef Ismail\Khaled Dental\Paper2\archive (10)\Tooth Discoloration\Tooth_Discoloration_0_3607.jpeg,Tooth_Discoloration_0_3607.jpeg,Tooth Discoloration,Training
E:\Dr. Atef Ismail\Khaled Dental\Paper2\archive (10)\Mouth Ulcer\Mouth_Ulcer_0_3414.jpeg,Mouth_Ulcer_0_3414.jpeg,Mouth Ulcer,Training
E:\Dr. Atef Ismail\Khaled Dental\Paper2\archive (10)\Caries_Gingivitus\136.jpg,136.jpg,Caries-Gingivitis,Training
E:\Dr. Atef Ismail\Khaled Dental\Paper2\archive (10)\Mouth Ulcer\Mouth_Ulcer_0_7302.jpeg,Mouth_Ulcer_0_7302.jpeg,Mouth Ulcer,Training
E:\Dr. Atef Ismail\Khaled Dental\Paper2\archive (10)\Tooth Discoloration\Tooth_Discoloration_0_6729.jpeg,Tooth_Discoloration_0_6729.jpeg,Tooth Discoloration,Training
E:\Dr. Atef Ismail\Khaled Dental\Paper2\archive (10)\Gingivitis\(1985).jpg,(1985).jpg,Gingivitis,Training
E:\Dr. Atef Ismail\Khaled Dental\Paper2\archive (10)\Mouth Ulcer\Mouth_Ulcer_0_2427.jpeg,Mouth_Ulcer_0_2427.jpeg,Mouth Ulcer,Training
E:\Dr. Atef Ismail\Khaled Dental\Paper2\archive (10)\Gingivitis\(354).jpg,(354).jpg,Gingivitis,Training
E:\Dr. Atef Ismail\Khaled Dental\Paper2\archive (10)\Gingivitis\(1279).jpg,(1279).jpg,Gingivitis,Training
E:\Dr. Atef Ismail\Khaled Dental\Paper2\archive (10)\Tooth Discoloration\Tooth_Discoloration_0_2993.jpeg,Tooth_Discoloration_0_2993.jpeg,Tooth Discoloration,Training
E:\Dr. Atef Ismail\Khaled Dental\Paper2\archive (10)\Mouth Ulcer\Mouth_Ulcer_0_7442.jpeg,Mouth_Ulcer_0_7442.jpeg,Mouth Ulcer,Training
E:\Dr. Atef Ismail\Khaled Dental\Paper2\archive (10)\Calculus\(684).jpg,(684).jpg,Calculus,Training
E:\Dr. Atef Ismail\Khaled Dental\Paper2\archive (10)\Calculus\(785).jpg,(785).jpg,Calculus,Training
E:\Dr. Atef Ismail\Khaled Dental\Paper2\archive (10)\Mouth Ulcer\Mouth_Ulcer_0_7806.jpeg,Mouth_Ulcer_0_7806.jpeg,Mouth Ulcer,Training
E:\Dr. Atef Ismail\Khaled Dental\Paper2\archive (10)\Calculus\(662).jpg,(662).jpg,Calculus,Training
E:\Dr. Atef Ismail\Khaled Dental\Paper2\archive (10)\Caries_Gingivitus\350.jpg,350.jpg,Caries-Gingivitis,Training
E:\Dr. Atef Ismail\Khaled Dental\Paper2\archive (10)\hypodontia\(110).jpg,(110).jpg,Hypodontia,Training
E:\Dr. Atef Ismail\Khaled Dental\Paper2\archive (10)\hypodontia\(561).JPG,(561).JPG,Hypodontia,Training
E:\Dr. Atef Ismail\Khaled Dental\Paper2\archive (10)\Tooth Discoloration\Tooth_Discoloration_0_5957.jpeg,Tooth_Discoloration_0_5957.jpeg,Tooth Discoloration,Training
E:\Dr. Atef Ismail\Khaled Dental\Paper2\archive (10)\Tooth Discoloration\Tooth_Discoloration_0_4341.jpeg,Tooth_Discoloration_0_4341.jpeg,Tooth Discoloration,Training
E:\Dr. Atef Ismail\Khaled Dental\Paper2\archive (10)\Tooth Discoloration\Tooth_Discoloration_0_5994.jpeg,Tooth_Discoloration_0_5994.jpeg,Tooth Discoloration,Training
E:\Dr. Atef Ismail\Khaled Dental\Paper2\archive (10)\Mouth Ulcer\Mouth_Ulcer_0_1315.jpeg,Mouth_Ulcer_0_1315.jpeg,Mouth Ulcer,Training
E:\Dr. Atef Ismail\Khaled Dental\Paper2\archive (10)\Tooth Discoloration\Tooth_Discoloration_0_5118.jpeg,Tooth_Discoloration_0_5118.jpeg,Tooth Discoloration,Training
E:\Dr. Atef Ismail\Khaled Dental\Paper2\archive (10)\Caries_Gingivitus\caries_0_4674.jpeg,caries_0_4674.jpeg,Caries-Gingivitis,Training
E:\Dr. Atef Ismail\Khaled Dental\Paper2\archive (10)\Gingivitis\(1328).jpg,(1328).jpg,Gingivitis,Training
E:\Dr. Atef Ismail\Khaled Dental\Paper2\archive (10)\Calculus\(307).jpg,(307).jpg,Calculus,Training
E:\Dr. Atef Ismail\Khaled Dental\Paper2\archive (10)\Mouth Ulcer\Mouth_Ulcer_0_3954.jpeg,Mouth_Ulcer_0_3954.jpeg,Mouth Ulcer,Training
E:\Dr. Atef Ismail\Khaled Dental\Paper2\archive (10)\Tooth Discoloration\Tooth_Discoloration_0_2847.jpeg,Tooth_Discoloration_0_2847.jpeg,Tooth Discoloration,Training
E:\Dr. Atef Ismail\Khaled Dental\Paper2\archive (10)\Gingivitis\(1016).jpg,(1016).jpg,Gingivitis,Training
E:\Dr. Atef Ismail\Khaled Dental\Paper2\archive (10)\Gingivitis\(1520).JPG,(1520).JPG,Gingivitis,Training
E:\Dr. Atef Ismail\Khaled Dental\Paper2\archive (10)\Tooth Discoloration\Tooth_Discoloration_0_4354.jpeg,Tooth_Discoloration_0_4354.jpeg,Tooth Discoloration,Training
E:\Dr. Atef Ismail\Khaled Dental\Paper2\archive (10)\Mouth Ulcer\Mouth_Ulcer_0_689.jpeg,Mouth_Ulcer_0_689.jpeg,Mouth Ulcer,Training
E:\Dr. Atef Ismail\Khaled Dental\Paper2\archive (10)\Calculus\(791).jpg,(791).jpg,Calculus,Training
E:\Dr. Atef Ismail\Khaled Dental\Paper2\archive (10)\Mouth Ulcer\Mouth_Ulcer_0_3759.jpeg,Mouth_Ulcer_0_3759.jpeg,Mouth Ulcer,Training
E:\Dr. Atef Ismail\Khaled Dental\Paper2\archive (10)\Mouth Ulcer\Mouth_Ulcer_0_678.jpeg,Mouth_Ulcer_0_678.jpeg,Mouth Ulcer,Training
E:\Dr. Atef Ismail\Khaled Dental\Paper2\archive (10)\hypodontia\(1195).JPG,(1195).JPG,Hypodontia,Training
E:\Dr. Atef Ismail\Khaled Dental\Paper2\archive (10)\Tooth Discoloration\Tooth_Discoloration_0_1160.jpeg,Tooth_Discoloration_0_1160.jpeg,Tooth Discoloration,Training
E:\Dr. Atef Ismail\Khaled Dental\Paper2\archive (10)\Calculus\(1154).jpg,(1154).jpg,Calculus,Training
E:\Dr. Atef Ismail\Khaled Dental\Paper2\archive (10)\Gingivitis\(1652).jpg,(1652).jpg,Gingivitis,Training
E:\Dr. Atef Ismail\Khaled Dental\Paper2\archive (10)\Gingivitis\(6).jpg,(6).jpg,Gingivitis,Training
E:\Dr. Atef Ismail\Khaled Dental\Paper2\archive (10)\Calculus\(1286).jpg,(1286).jpg,Calculus,Training
E:\Dr. Atef Ismail\Khaled Dental\Paper2\archive (10)\Mouth Ulcer\Mouth_Ulcer_0_8179.jpeg,Mouth_Ulcer_0_8179.jpeg,Mouth Ulcer,Training
E:\Dr. Atef Ismail\Khaled Dental\Paper2\archive (10)\Gingivitis\(2185).jpg,(2185).jpg,Gingivitis,Training
E:\Dr. Atef Ismail\Khaled Dental\Paper2\archive (10)\hypodontia\(84).JPG,(84).JPG,Hypodontia,Training
E:\Dr. Atef Ismail\Khaled Dental\Paper2\archive (10)\Mouth Ulcer\Mouth_Ulcer_0_4034.jpeg,Mouth_Ulcer_0_4034.jpeg,Mouth Ulcer,Training
E:\Dr. Atef Ismail\Khaled Dental\Paper2\archive (10)\Tooth Discoloration\Tooth_Discoloration_0_8581.jpeg,Tooth_Discoloration_0_8581.jpeg,Tooth Discoloration,Training
E:\Dr. Atef Ismail\Khaled Dental\Paper2\archive (10)\Calculus\(1231).jpg,(1231).jpg,Calculus,Training
E:\Dr. Atef Ismail\Khaled Dental\Paper2\archive (10)\Gingivitis\(842).jpg,(842).jpg,Gingivitis,Training
E:\Dr. Atef Ismail\Khaled Dental\Paper2\archive (10)\Gingivitis\(2162).jpg,(2162).jpg,Gingivitis,Training
E:\Dr. Atef Ismail\Khaled Dental\Paper2\archive (10)\Tooth Discoloration\Tooth_Discoloration_0_6348.jpeg,Tooth_Discoloration_0_6348.jpeg,Tooth Discoloration,Training
E:\Dr. Atef Ismail\Khaled Dental\Paper2\archive (10)\Gingivitis\(1000).JPG,(1000).JPG,Gingivitis,Training
E:\Dr. Atef Ismail\Khaled Dental\Paper2\archive (10)\Mouth Ulcer\Mouth_Ulcer_0_2379.jpeg,Mouth_Ulcer_0_2379.jpeg,Mouth Ulcer,Training
E:\Dr. Atef Ismail\Khaled Dental\Paper2\archive (10)\Calculus\(608).jpg,(608).jpg,Calculus,Training
E:\Dr. Atef Ismail\Khaled Dental\Paper2\archive (10)\Calculus\(986).jpg,(986).jpg,Calculus,Training
E:\Dr. Atef Ismail\Khaled Dental\Paper2\archive (10)\Mouth Ulcer\Mouth_Ulcer_0_1586.jpeg,Mouth_Ulcer_0_1586.jpeg,Mouth Ulcer,Training
E:\Dr. Atef Ismail\Khaled Dental\Paper2\archive (10)\Tooth Discoloration\Tooth_Discoloration_0_1895.jpeg,Tooth_Discoloration_0_1895.jpeg,Tooth Discoloration,Training
E:\Dr. Atef Ismail\Khaled Dental\Paper2\archive (10)\Mouth Ulcer\Mouth_Ulcer_0_3700.jpeg,Mouth_Ulcer_0_3700.jpeg,Mouth Ulcer,Training
E:\Dr. Atef Ismail\Khaled Dental\Paper2\archive (10)\Mouth Ulcer\Mouth_Ulcer_0_3824.jpeg,Mouth_Ulcer_0_3824.jpeg,Mouth Ulcer,Training
E:\Dr. Atef Ismail\Khaled Dental\Paper2\archive (10)\Mouth Ulcer\Mouth_Ulcer_0_7834.jpeg,Mouth_Ulcer_0_7834.jpeg,Mouth Ulcer,Training
E:\Dr. Atef Ismail\Khaled Dental\Paper2\archive (10)\Gingivitis\(2310).jpg,(2310).jpg,Gingivitis,Training
E:\Dr. Atef Ismail\Khaled Dental\Paper2\archive (10)\Mouth Ulcer\Mouth_Ulcer_0_8332.jpeg,Mouth_Ulcer_0_8332.jpeg,Mouth Ulcer,Training
E:\Dr. Atef Ismail\Khaled Dental\Paper2\archive (10)\Tooth Discoloration\Tooth_Discoloration_0_5722.jpeg,Tooth_Discoloration_0_5722.jpeg,Tooth Discoloration,Training
E:\Dr. Atef Ismail\Khaled Dental\Paper2\archive (10)\Caries_Gingivitus\(143).jpg,(143).jpg,Caries-Gingivitis,Training
E:\Dr. Atef Ismail\Khaled Dental\Paper2\archive (10)\Mouth Ulcer\Mouth_Ulcer_0_7603.jpeg,Mouth_Ulcer_0_7603.jpeg,Mouth Ulcer,Training
E:\Dr. Atef Ismail\Khaled Dental\Paper2\archive (10)\Calculus\(679).jpg,(679).jpg,Calculus,Training
E:\Dr. Atef Ismail\Khaled Dental\Paper2\archive (10)\Tooth Discoloration\Tooth_Discoloration_0_9505.jpeg,Tooth_Discoloration_0_9505.jpeg,Tooth Discoloration,Training
E:\Dr. Atef Ismail\Khaled Dental\Paper2\archive (10)\Tooth Discoloration\Tooth_Discoloration_0_5138.jpeg,Tooth_Discoloration_0_5138.jpeg,Tooth Discoloration,Training
E:\Dr. Atef Ismail\Khaled Dental\Paper2\archive (10)\Tooth Discoloration\Tooth_Discoloration_0_139.jpeg,Tooth_Discoloration_0_139.jpeg,Tooth Discoloration,Training
E:\Dr. Atef Ismail\Khaled Dental\Paper2\archive (10)\Tooth Discoloration\Tooth_Discoloration_0_4738.jpeg,Tooth_Discoloration_0_4738.jpeg,Tooth Discoloration,Training
E:\Dr. Atef Ismail\Khaled Dental\Paper2\archive (10)\Mouth Ulcer\Mouth_Ulcer_0_6991.jpeg,Mouth_Ulcer_0_6991.jpeg,Mouth Ulcer,Training
E:\Dr. Atef Ismail\Khaled Dental\Paper2\archive (10)\Tooth Discoloration\Tooth_Discoloration_0_6763.jpeg,Tooth_Discoloration_0_6763.jpeg,Tooth Discoloration,Training
E:\Dr. Atef Ismail\Khaled Dental\Paper2\archive (10)\Tooth Discoloration\Tooth_Discoloration_0_9011.jpeg,Tooth_Discoloration_0_9011.jpeg,Tooth Discoloration,Training
E:\Dr. Atef Ismail\Khaled Dental\Paper2\archive (10)\hypodontia\(22).JPG,(22).JPG,Hypodontia,Training
E:\Dr. Atef Ismail\Khaled Dental\Paper2\archive (10)\Calculus\(914).jpg,(914).jpg,Calculus,Training
E:\Dr. Atef Ismail\Khaled Dental\Paper2\archive (10)\Tooth Discoloration\Tooth_Discoloration_0_1561.jpeg,Tooth_Discoloration_0_1561.jpeg,Tooth Discoloration,Training
E:\Dr. Atef Ismail\Khaled Dental\Paper2\archive (10)\Mouth Ulcer\Mouth_Ulcer_0_6825.jpeg,Mouth_Ulcer_0_6825.jpeg,Mouth Ulcer,Training
E:\Dr. Atef Ismail\Khaled Dental\Paper2\archive (10)\Mouth Ulcer\Mouth_Ulcer_0_2282.jpeg,Mouth_Ulcer_0_2282.jpeg,Mouth Ulcer,Training
E:\Dr. Atef Ismail\Khaled Dental\Paper2\archive (10)\Tooth Discoloration\Tooth_Discoloration_0_213.jpeg,Tooth_Discoloration_0_213.jpeg,Tooth Discoloration,Training
E:\Dr. Atef Ismail\Khaled Dental\Paper2\archive (10)\Tooth Discoloration\Tooth_Discoloration_0_6565.jpeg,Tooth_Discoloration_0_6565.jpeg,Tooth Discoloration,Training
E:\Dr. Atef Ismail\Khaled Dental\Paper2\archive (10)\hypodontia\(1178).JPG,(1178).JPG,Hypodontia,Training
E:\Dr. Atef Ismail\Khaled Dental\Paper2\archive (10)\hypodontia\(866).JPG,(866).JPG,Hypodontia,Training
E:\Dr. Atef Ismail\Khaled Dental\Paper2\archive (10)\Caries_Gingivitus\635.jpg,635.jpg,Caries-Gingivitis,Training
E:\Dr. Atef Ismail\Khaled Dental\Paper2\archive (10)\Tooth Discoloration\Tooth_Discoloration_0_9422.jpeg,Tooth_Discoloration_0_9422.jpeg,Tooth Discoloration,Training
E:\Dr. Atef Ismail\Khaled Dental\Paper2\archive (10)\Gingivitis\(940).jpg,(940).jpg,Gingivitis,Training
E:\Dr. Atef Ismail\Khaled Dental\Paper2\archive (10)\Tooth Discoloration\Tooth_Discoloration_0_9356.jpeg,Tooth_Discoloration_0_9356.jpeg,Tooth Discoloration,Training
E:\Dr. Atef Ismail\Khaled Dental\Paper2\archive (10)\Mouth Ulcer\Mouth_Ulcer_0_3419.jpeg,Mouth_Ulcer_0_3419.jpeg,Mouth Ulcer,Training
E:\Dr. Atef Ismail\Khaled Dental\Paper2\archive (10)\Calculus\(473).jpg,(473).jpg,Calculus,Training
E:\Dr. Atef Ismail\Khaled Dental\Paper2\archive (10)\hypodontia\(158).JPG,(158).JPG,Hypodontia,Training
E:\Dr. Atef Ismail\Khaled Dental\Paper2\archive (10)\hypodontia\(494).JPG,(494).JPG,Hypodontia,Training
E:\Dr. Atef Ismail\Khaled Dental\Paper2\archive (10)\hypodontia\(445).JPG,(445).JPG,Hypodontia,Training
E:\Dr. Atef Ismail\Khaled Dental\Paper2\archive (10)\hypodontia\(150).JPG,(150).JPG,Hypodontia,Training
E:\Dr. Atef Ismail\Khaled Dental\Paper2\archive (10)\Gingivitis\(2182).jpg,(2182).jpg,Gingivitis,Training
E:\Dr. Atef Ismail\Khaled Dental\Paper2\archive (10)\Gingivitis\(1418).jpg,(1418).jpg,Gingivitis,Training
E:\Dr. Atef Ismail\Khaled Dental\Paper2\archive (10)\Mouth Ulcer\Mouth_Ulcer_0_1216.jpeg,Mouth_Ulcer_0_1216.jpeg,Mouth Ulcer,Training
E:\Dr. Atef Ismail\Khaled Dental\Paper2\archive (10)\hypodontia\(336).JPG,(336).JPG,Hypodontia,Training
E:\Dr. Atef Ismail\Khaled Dental\Paper2\archive (10)\Tooth Discoloration\Tooth_Discoloration_0_2589.jpeg,Tooth_Discoloration_0_2589.jpeg,Tooth Discoloration,Training
E:\Dr. Atef Ismail\Khaled Dental\Paper2\archive (10)\Tooth Discoloration\Tooth_Discoloration_0_4347.jpeg,Tooth_Discoloration_0_4347.jpeg,Tooth Discoloration,Training
E:\Dr. Atef Ismail\Khaled Dental\Paper2\archive (10)\Tooth Discoloration\Tooth_Discoloration_0_2428.jpeg,Tooth_Discoloration_0_2428.jpeg,Tooth Discoloration,Training
E:\Dr. Atef Ismail\Khaled Dental\Paper2\archive (10)\Calculus\(1061).jpg,(1061).jpg,Calculus,Training
E:\Dr. Atef Ismail\Khaled Dental\Paper2\archive (10)\Caries_Gingivitus\caries_0_3358.jpeg,caries_0_3358.jpeg,Caries-Gingivitis,Training
E:\Dr. Atef Ismail\Khaled Dental\Paper2\archive (10)\Mouth Ulcer\Mouth_Ulcer_0_4319.jpeg,Mouth_Ulcer_0_4319.jpeg,Mouth Ulcer,Training
E:\Dr. Atef Ismail\Khaled Dental\Paper2\archive (10)\Tooth Discoloration\Tooth_Discoloration_0_7134.jpeg,Tooth_Discoloration_0_7134.jpeg,Tooth Discoloration,Training
E:\Dr. Atef Ismail\Khaled Dental\Paper2\archive (10)\Mouth Ulcer\Mouth_Ulcer_0_7714.jpeg,Mouth_Ulcer_0_7714.jpeg,Mouth Ulcer,Training
E:\Dr. Atef Ismail\Khaled Dental\Paper2\archive (10)\Caries_Gingivitus\(197).jpg,(197).jpg,Caries-Gingivitis,Training
E:\Dr. Atef Ismail\Khaled Dental\Paper2\archive (10)\Gingivitis\(195).jpg,(195).jpg,Gingivitis,Training
E:\Dr. Atef Ismail\Khaled Dental\Paper2\archive (10)\hypodontia\(192).JPG,(192).JPG,Hypodontia,Training
E:\Dr. Atef Ismail\Khaled Dental\Paper2\archive (10)\Gingivitis\(235).jpg,(235).jpg,Gingivitis,Training
E:\Dr. Atef Ismail\Khaled Dental\Paper2\archive (10)\hypodontia\(832).jpg,(832).jpg,Hypodontia,Training
E:\Dr. Atef Ismail\Khaled Dental\Paper2\archive (10)\hypodontia\(1247).jpg,(1247).jpg,Hypodontia,Training
E:\Dr. Atef Ismail\Khaled Dental\Paper2\archive (10)\Caries_Gingivitus\caries_0_4939.jpeg,caries_0_4939.jpeg,Caries-Gingivitis,Training
E:\Dr. Atef Ismail\Khaled Dental\Paper2\archive (10)\Mouth Ulcer\Mouth_Ulcer_0_1718.jpeg,Mouth_Ulcer_0_1718.jpeg,Mouth Ulcer,Training
E:\Dr. Atef Ismail\Khaled Dental\Paper2\archive (10)\hypodontia\(29).JPG,(29).JPG,Hypodontia,Training
E:\Dr. Atef Ismail\Khaled Dental\Paper2\archive (10)\Gingivitis\(2201).jpg,(2201).jpg,Gingivitis,Training
E:\Dr. Atef Ismail\Khaled Dental\Paper2\archive (10)\Tooth Discoloration\Tooth_Discoloration_0_8075.jpeg,Tooth_Discoloration_0_8075.jpeg,Tooth Discoloration,Training
E:\Dr. Atef Ismail\Khaled Dental\Paper2\archive (10)\Mouth Ulcer\Mouth_Ulcer_0_9024.jpeg,Mouth_Ulcer_0_9024.jpeg,Mouth Ulcer,Training
E:\Dr. Atef Ismail\Khaled Dental\Paper2\archive (10)\Calculus\(643).jpg,(643).jpg,Calculus,Training
E:\Dr. Atef Ismail\Khaled Dental\Paper2\archive (10)\Tooth Discoloration\Tooth_Discoloration_0_7005.jpeg,Tooth_Discoloration_0_7005.jpeg,Tooth Discoloration,Training
E:\Dr. Atef Ismail\Khaled Dental\Paper2\archive (10)\Mouth Ulcer\Mouth_Ulcer_0_9526.jpeg,Mouth_Ulcer_0_9526.jpeg,Mouth Ulcer,Training
E:\Dr. Atef Ismail\Khaled Dental\Paper2\archive (10)\Mouth Ulcer\Mouth_Ulcer_0_3210.jpeg,Mouth_Ulcer_0_3210.jpeg,Mouth Ulcer,Training
E:\Dr. Atef Ismail\Khaled Dental\Paper2\archive (10)\Calculus\(598).jpg,(598).jpg,Calculus,Training
E:\Dr. Atef Ismail\Khaled Dental\Paper2\archive (10)\Tooth Discoloration\Tooth_Discoloration_0_4397.jpeg,Tooth_Discoloration_0_4397.jpeg,Tooth Discoloration,Training
E:\Dr. Atef Ismail\Khaled Dental\Paper2\archive (10)\Calculus\(112).jpg,(112).jpg,Calculus,Training
E:\Dr. Atef Ismail\Khaled Dental\Paper2\archive (10)\Caries_Gingivitus\(4).jpg,(4).jpg,Caries-Gingivitis,Training
E:\Dr. Atef Ismail\Khaled Dental\Paper2\archive (10)\Gingivitis\(246).jpg,(246).jpg,Gingivitis,Training
E:\Dr. Atef Ismail\Khaled Dental\Paper2\archive (10)\Caries_Gingivitus\caries_0_3741.jpeg,caries_0_3741.jpeg,Caries-Gingivitis,Training
E:\Dr. Atef Ismail\Khaled Dental\Paper2\archive (10)\Gingivitis\(520).jpg,(520).jpg,Gingivitis,Training
E:\Dr. Atef Ismail\Khaled Dental\Paper2\archive (10)\Calculus\(740).jpg,(740).jpg,Calculus,Training
E:\Dr. Atef Ismail\Khaled Dental\Paper2\archive (10)\Caries_Gingivitus\226.jpg,226.jpg,Caries-Gingivitis,Training
E:\Dr. Atef Ismail\Khaled Dental\Paper2\archive (10)\Gingivitis\(2048).jpg,(2048).jpg,Gingivitis,Training
E:\Dr. Atef Ismail\Khaled Dental\Paper2\archive (10)\Tooth Discoloration\Tooth_Discoloration_0_6580.jpeg,Tooth_Discoloration_0_6580.jpeg,Tooth Discoloration,Training
E:\Dr. Atef Ismail\Khaled Dental\Paper2\archive (10)\Mouth Ulcer\Mouth_Ulcer_0_9437.jpeg,Mouth_Ulcer_0_9437.jpeg,Mouth Ulcer,Training
E:\Dr. Atef Ismail\Khaled Dental\Paper2\archive (10)\Calculus\(513).jpg,(513).jpg,Calculus,Training
E:\Dr. Atef Ismail\Khaled Dental\Paper2\archive (10)\Gingivitis\(382).jpg,(382).jpg,Gingivitis,Training
E:\Dr. Atef Ismail\Khaled Dental\Paper2\archive (10)\Mouth Ulcer\Mouth_Ulcer_0_5726.jpeg,Mouth_Ulcer_0_5726.jpeg,Mouth Ulcer,Training
E:\Dr. Atef Ismail\Khaled Dental\Paper2\archive (10)\Caries_Gingivitus\(121).jpg,(121).jpg,Caries-Gingivitis,Training
E:\Dr. Atef Ismail\Khaled Dental\Paper2\archive (10)\hypodontia\(140).JPG,(140).JPG,Hypodontia,Training
E:\Dr. Atef Ismail\Khaled Dental\Paper2\archive (10)\Gingivitis\(1172).jpg,(1172).jpg,Gingivitis,Training
E:\Dr. Atef Ismail\Khaled Dental\Paper2\archive (10)\Tooth Discoloration\Tooth_Discoloration_0_4343.jpeg,Tooth_Discoloration_0_4343.jpeg,Tooth Discoloration,Training
E:\Dr. Atef Ismail\Khaled Dental\Paper2\archive (10)\Mouth Ulcer\Mouth_Ulcer_0_5901.jpeg,Mouth_Ulcer_0_5901.jpeg,Mouth Ulcer,Training
E:\Dr. Atef Ismail\Khaled Dental\Paper2\archive (10)\Tooth Discoloration\Tooth_Discoloration_0_4677.jpeg,Tooth_Discoloration_0_4677.jpeg,Tooth Discoloration,Training
E:\Dr. Atef Ismail\Khaled Dental\Paper2\archive (10)\Calculus\(59).jpg,(59).jpg,Calculus,Training
E:\Dr. Atef Ismail\Khaled Dental\Paper2\archive (10)\Caries_Gingivitus\369.jpg,369.jpg,Caries-Gingivitis,Training
E:\Dr. Atef Ismail\Khaled Dental\Paper2\archive (10)\Mouth Ulcer\Mouth_Ulcer_0_6078.jpeg,Mouth_Ulcer_0_6078.jpeg,Mouth Ulcer,Training
E:\Dr. Atef Ismail\Khaled Dental\Paper2\archive (10)\Caries_Gingivitus\319.jpg,319.jpg,Caries-Gingivitis,Training
E:\Dr. Atef Ismail\Khaled Dental\Paper2\archive (10)\Mouth Ulcer\Mouth_Ulcer_0_9840.jpeg,Mouth_Ulcer_0_9840.jpeg,Mouth Ulcer,Training
E:\Dr. Atef Ismail\Khaled Dental\Paper2\archive (10)\Tooth Discoloration\Tooth_Discoloration_0_8735.jpeg,Tooth_Discoloration_0_8735.jpeg,Tooth Discoloration,Training
E:\Dr. Atef Ismail\Khaled Dental\Paper2\archive (10)\Tooth Discoloration\Tooth_Discoloration_0_2675.jpeg,Tooth_Discoloration_0_2675.jpeg,Tooth Discoloration,Training
E:\Dr. Atef Ismail\Khaled Dental\Paper2\archive (10)\Gingivitis\(1061).jpg,(1061).jpg,Gingivitis,Training
E:\Dr. Atef Ismail\Khaled Dental\Paper2\archive (10)\Gingivitis\(2208).jpg,(2208).jpg,Gingivitis,Training
E:\Dr. Atef Ismail\Khaled Dental\Paper2\archive (10)\Calculus\(825).jpg,(825).jpg,Calculus,Training
E:\Dr. Atef Ismail\Khaled Dental\Paper2\archive (10)\Mouth Ulcer\Mouth_Ulcer_0_9326.jpeg,Mouth_Ulcer_0_9326.jpeg,Mouth Ulcer,Training
E:\Dr. Atef Ismail\Khaled Dental\Paper2\archive (10)\Calculus\(283).jpg,(283).jpg,Calculus,Training
E:\Dr. Atef Ismail\Khaled Dental\Paper2\archive (10)\Caries_Gingivitus\caries_0_4360.jpeg,caries_0_4360.jpeg,Caries-Gingivitis,Training
E:\Dr. Atef Ismail\Khaled Dental\Paper2\archive (10)\Calculus\(974).jpg,(974).jpg,Calculus,Training
E:\Dr. Atef Ismail\Khaled Dental\Paper2\archive (10)\Calculus\(33).jpg,(33).jpg,Calculus,Training
E:\Dr. Atef Ismail\Khaled Dental\Paper2\archive (10)\Caries_Gingivitus\466.jpg,466.jpg,Caries-Gingivitis,Training
E:\Dr. Atef Ismail\Khaled Dental\Paper2\archive (10)\hypodontia\(261).jpg,(261).jpg,Hypodontia,Training
E:\Dr. Atef Ismail\Khaled Dental\Paper2\archive (10)\hypodontia\(952).jpg,(952).jpg,Hypodontia,Training
E:\Dr. Atef Ismail\Khaled Dental\Paper2\archive (10)\Caries_Gingivitus\caries_0_3975.jpeg,caries_0_3975.jpeg,Caries-Gingivitis,Training
E:\Dr. Atef Ismail\Khaled Dental\Paper2\archive (10)\Gingivitis\(1333).jpg,(1333).jpg,Gingivitis,Training
E:\Dr. Atef Ismail\Khaled Dental\Paper2\archive (10)\Mouth Ulcer\Mouth_Ulcer_0_2724.jpeg,Mouth_Ulcer_0_2724.jpeg,Mouth Ulcer,Training
E:\Dr. Atef Ismail\Khaled Dental\Paper2\archive (10)\Gingivitis\(471).jpg,(471).jpg,Gingivitis,Training
E:\Dr. Atef Ismail\Khaled Dental\Paper2\archive (10)\Mouth Ulcer\Mouth_Ulcer_0_3355.jpeg,Mouth_Ulcer_0_3355.jpeg,Mouth Ulcer,Training
E:\Dr. Atef Ismail\Khaled Dental\Paper2\archive (10)\Mouth Ulcer\Mouth_Ulcer_0_6954.jpeg,Mouth_Ulcer_0_6954.jpeg,Mouth Ulcer,Training
E:\Dr. Atef Ismail\Khaled Dental\Paper2\archive (10)\Gingivitis\(1901).jpg,(1901).jpg,Gingivitis,Training
E:\Dr. Atef Ismail\Khaled Dental\Paper2\archive (10)\Mouth Ulcer\Mouth_Ulcer_0_1300.jpeg,Mouth_Ulcer_0_1300.jpeg,Mouth Ulcer,Training
E:\Dr. Atef Ismail\Khaled Dental\Paper2\archive (10)\Gingivitis\(568).jpg,(568).jpg,Gingivitis,Training
E:\Dr. Atef Ismail\Khaled Dental\Paper2\archive (10)\hypodontia\(344).JPG,(344).JPG,Hypodontia,Training
E:\Dr. Atef Ismail\Khaled Dental\Paper2\archive (10)\Mouth Ulcer\Mouth_Ulcer_0_711.jpeg,Mouth_Ulcer_0_711.jpeg,Mouth Ulcer,Training
E:\Dr. Atef Ismail\Khaled Dental\Paper2\archive (10)\Caries_Gingivitus\104.jpg,104.jpg,Caries-Gingivitis,Training
E:\Dr. Atef Ismail\Khaled Dental\Paper2\archive (10)\Mouth Ulcer\Mouth_Ulcer_0_9094.jpeg,Mouth_Ulcer_0_9094.jpeg,Mouth Ulcer,Training
E:\Dr. Atef Ismail\Khaled Dental\Paper2\archive (10)\Calculus\(1271).jpg,(1271).jpg,Calculus,Training
E:\Dr. Atef Ismail\Khaled Dental\Paper2\archive (10)\hypodontia\(51).JPG,(51).JPG,Hypodontia,Training
E:\Dr. Atef Ismail\Khaled Dental\Paper2\archive (10)\Gingivitis\(1198).jpg,(1198).jpg,Gingivitis,Training
E:\Dr. Atef Ismail\Khaled Dental\Paper2\archive (10)\Mouth Ulcer\Mouth_Ulcer_0_6970.jpeg,Mouth_Ulcer_0_6970.jpeg,Mouth Ulcer,Training
E:\Dr. Atef Ismail\Khaled Dental\Paper2\archive (10)\Mouth Ulcer\Mouth_Ulcer_0_3208.jpeg,Mouth_Ulcer_0_3208.jpeg,Mouth Ulcer,Training
E:\Dr. Atef Ismail\Khaled Dental\Paper2\archive (10)\Mouth Ulcer\Mouth_Ulcer_0_6209.jpeg,Mouth_Ulcer_0_6209.jpeg,Mouth Ulcer,Training
E:\Dr. Atef Ismail\Khaled Dental\Paper2\archive (10)\Caries_Gingivitus\577.jpg,577.jpg,Caries-Gingivitis,Training
E:\Dr. Atef Ismail\Khaled Dental\Paper2\archive (10)\hypodontia\(38).JPG,(38).JPG,Hypodontia,Training
E:\Dr. Atef Ismail\Khaled Dental\Paper2\archive (10)\Gingivitis\(1908).jpg,(1908).jpg,Gingivitis,Training
E:\Dr. Atef Ismail\Khaled Dental\Paper2\archive (10)\Gingivitis\(1957).jpg,(1957).jpg,Gingivitis,Training
E:\Dr. Atef Ismail\Khaled Dental\Paper2\archive (10)\Gingivitis\(1880).jpg,(1880).jpg,Gingivitis,Training
E:\Dr. Atef Ismail\Khaled Dental\Paper2\archive (10)\Gingivitis\(1238).jpg,(1238).jpg,Gingivitis,Training
E:\Dr. Atef Ismail\Khaled Dental\Paper2\archive (10)\Calculus\(558).jpg,(558).jpg,Calculus,Training
E:\Dr. Atef Ismail\Khaled Dental\Paper2\archive (10)\Calculus\(319).jpg,(319).jpg,Calculus,Training
E:\Dr. Atef Ismail\Khaled Dental\Paper2\archive (10)\Calculus\(325).jpg,(325).jpg,Calculus,Training
E:\Dr. Atef Ismail\Khaled Dental\Paper2\archive (10)\Tooth Discoloration\Tooth_Discoloration_0_8088.jpeg,Tooth_Discoloration_0_8088.jpeg,Tooth Discoloration,Training
E:\Dr. Atef Ismail\Khaled Dental\Paper2\archive (10)\Tooth Discoloration\Tooth_Discoloration_0_3115.jpeg,Tooth_Discoloration_0_3115.jpeg,Tooth Discoloration,Training
E:\Dr. Atef Ismail\Khaled Dental\Paper2\archive (10)\Tooth Discoloration\Tooth_Discoloration_0_2286.jpeg,Tooth_Discoloration_0_2286.jpeg,Tooth Discoloration,Training
E:\Dr. Atef Ismail\Khaled Dental\Paper2\archive (10)\Tooth Discoloration\Tooth_Discoloration_0_8457.jpeg,Tooth_Discoloration_0_8457.jpeg,Tooth Discoloration,Training
E:\Dr. Atef Ismail\Khaled Dental\Paper2\archive (10)\Gingivitis\(957).jpg,(957).jpg,Gingivitis,Training
E:\Dr. Atef Ismail\Khaled Dental\Paper2\archive (10)\hypodontia\(843).JPG,(843).JPG,Hypodontia,Training
E:\Dr. Atef Ismail\Khaled Dental\Paper2\archive (10)\hypodontia\(459).JPG,(459).JPG,Hypodontia,Training
E:\Dr. Atef Ismail\Khaled Dental\Paper2\archive (10)\Calculus\(28).jpg,(28).jpg,Calculus,Training
E:\Dr. Atef Ismail\Khaled Dental\Paper2\archive (10)\Tooth Discoloration\Tooth_Discoloration_0_9989.jpeg,Tooth_Discoloration_0_9989.jpeg,Tooth Discoloration,Training
E:\Dr. Atef Ismail\Khaled Dental\Paper2\archive (10)\Calculus\(1256).jpg,(1256).jpg,Calculus,Training
E:\Dr. Atef Ismail\Khaled Dental\Paper2\archive (10)\Tooth Discoloration\Tooth_Discoloration_0_4719.jpeg,Tooth_Discoloration_0_4719.jpeg,Tooth Discoloration,Training
E:\Dr. Atef Ismail\Khaled Dental\Paper2\archive (10)\Tooth Discoloration\Tooth_Discoloration_0_8613.jpeg,Tooth_Discoloration_0_8613.jpeg,Tooth Discoloration,Training
E:\Dr. Atef Ismail\Khaled Dental\Paper2\archive (10)\Gingivitis\(120).jpg,(120).jpg,Gingivitis,Training
E:\Dr. Atef Ismail\Khaled Dental\Paper2\archive (10)\Tooth Discoloration\Tooth_Discoloration_0_2615.jpeg,Tooth_Discoloration_0_2615.jpeg,Tooth Discoloration,Training
E:\Dr. Atef Ismail\Khaled Dental\Paper2\archive (10)\Calculus\(532).jpg,(532).jpg,Calculus,Training
E:\Dr. Atef Ismail\Khaled Dental\Paper2\archive (10)\Calculus\(1157).jpg,(1157).jpg,Calculus,Training
E:\Dr. Atef Ismail\Khaled Dental\Paper2\archive (10)\Caries_Gingivitus\462.jpg,462.jpg,Caries-Gingivitis,Training
E:\Dr. Atef Ismail\Khaled Dental\Paper2\archive (10)\Mouth Ulcer\Mouth_Ulcer_0_8601.jpeg,Mouth_Ulcer_0_8601.jpeg,Mouth Ulcer,Training
E:\Dr. Atef Ismail\Khaled Dental\Paper2\archive (10)\Calculus\(370).jpg,(370).jpg,Calculus,Training
E:\Dr. Atef Ismail\Khaled Dental\Paper2\archive (10)\Gingivitis\(110).jpg,(110).jpg,Gingivitis,Training
E:\Dr. Atef Ismail\Khaled Dental\Paper2\archive (10)\Mouth Ulcer\Mouth_Ulcer_0_4395.jpeg,Mouth_Ulcer_0_4395.jpeg,Mouth Ulcer,Training
E:\Dr. Atef Ismail\Khaled Dental\Paper2\archive (10)\Gingivitis\(748).jpg,(748).jpg,Gingivitis,Training
E:\Dr. Atef Ismail\Khaled Dental\Paper2\archive (10)\Tooth Discoloration\Tooth_Discoloration_0_9749.jpeg,Tooth_Discoloration_0_9749.jpeg,Tooth Discoloration,Training
E:\Dr. Atef Ismail\Khaled Dental\Paper2\archive (10)\Gingivitis\(2058).jpg,(2058).jpg,Gingivitis,Training
E:\Dr. Atef Ismail\Khaled Dental\Paper2\archive (10)\Mouth Ulcer\Mouth_Ulcer_0_4881.jpeg,Mouth_Ulcer_0_4881.jpeg,Mouth Ulcer,Training
E:\Dr. Atef Ismail\Khaled Dental\Paper2\archive (10)\Mouth Ulcer\Mouth_Ulcer_0_1919.jpeg,Mouth_Ulcer_0_1919.jpeg,Mouth Ulcer,Training
E:\Dr. Atef Ismail\Khaled Dental\Paper2\archive (10)\Mouth Ulcer\Mouth_Ulcer_0_7261.jpeg,Mouth_Ulcer_0_7261.jpeg,Mouth Ulcer,Training
E:\Dr. Atef Ismail\Khaled Dental\Paper2\archive (10)\Tooth Discoloration\Tooth_Discoloration_0_8245.jpeg,Tooth_Discoloration_0_8245.jpeg,Tooth Discoloration,Training
E:\Dr. Atef Ismail\Khaled Dental\Paper2\archive (10)\Mouth Ulcer\Mouth_Ulcer_0_8359.jpeg,Mouth_Ulcer_0_8359.jpeg,Mouth Ulcer,Training
E:\Dr. Atef Ismail\Khaled Dental\Paper2\archive (10)\Gingivitis\(1644).jpg,(1644).jpg,Gingivitis,Training
E:\Dr. Atef Ismail\Khaled Dental\Paper2\archive (10)\hypodontia\(1018).JPG,(1018).JPG,Hypodontia,Training
E:\Dr. Atef Ismail\Khaled Dental\Paper2\archive (10)\Mouth Ulcer\Mouth_Ulcer_0_7229.jpeg,Mouth_Ulcer_0_7229.jpeg,Mouth Ulcer,Training
E:\Dr. Atef Ismail\Khaled Dental\Paper2\archive (10)\Gingivitis\(324).jpg,(324).jpg,Gingivitis,Training
E:\Dr. Atef Ismail\Khaled Dental\Paper2\archive (10)\Tooth Discoloration\Tooth_Discoloration_0_3375.jpeg,Tooth_Discoloration_0_3375.jpeg,Tooth Discoloration,Training
E:\Dr. Atef Ismail\Khaled Dental\Paper2\archive (10)\Caries_Gingivitus\401.jpg,401.jpg,Caries-Gingivitis,Training
E:\Dr. Atef Ismail\Khaled Dental\Paper2\archive (10)\Mouth Ulcer\Mouth_Ulcer_0_9430.jpeg,Mouth_Ulcer_0_9430.jpeg,Mouth Ulcer,Training
E:\Dr. Atef Ismail\Khaled Dental\Paper2\archive (10)\Mouth Ulcer\Mouth_Ulcer_0_5077.jpeg,Mouth_Ulcer_0_5077.jpeg,Mouth Ulcer,Training
E:\Dr. Atef Ismail\Khaled Dental\Paper2\archive (10)\Mouth Ulcer\Mouth_Ulcer_0_6015.jpeg,Mouth_Ulcer_0_6015.jpeg,Mouth Ulcer,Training
E:\Dr. Atef Ismail\Khaled Dental\Paper2\archive (10)\Caries_Gingivitus\caries_0_191.jpeg,caries_0_191.jpeg,Caries-Gingivitis,Training
E:\Dr. Atef Ismail\Khaled Dental\Paper2\archive (10)\Mouth Ulcer\Mouth_Ulcer_0_2886.jpeg,Mouth_Ulcer_0_2886.jpeg,Mouth Ulcer,Training
E:\Dr. Atef Ismail\Khaled Dental\Paper2\archive (10)\Mouth Ulcer\Mouth_Ulcer_0_9007.jpeg,Mouth_Ulcer_0_9007.jpeg,Mouth Ulcer,Training
E:\Dr. Atef Ismail\Khaled Dental\Paper2\archive (10)\Gingivitis\(1494).jpg,(1494).jpg,Gingivitis,Training
E:\Dr. Atef Ismail\Khaled Dental\Paper2\archive (10)\Tooth Discoloration\Tooth_Discoloration_0_6363.jpeg,Tooth_Discoloration_0_6363.jpeg,Tooth Discoloration,Training
E:\Dr. Atef Ismail\Khaled Dental\Paper2\archive (10)\Mouth Ulcer\Mouth_Ulcer_0_2254.jpeg,Mouth_Ulcer_0_2254.jpeg,Mouth Ulcer,Training
E:\Dr. Atef Ismail\Khaled Dental\Paper2\archive (10)\Caries_Gingivitus\(178).jpg,(178).jpg,Caries-Gingivitis,Training
E:\Dr. Atef Ismail\Khaled Dental\Paper2\archive (10)\Gingivitis\(885).jpg,(885).jpg,Gingivitis,Training
E:\Dr. Atef Ismail\Khaled Dental\Paper2\archive (10)\Caries_Gingivitus\49.jpg,49.jpg,Caries-Gingivitis,Training
E:\Dr. Atef Ismail\Khaled Dental\Paper2\archive (10)\Gingivitis\(1891).jpg,(1891).jpg,Gingivitis,Training
E:\Dr. Atef Ismail\Khaled Dental\Paper2\archive (10)\Mouth Ulcer\Mouth_Ulcer_0_2948.jpeg,Mouth_Ulcer_0_2948.jpeg,Mouth Ulcer,Training
E:\Dr. Atef Ismail\Khaled Dental\Paper2\archive (10)\Tooth Discoloration\Tooth_Discoloration_0_1937.jpeg,Tooth_Discoloration_0_1937.jpeg,Tooth Discoloration,Training
E:\Dr. Atef Ismail\Khaled Dental\Paper2\archive (10)\hypodontia\(621).JPG,(621).JPG,Hypodontia,Training
E:\Dr. Atef Ismail\Khaled Dental\Paper2\archive (10)\Caries_Gingivitus\94.jpg,94.jpg,Caries-Gingivitis,Training
E:\Dr. Atef Ismail\Khaled Dental\Paper2\archive (10)\Tooth Discoloration\Tooth_Discoloration_0_8121.jpeg,Tooth_Discoloration_0_8121.jpeg,Tooth Discoloration,Training
E:\Dr. Atef Ismail\Khaled Dental\Paper2\archive (10)\Gingivitis\(956).jpg,(956).jpg,Gingivitis,Training
E:\Dr. Atef Ismail\Khaled Dental\Paper2\archive (10)\Mouth Ulcer\Mouth_Ulcer_0_3081.jpeg,Mouth_Ulcer_0_3081.jpeg,Mouth Ulcer,Training
E:\Dr. Atef Ismail\Khaled Dental\Paper2\archive (10)\Caries_Gingivitus\209.jpg,209.jpg,Caries-Gingivitis,Training
E:\Dr. Atef Ismail\Khaled Dental\Paper2\archive (10)\Gingivitis\(1262).jpg,(1262).jpg,Gingivitis,Training
E:\Dr. Atef Ismail\Khaled Dental\Paper2\archive (10)\Mouth Ulcer\Mouth_Ulcer_0_879.jpeg,Mouth_Ulcer_0_879.jpeg,Mouth Ulcer,Training
E:\Dr. Atef Ismail\Khaled Dental\Paper2\archive (10)\Tooth Discoloration\Tooth_Discoloration_0_8691.jpeg,Tooth_Discoloration_0_8691.jpeg,Tooth Discoloration,Training
E:\Dr. Atef Ismail\Khaled Dental\Paper2\archive (10)\Mouth Ulcer\Mouth_Ulcer_0_4577.jpeg,Mouth_Ulcer_0_4577.jpeg,Mouth Ulcer,Training
E:\Dr. Atef Ismail\Khaled Dental\Paper2\archive (10)\Gingivitis\(133).jpg,(133).jpg,Gingivitis,Training
E:\Dr. Atef Ismail\Khaled Dental\Paper2\archive (10)\Mouth Ulcer\Mouth_Ulcer_0_6715.jpeg,Mouth_Ulcer_0_6715.jpeg,Mouth Ulcer,Training
E:\Dr. Atef Ismail\Khaled Dental\Paper2\archive (10)\Tooth Discoloration\Tooth_Discoloration_0_5082.jpeg,Tooth_Discoloration_0_5082.jpeg,Tooth Discoloration,Training
E:\Dr. Atef Ismail\Khaled Dental\Paper2\archive (10)\Gingivitis\(1274).jpg,(1274).jpg,Gingivitis,Training
E:\Dr. Atef Ismail\Khaled Dental\Paper2\archive (10)\Tooth Discoloration\Tooth_Discoloration_0_5843.jpeg,Tooth_Discoloration_0_5843.jpeg,Tooth Discoloration,Training
E:\Dr. Atef Ismail\Khaled Dental\Paper2\archive (10)\Gingivitis\(85).jpg,(85).jpg,Gingivitis,Training
E:\Dr. Atef Ismail\Khaled Dental\Paper2\archive (10)\hypodontia\(904).jpg,(904).jpg,Hypodontia,Training
E:\Dr. Atef Ismail\Khaled Dental\Paper2\archive (10)\Mouth Ulcer\Mouth_Ulcer_0_9278.jpeg,Mouth_Ulcer_0_9278.jpeg,Mouth Ulcer,Training
E:\Dr. Atef Ismail\Khaled Dental\Paper2\archive (10)\Mouth Ulcer\Mouth_Ulcer_0_7572.jpeg,Mouth_Ulcer_0_7572.jpeg,Mouth Ulcer,Training
E:\Dr. Atef Ismail\Khaled Dental\Paper2\archive (10)\Gingivitis\(788).jpg,(788).jpg,Gingivitis,Training
E:\Dr. Atef Ismail\Khaled Dental\Paper2\archive (10)\Gingivitis\(388).jpg,(388).jpg,Gingivitis,Training
E:\Dr. Atef Ismail\Khaled Dental\Paper2\archive (10)\Mouth Ulcer\Mouth_Ulcer_0_959.jpeg,Mouth_Ulcer_0_959.jpeg,Mouth Ulcer,Training
E:\Dr. Atef Ismail\Khaled Dental\Paper2\archive (10)\Calculus\(537).jpg,(537).jpg,Calculus,Training
E:\Dr. Atef Ismail\Khaled Dental\Paper2\archive (10)\Mouth Ulcer\Mouth_Ulcer_0_483.jpeg,Mouth_Ulcer_0_483.jpeg,Mouth Ulcer,Training
E:\Dr. Atef Ismail\Khaled Dental\Paper2\archive (10)\Gingivitis\(662).jpg,(662).jpg,Gingivitis,Training
E:\Dr. Atef Ismail\Khaled Dental\Paper2\archive (10)\Gingivitis\(1696).jpg,(1696).jpg,Gingivitis,Training
E:\Dr. Atef Ismail\Khaled Dental\Paper2\archive (10)\Tooth Discoloration\Tooth_Discoloration_0_5976.jpeg,Tooth_Discoloration_0_5976.jpeg,Tooth Discoloration,Training
E:\Dr. Atef Ismail\Khaled Dental\Paper2\archive (10)\Tooth Discoloration\Tooth_Discoloration_0_196.jpeg,Tooth_Discoloration_0_196.jpeg,Tooth Discoloration,Training
E:\Dr. Atef Ismail\Khaled Dental\Paper2\archive (10)\Gingivitis\(1150).jpg,(1150).jpg,Gingivitis,Training
E:\Dr. Atef Ismail\Khaled Dental\Paper2\archive (10)\Calculus\(457).jpg,(457).jpg,Calculus,Training
E:\Dr. Atef Ismail\Khaled Dental\Paper2\archive (10)\Tooth Discoloration\Tooth_Discoloration_0_5508.jpeg,Tooth_Discoloration_0_5508.jpeg,Tooth Discoloration,Training
E:\Dr. Atef Ismail\Khaled Dental\Paper2\archive (10)\Gingivitis\(292).jpg,(292).jpg,Gingivitis,Training
E:\Dr. Atef Ismail\Khaled Dental\Paper2\archive (10)\Calculus\(490).jpg,(490).jpg,Calculus,Training
E:\Dr. Atef Ismail\Khaled Dental\Paper2\archive (10)\Gingivitis\(240).jpg,(240).jpg,Gingivitis,Training
E:\Dr. Atef Ismail\Khaled Dental\Paper2\archive (10)\hypodontia\(44).JPG,(44).JPG,Hypodontia,Training
E:\Dr. Atef Ismail\Khaled Dental\Paper2\archive (10)\hypodontia\(86).JPG,(86).JPG,Hypodontia,Training
E:\Dr. Atef Ismail\Khaled Dental\Paper2\archive (10)\Mouth Ulcer\Mouth_Ulcer_0_5553.jpeg,Mouth_Ulcer_0_5553.jpeg,Mouth Ulcer,Training
E:\Dr. Atef Ismail\Khaled Dental\Paper2\archive (10)\Caries_Gingivitus\197.jpg,197.jpg,Caries-Gingivitis,Training
E:\Dr. Atef Ismail\Khaled Dental\Paper2\archive (10)\Calculus\(960).jpg,(960).jpg,Calculus,Training
E:\Dr. Atef Ismail\Khaled Dental\Paper2\archive (10)\Mouth Ulcer\Mouth_Ulcer_0_7587.jpeg,Mouth_Ulcer_0_7587.jpeg,Mouth Ulcer,Training
E:\Dr. Atef Ismail\Khaled Dental\Paper2\archive (10)\Gingivitis\(2074).jpg,(2074).jpg,Gingivitis,Training
E:\Dr. Atef Ismail\Khaled Dental\Paper2\archive (10)\hypodontia\(939).jpg,(939).jpg,Hypodontia,Training
E:\Dr. Atef Ismail\Khaled Dental\Paper2\archive (10)\hypodontia\(278).JPG,(278).JPG,Hypodontia,Training
E:\Dr. Atef Ismail\Khaled Dental\Paper2\archive (10)\Tooth Discoloration\Tooth_Discoloration_0_1443.jpeg,Tooth_Discoloration_0_1443.jpeg,Tooth Discoloration,Training
E:\Dr. Atef Ismail\Khaled Dental\Paper2\archive (10)\Tooth Discoloration\Tooth_Discoloration_0_1878.jpeg,Tooth_Discoloration_0_1878.jpeg,Tooth Discoloration,Training
E:\Dr. Atef Ismail\Khaled Dental\Paper2\archive (10)\Tooth Discoloration\Tooth_Discoloration_0_815.jpeg,Tooth_Discoloration_0_815.jpeg,Tooth Discoloration,Training
E:\Dr. Atef Ismail\Khaled Dental\Paper2\archive (10)\Mouth Ulcer\Mouth_Ulcer_0_9400.jpeg,Mouth_Ulcer_0_9400.jpeg,Mouth Ulcer,Training
E:\Dr. Atef Ismail\Khaled Dental\Paper2\archive (10)\Calculus\(174).jpg,(174).jpg,Calculus,Training
E:\Dr. Atef Ismail\Khaled Dental\Paper2\archive (10)\Mouth Ulcer\Mouth_Ulcer_0_2992.jpeg,Mouth_Ulcer_0_2992.jpeg,Mouth Ulcer,Training
E:\Dr. Atef Ismail\Khaled Dental\Paper2\archive (10)\Mouth Ulcer\Mouth_Ulcer_0_7332.jpeg,Mouth_Ulcer_0_7332.jpeg,Mouth Ulcer,Training
E:\Dr. Atef Ismail\Khaled Dental\Paper2\archive (10)\Gingivitis\(237).jpg,(237).jpg,Gingivitis,Training
E:\Dr. Atef Ismail\Khaled Dental\Paper2\archive (10)\Gingivitis\(1429).jpg,(1429).jpg,Gingivitis,Training
E:\Dr. Atef Ismail\Khaled Dental\Paper2\archive (10)\Tooth Discoloration\Tooth_Discoloration_0_7047.jpeg,Tooth_Discoloration_0_7047.jpeg,Tooth Discoloration,Training
E:\Dr. Atef Ismail\Khaled Dental\Paper2\archive (10)\Mouth Ulcer\Mouth_Ulcer_0_5041.jpeg,Mouth_Ulcer_0_5041.jpeg,Mouth Ulcer,Training
E:\Dr. Atef Ismail\Khaled Dental\Paper2\archive (10)\Caries_Gingivitus\76.jpg,76.jpg,Caries-Gingivitis,Training
E:\Dr. Atef Ismail\Khaled Dental\Paper2\archive (10)\Mouth Ulcer\Mouth_Ulcer_0_207.jpeg,Mouth_Ulcer_0_207.jpeg,Mouth Ulcer,Training
E:\Dr. Atef Ismail\Khaled Dental\Paper2\archive (10)\Mouth Ulcer\Mouth_Ulcer_0_5807.jpeg,Mouth_Ulcer_0_5807.jpeg,Mouth Ulcer,Training
E:\Dr. Atef Ismail\Khaled Dental\Paper2\archive (10)\Tooth Discoloration\Tooth_Discoloration_0_9816.jpeg,Tooth_Discoloration_0_9816.jpeg,Tooth Discoloration,Training
E:\Dr. Atef Ismail\Khaled Dental\Paper2\archive (10)\hypodontia\(829).jpg,(829).jpg,Hypodontia,Training
E:\Dr. Atef Ismail\Khaled Dental\Paper2\archive (10)\Mouth Ulcer\Mouth_Ulcer_0_4820.jpeg,Mouth_Ulcer_0_4820.jpeg,Mouth Ulcer,Training
E:\Dr. Atef Ismail\Khaled Dental\Paper2\archive (10)\Gingivitis\(259).jpg,(259).jpg,Gingivitis,Training
E:\Dr. Atef Ismail\Khaled Dental\Paper2\archive (10)\Mouth Ulcer\Mouth_Ulcer_0_95.jpeg,Mouth_Ulcer_0_95.jpeg,Mouth Ulcer,Training
E:\Dr. Atef Ismail\Khaled Dental\Paper2\archive (10)\hypodontia\(802).jpg,(802).jpg,Hypodontia,Training
E:\Dr. Atef Ismail\Khaled Dental\Paper2\archive (10)\Calculus\(607).jpg,(607).jpg,Calculus,Training
E:\Dr. Atef Ismail\Khaled Dental\Paper2\archive (10)\Gingivitis\(1026).jpg,(1026).jpg,Gingivitis,Training
E:\Dr. Atef Ismail\Khaled Dental\Paper2\archive (10)\Caries_Gingivitus\(207).jpg,(207).jpg,Caries-Gingivitis,Training
E:\Dr. Atef Ismail\Khaled Dental\Paper2\archive (10)\Mouth Ulcer\Mouth_Ulcer_0_6225.jpeg,Mouth_Ulcer_0_6225.jpeg,Mouth Ulcer,Training
E:\Dr. Atef Ismail\Khaled Dental\Paper2\archive (10)\Gingivitis\(1604).jpg,(1604).jpg,Gingivitis,Training
E:\Dr. Atef Ismail\Khaled Dental\Paper2\archive (10)\Tooth Discoloration\Tooth_Discoloration_0_6114.jpeg,Tooth_Discoloration_0_6114.jpeg,Tooth Discoloration,Training
E:\Dr. Atef Ismail\Khaled Dental\Paper2\archive (10)\Mouth Ulcer\Mouth_Ulcer_0_8490.jpeg,Mouth_Ulcer_0_8490.jpeg,Mouth Ulcer,Training
E:\Dr. Atef Ismail\Khaled Dental\Paper2\archive (10)\Mouth Ulcer\Mouth_Ulcer_0_2292.jpeg,Mouth_Ulcer_0_2292.jpeg,Mouth Ulcer,Training
E:\Dr. Atef Ismail\Khaled Dental\Paper2\archive (10)\Gingivitis\(2159).jpg,(2159).jpg,Gingivitis,Training
E:\Dr. Atef Ismail\Khaled Dental\Paper2\archive (10)\Mouth Ulcer\Mouth_Ulcer_0_695.jpeg,Mouth_Ulcer_0_695.jpeg,Mouth Ulcer,Training
E:\Dr. Atef Ismail\Khaled Dental\Paper2\archive (10)\Gingivitis\(482).jpg,(482).jpg,Gingivitis,Training
E:\Dr. Atef Ismail\Khaled Dental\Paper2\archive (10)\Caries_Gingivitus\(47).jpg,(47).jpg,Caries-Gingivitis,Training
E:\Dr. Atef Ismail\Khaled Dental\Paper2\archive (10)\Gingivitis\(874).jpg,(874).jpg,Gingivitis,Training
E:\Dr. Atef Ismail\Khaled Dental\Paper2\archive (10)\Mouth Ulcer\Mouth_Ulcer_0_3565.jpeg,Mouth_Ulcer_0_3565.jpeg,Mouth Ulcer,Training
E:\Dr. Atef Ismail\Khaled Dental\Paper2\archive (10)\Gingivitis\(118).jpg,(118).jpg,Gingivitis,Training
E:\Dr. Atef Ismail\Khaled Dental\Paper2\archive (10)\Gingivitis\(1052).jpg,(1052).jpg,Gingivitis,Training
E:\Dr. Atef Ismail\Khaled Dental\Paper2\archive (10)\Caries_Gingivitus\187.jpg,187.jpg,Caries-Gingivitis,Training
E:\Dr. Atef Ismail\Khaled Dental\Paper2\archive (10)\hypodontia\(1058).jpg,(1058).jpg,Hypodontia,Training
E:\Dr. Atef Ismail\Khaled Dental\Paper2\archive (10)\Calculus\(651).jpg,(651).jpg,Calculus,Training
E:\Dr. Atef Ismail\Khaled Dental\Paper2\archive (10)\hypodontia\(562).JPG,(562).JPG,Hypodontia,Training
E:\Dr. Atef Ismail\Khaled Dental\Paper2\archive (10)\Tooth Discoloration\Tooth_Discoloration_0_4852.jpeg,Tooth_Discoloration_0_4852.jpeg,Tooth Discoloration,Training
E:\Dr. Atef Ismail\Khaled Dental\Paper2\archive (10)\Mouth Ulcer\Mouth_Ulcer_0_9201.jpeg,Mouth_Ulcer_0_9201.jpeg,Mouth Ulcer,Training
E:\Dr. Atef Ismail\Khaled Dental\Paper2\archive (10)\Mouth Ulcer\Mouth_Ulcer_0_6629.jpeg,Mouth_Ulcer_0_6629.jpeg,Mouth Ulcer,Training
E:\Dr. Atef Ismail\Khaled Dental\Paper2\archive (10)\Tooth Discoloration\Tooth_Discoloration_0_3684.jpeg,Tooth_Discoloration_0_3684.jpeg,Tooth Discoloration,Training
E:\Dr. Atef Ismail\Khaled Dental\Paper2\archive (10)\Mouth Ulcer\Mouth_Ulcer_0_7214.jpeg,Mouth_Ulcer_0_7214.jpeg,Mouth Ulcer,Training
E:\Dr. Atef Ismail\Khaled Dental\Paper2\archive (10)\Caries_Gingivitus\(89).jpg,(89).jpg,Caries-Gingivitis,Training
E:\Dr. Atef Ismail\Khaled Dental\Paper2\archive (10)\Mouth Ulcer\Mouth_Ulcer_0_1679.jpeg,Mouth_Ulcer_0_1679.jpeg,Mouth Ulcer,Training
E:\Dr. Atef Ismail\Khaled Dental\Paper2\archive (10)\Mouth Ulcer\Mouth_Ulcer_0_7858.jpeg,Mouth_Ulcer_0_7858.jpeg,Mouth Ulcer,Training
E:\Dr. Atef Ismail\Khaled Dental\Paper2\archive (10)\Tooth Discoloration\Tooth_Discoloration_0_4754.jpeg,Tooth_Discoloration_0_4754.jpeg,Tooth Discoloration,Training
E:\Dr. Atef Ismail\Khaled Dental\Paper2\archive (10)\Tooth Discoloration\Tooth_Discoloration_0_858.jpeg,Tooth_Discoloration_0_858.jpeg,Tooth Discoloration,Training
E:\Dr. Atef Ismail\Khaled Dental\Paper2\archive (10)\hypodontia\(1222).jpg,(1222).jpg,Hypodontia,Training
E:\Dr. Atef Ismail\Khaled Dental\Paper2\archive (10)\Calculus\(655).jpg,(655).jpg,Calculus,Training
E:\Dr. Atef Ismail\Khaled Dental\Paper2\archive (10)\Gingivitis\(278).jpg,(278).jpg,Gingivitis,Training
E:\Dr. Atef Ismail\Khaled Dental\Paper2\archive (10)\hypodontia\(226).jpg,(226).jpg,Hypodontia,Training
E:\Dr. Atef Ismail\Khaled Dental\Paper2\archive (10)\Gingivitis\(288).jpg,(288).jpg,Gingivitis,Training
E:\Dr. Atef Ismail\Khaled Dental\Paper2\archive (10)\Mouth Ulcer\Mouth_Ulcer_0_56.jpeg,Mouth_Ulcer_0_56.jpeg,Mouth Ulcer,Training
E:\Dr. Atef Ismail\Khaled Dental\Paper2\archive (10)\hypodontia\(1112).JPG,(1112).JPG,Hypodontia,Training
E:\Dr. Atef Ismail\Khaled Dental\Paper2\archive (10)\Calculus\(529).jpg,(529).jpg,Calculus,Training
E:\Dr. Atef Ismail\Khaled Dental\Paper2\archive (10)\hypodontia\(75).JPG,(75).JPG,Hypodontia,Training
E:\Dr. Atef Ismail\Khaled Dental\Paper2\archive (10)\Gingivitis\(390).jpg,(390).jpg,Gingivitis,Training
E:\Dr. Atef Ismail\Khaled Dental\Paper2\archive (10)\Gingivitis\(986).jpg,(986).jpg,Gingivitis,Training
E:\Dr. Atef Ismail\Khaled Dental\Paper2\archive (10)\Mouth Ulcer\Mouth_Ulcer_0_5496.jpeg,Mouth_Ulcer_0_5496.jpeg,Mouth Ulcer,Training
E:\Dr. Atef Ismail\Khaled Dental\Paper2\archive (10)\Gingivitis\(69).jpg,(69).jpg,Gingivitis,Training
E:\Dr. Atef Ismail\Khaled Dental\Paper2\archive (10)\Calculus\(1049).jpg,(1049).jpg,Calculus,Training
E:\Dr. Atef Ismail\Khaled Dental\Paper2\archive (10)\Caries_Gingivitus\caries_0_3714.jpeg,caries_0_3714.jpeg,Caries-Gingivitis,Training
E:\Dr. Atef Ismail\Khaled Dental\Paper2\archive (10)\Tooth Discoloration\Tooth_Discoloration_0_4183.jpeg,Tooth_Discoloration_0_4183.jpeg,Tooth Discoloration,Training
E:\Dr. Atef Ismail\Khaled Dental\Paper2\archive (10)\Calculus\(828).jpg,(828).jpg,Calculus,Training
E:\Dr. Atef Ismail\Khaled Dental\Paper2\archive (10)\Tooth Discoloration\Tooth_Discoloration_0_179.jpeg,Tooth_Discoloration_0_179.jpeg,Tooth Discoloration,Training
E:\Dr. Atef Ismail\Khaled Dental\Paper2\archive (10)\hypodontia\(358).JPG,(358).JPG,Hypodontia,Training
E:\Dr. Atef Ismail\Khaled Dental\Paper2\archive (10)\hypodontia\(1175).JPG,(1175).JPG,Hypodontia,Training
E:\Dr. Atef Ismail\Khaled Dental\Paper2\archive (10)\Tooth Discoloration\Tooth_Discoloration_0_5570.jpeg,Tooth_Discoloration_0_5570.jpeg,Tooth Discoloration,Training
E:\Dr. Atef Ismail\Khaled Dental\Paper2\archive (10)\Mouth Ulcer\Mouth_Ulcer_0_2069.jpeg,Mouth_Ulcer_0_2069.jpeg,Mouth Ulcer,Training
E:\Dr. Atef Ismail\Khaled Dental\Paper2\archive (10)\Tooth Discoloration\Tooth_Discoloration_0_5733.jpeg,Tooth_Discoloration_0_5733.jpeg,Tooth Discoloration,Training
E:\Dr. Atef Ismail\Khaled Dental\Paper2\archive (10)\Mouth Ulcer\Mouth_Ulcer_0_745.jpeg,Mouth_Ulcer_0_745.jpeg,Mouth Ulcer,Training
E:\Dr. Atef Ismail\Khaled Dental\Paper2\archive (10)\Calculus\(234).jpg,(234).jpg,Calculus,Training
E:\Dr. Atef Ismail\Khaled Dental\Paper2\archive (10)\Caries_Gingivitus\47.jpg,47.jpg,Caries-Gingivitis,Training
E:\Dr. Atef Ismail\Khaled Dental\Paper2\archive (10)\hypodontia\(980).JPG,(980).JPG,Hypodontia,Training
E:\Dr. Atef Ismail\Khaled Dental\Paper2\archive (10)\Tooth Discoloration\Tooth_Discoloration_0_7712.jpeg,Tooth_Discoloration_0_7712.jpeg,Tooth Discoloration,Training
E:\Dr. Atef Ismail\Khaled Dental\Paper2\archive (10)\Mouth Ulcer\Mouth_Ulcer_0_9538.jpeg,Mouth_Ulcer_0_9538.jpeg,Mouth Ulcer,Training
E:\Dr. Atef Ismail\Khaled Dental\Paper2\archive (10)\Caries_Gingivitus\371.jpg,371.jpg,Caries-Gingivitis,Training
E:\Dr. Atef Ismail\Khaled Dental\Paper2\archive (10)\Calculus\(1239).jpg,(1239).jpg,Calculus,Training
E:\Dr. Atef Ismail\Khaled Dental\Paper2\archive (10)\Tooth Discoloration\Tooth_Discoloration_0_5887.jpeg,Tooth_Discoloration_0_5887.jpeg,Tooth Discoloration,Training
E:\Dr. Atef Ismail\Khaled Dental\Paper2\archive (10)\Calculus\(595).jpg,(595).jpg,Calculus,Training
E:\Dr. Atef Ismail\Khaled Dental\Paper2\archive (10)\hypodontia\(779).JPG,(779).JPG,Hypodontia,Training
E:\Dr. Atef Ismail\Khaled Dental\Paper2\archive (10)\hypodontia\(1030).JPG,(1030).JPG,Hypodontia,Training
E:\Dr. Atef Ismail\Khaled Dental\Paper2\archive (10)\Caries_Gingivitus\caries_0_520.jpeg,caries_0_520.jpeg,Caries-Gingivitis,Training
E:\Dr. Atef Ismail\Khaled Dental\Paper2\archive (10)\Mouth Ulcer\Mouth_Ulcer_0_5052.jpeg,Mouth_Ulcer_0_5052.jpeg,Mouth Ulcer,Training
E:\Dr. Atef Ismail\Khaled Dental\Paper2\archive (10)\Tooth Discoloration\Tooth_Discoloration_0_5175.jpeg,Tooth_Discoloration_0_5175.jpeg,Tooth Discoloration,Training
E:\Dr. Atef Ismail\Khaled Dental\Paper2\archive (10)\Mouth Ulcer\Mouth_Ulcer_0_9612.jpeg,Mouth_Ulcer_0_9612.jpeg,Mouth Ulcer,Training
E:\Dr. Atef Ismail\Khaled Dental\Paper2\archive (10)\Mouth Ulcer\Mouth_Ulcer_0_1862.jpeg,Mouth_Ulcer_0_1862.jpeg,Mouth Ulcer,Training
E:\Dr. Atef Ismail\Khaled Dental\Paper2\archive (10)\Mouth Ulcer\Mouth_Ulcer_0_8552.jpeg,Mouth_Ulcer_0_8552.jpeg,Mouth Ulcer,Training
E:\Dr. Atef Ismail\Khaled Dental\Paper2\archive (10)\Mouth Ulcer\Mouth_Ulcer_0_3543.jpeg,Mouth_Ulcer_0_3543.jpeg,Mouth Ulcer,Training
E:\Dr. Atef Ismail\Khaled Dental\Paper2\archive (10)\Mouth Ulcer\Mouth_Ulcer_0_7.jpeg,Mouth_Ulcer_0_7.jpeg,Mouth Ulcer,Training
E:\Dr. Atef Ismail\Khaled Dental\Paper2\archive (10)\Gingivitis\(1996).jpg,(1996).jpg,Gingivitis,Training
E:\Dr. Atef Ismail\Khaled Dental\Paper2\archive (10)\Mouth Ulcer\Mouth_Ulcer_0_736.jpeg,Mouth_Ulcer_0_736.jpeg,Mouth Ulcer,Training
E:\Dr. Atef Ismail\Khaled Dental\Paper2\archive (10)\Gingivitis\(2296).jpg,(2296).jpg,Gingivitis,Training
E:\Dr. Atef Ismail\Khaled Dental\Paper2\archive (10)\Calculus\(690).jpg,(690).jpg,Calculus,Training
E:\Dr. Atef Ismail\Khaled Dental\Paper2\archive (10)\Tooth Discoloration\Tooth_Discoloration_0_5468.jpeg,Tooth_Discoloration_0_5468.jpeg,Tooth Discoloration,Training
E:\Dr. Atef Ismail\Khaled Dental\Paper2\archive (10)\Gingivitis\(1111)(1).jpg,(1111)(1).jpg,Gingivitis,Training
E:\Dr. Atef Ismail\Khaled Dental\Paper2\archive (10)\Mouth Ulcer\Mouth_Ulcer_0_7342.jpeg,Mouth_Ulcer_0_7342.jpeg,Mouth Ulcer,Training
E:\Dr. Atef Ismail\Khaled Dental\Paper2\archive (10)\Gingivitis\(2163).jpg,(2163).jpg,Gingivitis,Training
E:\Dr. Atef Ismail\Khaled Dental\Paper2\archive (10)\Gingivitis\(1268).jpg,(1268).jpg,Gingivitis,Training
E:\Dr. Atef Ismail\Khaled Dental\Paper2\archive (10)\Mouth Ulcer\Mouth_Ulcer_0_1078.jpeg,Mouth_Ulcer_0_1078.jpeg,Mouth Ulcer,Training
E:\Dr. Atef Ismail\Khaled Dental\Paper2\archive (10)\Calculus\(511).jpg,(511).jpg,Calculus,Training
E:\Dr. Atef Ismail\Khaled Dental\Paper2\archive (10)\Mouth Ulcer\Mouth_Ulcer_0_2554.jpeg,Mouth_Ulcer_0_2554.jpeg,Mouth Ulcer,Training
E:\Dr. Atef Ismail\Khaled Dental\Paper2\archive (10)\Mouth Ulcer\Mouth_Ulcer_0_8292.jpeg,Mouth_Ulcer_0_8292.jpeg,Mouth Ulcer,Training
E:\Dr. Atef Ismail\Khaled Dental\Paper2\archive (10)\Mouth Ulcer\Mouth_Ulcer_0_9652.jpeg,Mouth_Ulcer_0_9652.jpeg,Mouth Ulcer,Training
E:\Dr. Atef Ismail\Khaled Dental\Paper2\archive (10)\Calculus\(1190).jpg,(1190).jpg,Calculus,Training
E:\Dr. Atef Ismail\Khaled Dental\Paper2\archive (10)\Mouth Ulcer\Mouth_Ulcer_0_974.jpeg,Mouth_Ulcer_0_974.jpeg,Mouth Ulcer,Training
E:\Dr. Atef Ismail\Khaled Dental\Paper2\archive (10)\Mouth Ulcer\Mouth_Ulcer_0_5397.jpeg,Mouth_Ulcer_0_5397.jpeg,Mouth Ulcer,Training
E:\Dr. Atef Ismail\Khaled Dental\Paper2\archive (10)\Mouth Ulcer\Mouth_Ulcer_0_6709.jpeg,Mouth_Ulcer_0_6709.jpeg,Mouth Ulcer,Training
E:\Dr. Atef Ismail\Khaled Dental\Paper2\archive (10)\Mouth Ulcer\Mouth_Ulcer_0_4383.jpeg,Mouth_Ulcer_0_4383.jpeg,Mouth Ulcer,Training
E:\Dr. Atef Ismail\Khaled Dental\Paper2\archive (10)\Mouth Ulcer\Mouth_Ulcer_0_5377.jpeg,Mouth_Ulcer_0_5377.jpeg,Mouth Ulcer,Training
E:\Dr. Atef Ismail\Khaled Dental\Paper2\archive (10)\hypodontia\(210).JPG,(210).JPG,Hypodontia,Training
E:\Dr. Atef Ismail\Khaled Dental\Paper2\archive (10)\Calculus\(388).jpg,(388).jpg,Calculus,Training
E:\Dr. Atef Ismail\Khaled Dental\Paper2\archive (10)\Mouth Ulcer\Mouth_Ulcer_0_1860.jpeg,Mouth_Ulcer_0_1860.jpeg,Mouth Ulcer,Training
E:\Dr. Atef Ismail\Khaled Dental\Paper2\archive (10)\Gingivitis\(429).jpg,(429).jpg,Gingivitis,Training
E:\Dr. Atef Ismail\Khaled Dental\Paper2\archive (10)\Mouth Ulcer\Mouth_Ulcer_0_416.jpeg,Mouth_Ulcer_0_416.jpeg,Mouth Ulcer,Training
E:\Dr. Atef Ismail\Khaled Dental\Paper2\archive (10)\Mouth Ulcer\Mouth_Ulcer_0_8505.jpeg,Mouth_Ulcer_0_8505.jpeg,Mouth Ulcer,Training
E:\Dr. Atef Ismail\Khaled Dental\Paper2\archive (10)\Tooth Discoloration\Tooth_Discoloration_0_5126.jpeg,Tooth_Discoloration_0_5126.jpeg,Tooth Discoloration,Training
E:\Dr. Atef Ismail\Khaled Dental\Paper2\archive (10)\Tooth Discoloration\Tooth_Discoloration_0_6428.jpeg,Tooth_Discoloration_0_6428.jpeg,Tooth Discoloration,Training
E:\Dr. Atef Ismail\Khaled Dental\Paper2\archive (10)\Calculus\(837).jpg,(837).jpg,Calculus,Training
E:\Dr. Atef Ismail\Khaled Dental\Paper2\archive (10)\Gingivitis\(145).jpg,(145).jpg,Gingivitis,Training
E:\Dr. Atef Ismail\Khaled Dental\Paper2\archive (10)\Tooth Discoloration\Tooth_Discoloration_0_2313.jpeg,Tooth_Discoloration_0_2313.jpeg,Tooth Discoloration,Training
E:\Dr. Atef Ismail\Khaled Dental\Paper2\archive (10)\Gingivitis\(1090).jpg,(1090).jpg,Gingivitis,Training
E:\Dr. Atef Ismail\Khaled Dental\Paper2\archive (10)\Mouth Ulcer\Mouth_Ulcer_0_4379.jpeg,Mouth_Ulcer_0_4379.jpeg,Mouth Ulcer,Training
E:\Dr. Atef Ismail\Khaled Dental\Paper2\archive (10)\Tooth Discoloration\Tooth_Discoloration_0_1036.jpeg,Tooth_Discoloration_0_1036.jpeg,Tooth Discoloration,Training
E:\Dr. Atef Ismail\Khaled Dental\Paper2\archive (10)\Mouth Ulcer\Mouth_Ulcer_0_2683.jpeg,Mouth_Ulcer_0_2683.jpeg,Mouth Ulcer,Training
E:\Dr. Atef Ismail\Khaled Dental\Paper2\archive (10)\Tooth Discoloration\Tooth_Discoloration_0_13.jpeg,Tooth_Discoloration_0_13.jpeg,Tooth Discoloration,Training
E:\Dr. Atef Ismail\Khaled Dental\Paper2\archive (10)\Mouth Ulcer\Mouth_Ulcer_0_1204.jpeg,Mouth_Ulcer_0_1204.jpeg,Mouth Ulcer,Training
E:\Dr. Atef Ismail\Khaled Dental\Paper2\archive (10)\Calculus\(1146).jpg,(1146).jpg,Calculus,Training
E:\Dr. Atef Ismail\Khaled Dental\Paper2\archive (10)\hypodontia\(994).JPG,(994).JPG,Hypodontia,Training
E:\Dr. Atef Ismail\Khaled Dental\Paper2\archive (10)\Mouth Ulcer\Mouth_Ulcer_0_2749.jpeg,Mouth_Ulcer_0_2749.jpeg,Mouth Ulcer,Training
E:\Dr. Atef Ismail\Khaled Dental\Paper2\archive (10)\Calculus\(997).jpg,(997).jpg,Calculus,Training
E:\Dr. Atef Ismail\Khaled Dental\Paper2\archive (10)\Gingivitis\(2089).jpg,(2089).jpg,Gingivitis,Training
E:\Dr. Atef Ismail\Khaled Dental\Paper2\archive (10)\Calculus\(1159).jpg,(1159).jpg,Calculus,Training
E:\Dr. Atef Ismail\Khaled Dental\Paper2\archive (10)\hypodontia\(1052).JPG,(1052).JPG,Hypodontia,Training
E:\Dr. Atef Ismail\Khaled Dental\Paper2\archive (10)\Mouth Ulcer\Mouth_Ulcer_0_1365.jpeg,Mouth_Ulcer_0_1365.jpeg,Mouth Ulcer,Training
E:\Dr. Atef Ismail\Khaled Dental\Paper2\archive (10)\Calculus\(588).jpg,(588).jpg,Calculus,Training
E:\Dr. Atef Ismail\Khaled Dental\Paper2\archive (10)\Caries_Gingivitus\caries_0_3274.jpeg,caries_0_3274.jpeg,Caries-Gingivitis,Training
E:\Dr. Atef Ismail\Khaled Dental\Paper2\archive (10)\Tooth Discoloration\Tooth_Discoloration_0_5383.jpeg,Tooth_Discoloration_0_5383.jpeg,Tooth Discoloration,Training
E:\Dr. Atef Ismail\Khaled Dental\Paper2\archive (10)\Gingivitis\(512).jpg,(512).jpg,Gingivitis,Training
E:\Dr. Atef Ismail\Khaled Dental\Paper2\archive (10)\Mouth Ulcer\Mouth_Ulcer_0_8149.jpeg,Mouth_Ulcer_0_8149.jpeg,Mouth Ulcer,Training
E:\Dr. Atef Ismail\Khaled Dental\Paper2\archive (10)\hypodontia\(424).JPG,(424).JPG,Hypodontia,Training
E:\Dr. Atef Ismail\Khaled Dental\Paper2\archive (10)\Gingivitis\(27).jpg,(27).jpg,Gingivitis,Training
E:\Dr. Atef Ismail\Khaled Dental\Paper2\archive (10)\Mouth Ulcer\Mouth_Ulcer_0_8195.jpeg,Mouth_Ulcer_0_8195.jpeg,Mouth Ulcer,Training
E:\Dr. Atef Ismail\Khaled Dental\Paper2\archive (10)\Calculus\(107).jpg,(107).jpg,Calculus,Training
E:\Dr. Atef Ismail\Khaled Dental\Paper2\archive (10)\Mouth Ulcer\Mouth_Ulcer_0_2271.jpeg,Mouth_Ulcer_0_2271.jpeg,Mouth Ulcer,Training
E:\Dr. Atef Ismail\Khaled Dental\Paper2\archive (10)\Gingivitis\(108).jpg,(108).jpg,Gingivitis,Training
E:\Dr. Atef Ismail\Khaled Dental\Paper2\archive (10)\hypodontia\(704).JPG,(704).JPG,Hypodontia,Training
E:\Dr. Atef Ismail\Khaled Dental\Paper2\archive (10)\Gingivitis\(658).jpg,(658).jpg,Gingivitis,Training
E:\Dr. Atef Ismail\Khaled Dental\Paper2\archive (10)\hypodontia\(429).JPG,(429).JPG,Hypodontia,Training
E:\Dr. Atef Ismail\Khaled Dental\Paper2\archive (10)\Tooth Discoloration\Tooth_Discoloration_0_8361.jpeg,Tooth_Discoloration_0_8361.jpeg,Tooth Discoloration,Training
E:\Dr. Atef Ismail\Khaled Dental\Paper2\archive (10)\Gingivitis\(2030).jpg,(2030).jpg,Gingivitis,Training
E:\Dr. Atef Ismail\Khaled Dental\Paper2\archive (10)\Gingivitis\(2204).jpg,(2204).jpg,Gingivitis,Training
E:\Dr. Atef Ismail\Khaled Dental\Paper2\archive (10)\hypodontia\(1236).jpg,(1236).jpg,Hypodontia,Training
E:\Dr. Atef Ismail\Khaled Dental\Paper2\archive (10)\Caries_Gingivitus\(155).jpg,(155).jpg,Caries-Gingivitis,Training
E:\Dr. Atef Ismail\Khaled Dental\Paper2\archive (10)\Gingivitis\(1629).jpg,(1629).jpg,Gingivitis,Training
E:\Dr. Atef Ismail\Khaled Dental\Paper2\archive (10)\Calculus\(357).jpg,(357).jpg,Calculus,Training
E:\Dr. Atef Ismail\Khaled Dental\Paper2\archive (10)\Mouth Ulcer\Mouth_Ulcer_0_488.jpeg,Mouth_Ulcer_0_488.jpeg,Mouth Ulcer,Training
E:\Dr. Atef Ismail\Khaled Dental\Paper2\archive (10)\Gingivitis\(1436).jpg,(1436).jpg,Gingivitis,Training
E:\Dr. Atef Ismail\Khaled Dental\Paper2\archive (10)\Tooth Discoloration\Tooth_Discoloration_0_4027.jpeg,Tooth_Discoloration_0_4027.jpeg,Tooth Discoloration,Training
E:\Dr. Atef Ismail\Khaled Dental\Paper2\archive (10)\Mouth Ulcer\Mouth_Ulcer_0_3283.jpeg,Mouth_Ulcer_0_3283.jpeg,Mouth Ulcer,Training
E:\Dr. Atef Ismail\Khaled Dental\Paper2\archive (10)\hypodontia\(1086).jpg,(1086).jpg,Hypodontia,Training
E:\Dr. Atef Ismail\Khaled Dental\Paper2\archive (10)\Mouth Ulcer\Mouth_Ulcer_0_8426.jpeg,Mouth_Ulcer_0_8426.jpeg,Mouth Ulcer,Training
E:\Dr. Atef Ismail\Khaled Dental\Paper2\archive (10)\Mouth Ulcer\Mouth_Ulcer_0_4647.jpeg,Mouth_Ulcer_0_4647.jpeg,Mouth Ulcer,Training
E:\Dr. Atef Ismail\Khaled Dental\Paper2\archive (10)\hypodontia\(107).jpg,(107).jpg,Hypodontia,Training
E:\Dr. Atef Ismail\Khaled Dental\Paper2\archive (10)\hypodontia\(102).jpg,(102).jpg,Hypodontia,Training
E:\Dr. Atef Ismail\Khaled Dental\Paper2\archive (10)\Calculus\(32).jpg,(32).jpg,Calculus,Training
E:\Dr. Atef Ismail\Khaled Dental\Paper2\archive (10)\Calculus\(324).jpg,(324).jpg,Calculus,Training
E:\Dr. Atef Ismail\Khaled Dental\Paper2\archive (10)\Calculus\(1153).jpg,(1153).jpg,Calculus,Training
E:\Dr. Atef Ismail\Khaled Dental\Paper2\archive (10)\Tooth Discoloration\Tooth_Discoloration_0_4488.jpeg,Tooth_Discoloration_0_4488.jpeg,Tooth Discoloration,Training
E:\Dr. Atef Ismail\Khaled Dental\Paper2\archive (10)\Calculus\(652).jpg,(652).jpg,Calculus,Training
E:\Dr. Atef Ismail\Khaled Dental\Paper2\archive (10)\Mouth Ulcer\Mouth_Ulcer_0_4290.jpeg,Mouth_Ulcer_0_4290.jpeg,Mouth Ulcer,Training
E:\Dr. Atef Ismail\Khaled Dental\Paper2\archive (10)\Tooth Discoloration\Tooth_Discoloration_0_8309.jpeg,Tooth_Discoloration_0_8309.jpeg,Tooth Discoloration,Training
E:\Dr. Atef Ismail\Khaled Dental\Paper2\archive (10)\Tooth Discoloration\Tooth_Discoloration_0_9775.jpeg,Tooth_Discoloration_0_9775.jpeg,Tooth Discoloration,Training
E:\Dr. Atef Ismail\Khaled Dental\Paper2\archive (10)\hypodontia\(1181).jpg,(1181).jpg,Hypodontia,Training
E:\Dr. Atef Ismail\Khaled Dental\Paper2\archive (10)\Caries_Gingivitus\18.jpg,18.jpg,Caries-Gingivitis,Training
E:\Dr. Atef Ismail\Khaled Dental\Paper2\archive (10)\Gingivitis\(519).jpg,(519).jpg,Gingivitis,Training
E:\Dr. Atef Ismail\Khaled Dental\Paper2\archive (10)\Calculus\(798).jpg,(798).jpg,Calculus,Training
E:\Dr. Atef Ismail\Khaled Dental\Paper2\archive (10)\Tooth Discoloration\Tooth_Discoloration_0_2552.jpeg,Tooth_Discoloration_0_2552.jpeg,Tooth Discoloration,Training
E:\Dr. Atef Ismail\Khaled Dental\Paper2\archive (10)\Gingivitis\(1910).jpg,(1910).jpg,Gingivitis,Training
E:\Dr. Atef Ismail\Khaled Dental\Paper2\archive (10)\hypodontia\(16).JPG,(16).JPG,Hypodontia,Training
E:\Dr. Atef Ismail\Khaled Dental\Paper2\archive (10)\Mouth Ulcer\Mouth_Ulcer_0_8960.jpeg,Mouth_Ulcer_0_8960.jpeg,Mouth Ulcer,Training
E:\Dr. Atef Ismail\Khaled Dental\Paper2\archive (10)\Gingivitis\(507).jpg,(507).jpg,Gingivitis,Training
E:\Dr. Atef Ismail\Khaled Dental\Paper2\archive (10)\Caries_Gingivitus\454.jpg,454.jpg,Caries-Gingivitis,Training
E:\Dr. Atef Ismail\Khaled Dental\Paper2\archive (10)\Caries_Gingivitus\caries_0_356.jpeg,caries_0_356.jpeg,Caries-Gingivitis,Training
E:\Dr. Atef Ismail\Khaled Dental\Paper2\archive (10)\hypodontia\(322).JPG,(322).JPG,Hypodontia,Training
E:\Dr. Atef Ismail\Khaled Dental\Paper2\archive (10)\Caries_Gingivitus\(142).jpg,(142).jpg,Caries-Gingivitis,Training
E:\Dr. Atef Ismail\Khaled Dental\Paper2\archive (10)\Calculus\(578).jpg,(578).jpg,Calculus,Training
E:\Dr. Atef Ismail\Khaled Dental\Paper2\archive (10)\Gingivitis\(2146).jpg,(2146).jpg,Gingivitis,Training
E:\Dr. Atef Ismail\Khaled Dental\Paper2\archive (10)\Mouth Ulcer\Mouth_Ulcer_0_8356.jpeg,Mouth_Ulcer_0_8356.jpeg,Mouth Ulcer,Training
E:\Dr. Atef Ismail\Khaled Dental\Paper2\archive (10)\Gingivitis\(1556).jpg,(1556).jpg,Gingivitis,Training
E:\Dr. Atef Ismail\Khaled Dental\Paper2\archive (10)\Caries_Gingivitus\caries_0_4499.jpeg,caries_0_4499.jpeg,Caries-Gingivitis,Training
E:\Dr. Atef Ismail\Khaled Dental\Paper2\archive (10)\Mouth Ulcer\Mouth_Ulcer_0_9590.jpeg,Mouth_Ulcer_0_9590.jpeg,Mouth Ulcer,Training
E:\Dr. Atef Ismail\Khaled Dental\Paper2\archive (10)\Caries_Gingivitus\282.jpg,282.jpg,Caries-Gingivitis,Training
E:\Dr. Atef Ismail\Khaled Dental\Paper2\archive (10)\Tooth Discoloration\Tooth_Discoloration_0_7244.jpeg,Tooth_Discoloration_0_7244.jpeg,Tooth Discoloration,Training
E:\Dr. Atef Ismail\Khaled Dental\Paper2\archive (10)\Mouth Ulcer\Mouth_Ulcer_0_7783.jpeg,Mouth_Ulcer_0_7783.jpeg,Mouth Ulcer,Training
E:\Dr. Atef Ismail\Khaled Dental\Paper2\archive (10)\hypodontia\(684).jpg,(684).jpg,Hypodontia,Training
E:\Dr. Atef Ismail\Khaled Dental\Paper2\archive (10)\Calculus\(657).jpg,(657).jpg,Calculus,Training
E:\Dr. Atef Ismail\Khaled Dental\Paper2\archive (10)\hypodontia\(826).JPG,(826).JPG,Hypodontia,Training
E:\Dr. Atef Ismail\Khaled Dental\Paper2\archive (10)\Calculus\(1210).jpg,(1210).jpg,Calculus,Training
E:\Dr. Atef Ismail\Khaled Dental\Paper2\archive (10)\Caries_Gingivitus\caries_0_481.jpeg,caries_0_481.jpeg,Caries-Gingivitis,Training
E:\Dr. Atef Ismail\Khaled Dental\Paper2\archive (10)\hypodontia\(115).JPG,(115).JPG,Hypodontia,Training
E:\Dr. Atef Ismail\Khaled Dental\Paper2\archive (10)\Caries_Gingivitus\caries_0_3464.jpeg,caries_0_3464.jpeg,Caries-Gingivitis,Training
E:\Dr. Atef Ismail\Khaled Dental\Paper2\archive (10)\Mouth Ulcer\Mouth_Ulcer_0_4374.jpeg,Mouth_Ulcer_0_4374.jpeg,Mouth Ulcer,Training
E:\Dr. Atef Ismail\Khaled Dental\Paper2\archive (10)\Tooth Discoloration\Tooth_Discoloration_0_5526.jpeg,Tooth_Discoloration_0_5526.jpeg,Tooth Discoloration,Training
E:\Dr. Atef Ismail\Khaled Dental\Paper2\archive (10)\Gingivitis\(1853).jpg,(1853).jpg,Gingivitis,Training
E:\Dr. Atef Ismail\Khaled Dental\Paper2\archive (10)\Tooth Discoloration\Tooth_Discoloration_0_7912.jpeg,Tooth_Discoloration_0_7912.jpeg,Tooth Discoloration,Training
E:\Dr. Atef Ismail\Khaled Dental\Paper2\archive (10)\Caries_Gingivitus\267.jpg,267.jpg,Caries-Gingivitis,Training
E:\Dr. Atef Ismail\Khaled Dental\Paper2\archive (10)\Calculus\(160).jpg,(160).jpg,Calculus,Training
E:\Dr. Atef Ismail\Khaled Dental\Paper2\archive (10)\Gingivitis\(187).jpg,(187).jpg,Gingivitis,Training
E:\Dr. Atef Ismail\Khaled Dental\Paper2\archive (10)\Tooth Discoloration\Tooth_Discoloration_0_4725.jpeg,Tooth_Discoloration_0_4725.jpeg,Tooth Discoloration,Training
E:\Dr. Atef Ismail\Khaled Dental\Paper2\archive (10)\Calculus\(1202).jpg,(1202).jpg,Calculus,Training
E:\Dr. Atef Ismail\Khaled Dental\Paper2\archive (10)\Caries_Gingivitus\caries_0_3307.jpeg,caries_0_3307.jpeg,Caries-Gingivitis,Training
E:\Dr. Atef Ismail\Khaled Dental\Paper2\archive (10)\Calculus\(66).jpg,(66).jpg,Calculus,Training
E:\Dr. Atef Ismail\Khaled Dental\Paper2\archive (10)\Gingivitis\(1783).jpg,(1783).jpg,Gingivitis,Training
E:\Dr. Atef Ismail\Khaled Dental\Paper2\archive (10)\Gingivitis\(1205).jpg,(1205).jpg,Gingivitis,Training
E:\Dr. Atef Ismail\Khaled Dental\Paper2\archive (10)\Calculus\(481).jpg,(481).jpg,Calculus,Training
E:\Dr. Atef Ismail\Khaled Dental\Paper2\archive (10)\Calculus\(1138).jpg,(1138).jpg,Calculus,Training
E:\Dr. Atef Ismail\Khaled Dental\Paper2\archive (10)\Mouth Ulcer\Mouth_Ulcer_0_6195.jpeg,Mouth_Ulcer_0_6195.jpeg,Mouth Ulcer,Training
E:\Dr. Atef Ismail\Khaled Dental\Paper2\archive (10)\Gingivitis\(1239).jpg,(1239).jpg,Gingivitis,Training
E:\Dr. Atef Ismail\Khaled Dental\Paper2\archive (10)\Caries_Gingivitus\caries_0_295.jpeg,caries_0_295.jpeg,Caries-Gingivitis,Training
E:\Dr. Atef Ismail\Khaled Dental\Paper2\archive (10)\Mouth Ulcer\Mouth_Ulcer_0_2567.jpeg,Mouth_Ulcer_0_2567.jpeg,Mouth Ulcer,Training
E:\Dr. Atef Ismail\Khaled Dental\Paper2\archive (10)\Caries_Gingivitus\134.jpg,134.jpg,Caries-Gingivitis,Training
E:\Dr. Atef Ismail\Khaled Dental\Paper2\archive (10)\Mouth Ulcer\Mouth_Ulcer_0_9469.jpeg,Mouth_Ulcer_0_9469.jpeg,Mouth Ulcer,Training
E:\Dr. Atef Ismail\Khaled Dental\Paper2\archive (10)\Mouth Ulcer\Mouth_Ulcer_0_7114.jpeg,Mouth_Ulcer_0_7114.jpeg,Mouth Ulcer,Training
E:\Dr. Atef Ismail\Khaled Dental\Paper2\archive (10)\Caries_Gingivitus\440.jpg,440.jpg,Caries-Gingivitis,Training
E:\Dr. Atef Ismail\Khaled Dental\Paper2\archive (10)\Mouth Ulcer\Mouth_Ulcer_0_3534.jpeg,Mouth_Ulcer_0_3534.jpeg,Mouth Ulcer,Training
E:\Dr. Atef Ismail\Khaled Dental\Paper2\archive (10)\Gingivitis\(1478).jpg,(1478).jpg,Gingivitis,Training
E:\Dr. Atef Ismail\Khaled Dental\Paper2\archive (10)\Mouth Ulcer\Mouth_Ulcer_0_2047.jpeg,Mouth_Ulcer_0_2047.jpeg,Mouth Ulcer,Training
E:\Dr. Atef Ismail\Khaled Dental\Paper2\archive (10)\Tooth Discoloration\Tooth_Discoloration_0_4348.jpeg,Tooth_Discoloration_0_4348.jpeg,Tooth Discoloration,Training
E:\Dr. Atef Ismail\Khaled Dental\Paper2\archive (10)\Calculus\(78).jpg,(78).jpg,Calculus,Training
E:\Dr. Atef Ismail\Khaled Dental\Paper2\archive (10)\Mouth Ulcer\Mouth_Ulcer_0_8995.jpeg,Mouth_Ulcer_0_8995.jpeg,Mouth Ulcer,Training
E:\Dr. Atef Ismail\Khaled Dental\Paper2\archive (10)\Gingivitis\(2192).jpg,(2192).jpg,Gingivitis,Training
E:\Dr. Atef Ismail\Khaled Dental\Paper2\archive (10)\Mouth Ulcer\Mouth_Ulcer_0_7395.jpeg,Mouth_Ulcer_0_7395.jpeg,Mouth Ulcer,Training
E:\Dr. Atef Ismail\Khaled Dental\Paper2\archive (10)\Tooth Discoloration\Tooth_Discoloration_0_6823.jpeg,Tooth_Discoloration_0_6823.jpeg,Tooth Discoloration,Training
E:\Dr. Atef Ismail\Khaled Dental\Paper2\archive (10)\Calculus\(675).jpg,(675).jpg,Calculus,Training
E:\Dr. Atef Ismail\Khaled Dental\Paper2\archive (10)\Gingivitis\(321).jpg,(321).jpg,Gingivitis,Training
E:\Dr. Atef Ismail\Khaled Dental\Paper2\archive (10)\Gingivitis\(1434).jpg,(1434).jpg,Gingivitis,Training
E:\Dr. Atef Ismail\Khaled Dental\Paper2\archive (10)\Caries_Gingivitus\caries_0_3360.jpeg,caries_0_3360.jpeg,Caries-Gingivitis,Training
E:\Dr. Atef Ismail\Khaled Dental\Paper2\archive (10)\Mouth Ulcer\Mouth_Ulcer_0_4462.jpeg,Mouth_Ulcer_0_4462.jpeg,Mouth Ulcer,Training
E:\Dr. Atef Ismail\Khaled Dental\Paper2\archive (10)\Mouth Ulcer\Mouth_Ulcer_0_8059.jpeg,Mouth_Ulcer_0_8059.jpeg,Mouth Ulcer,Training
E:\Dr. Atef Ismail\Khaled Dental\Paper2\archive (10)\Tooth Discoloration\Tooth_Discoloration_0_6599.jpeg,Tooth_Discoloration_0_6599.jpeg,Tooth Discoloration,Training
E:\Dr. Atef Ismail\Khaled Dental\Paper2\archive (10)\Gingivitis\(1117).jpg,(1117).jpg,Gingivitis,Training
E:\Dr. Atef Ismail\Khaled Dental\Paper2\archive (10)\Caries_Gingivitus\228.jpg,228.jpg,Caries-Gingivitis,Training
E:\Dr. Atef Ismail\Khaled Dental\Paper2\archive (10)\Mouth Ulcer\Mouth_Ulcer_0_1137.jpeg,Mouth_Ulcer_0_1137.jpeg,Mouth Ulcer,Training
E:\Dr. Atef Ismail\Khaled Dental\Paper2\archive (10)\Gingivitis\(1211).jpg,(1211).jpg,Gingivitis,Training
E:\Dr. Atef Ismail\Khaled Dental\Paper2\archive (10)\Mouth Ulcer\Mouth_Ulcer_0_3747.jpeg,Mouth_Ulcer_0_3747.jpeg,Mouth Ulcer,Training
E:\Dr. Atef Ismail\Khaled Dental\Paper2\archive (10)\Calculus\(483).jpg,(483).jpg,Calculus,Training
E:\Dr. Atef Ismail\Khaled Dental\Paper2\archive (10)\Mouth Ulcer\Mouth_Ulcer_0_8523.jpeg,Mouth_Ulcer_0_8523.jpeg,Mouth Ulcer,Training
E:\Dr. Atef Ismail\Khaled Dental\Paper2\archive (10)\Tooth Discoloration\Tooth_Discoloration_0_5597.jpeg,Tooth_Discoloration_0_5597.jpeg,Tooth Discoloration,Training
E:\Dr. Atef Ismail\Khaled Dental\Paper2\archive (10)\Gingivitis\(1683).jpg,(1683).jpg,Gingivitis,Training
E:\Dr. Atef Ismail\Khaled Dental\Paper2\archive (10)\Calculus\(1067).jpg,(1067).jpg,Calculus,Training
E:\Dr. Atef Ismail\Khaled Dental\Paper2\archive (10)\Tooth Discoloration\Tooth_Discoloration_0_9794.jpeg,Tooth_Discoloration_0_9794.jpeg,Tooth Discoloration,Training
E:\Dr. Atef Ismail\Khaled Dental\Paper2\archive (10)\Gingivitis\(1842).jpg,(1842).jpg,Gingivitis,Training
E:\Dr. Atef Ismail\Khaled Dental\Paper2\archive (10)\Tooth Discoloration\Tooth_Discoloration_0_9102.jpeg,Tooth_Discoloration_0_9102.jpeg,Tooth Discoloration,Training
E:\Dr. Atef Ismail\Khaled Dental\Paper2\archive (10)\Calculus\(1252).jpg,(1252).jpg,Calculus,Training
E:\Dr. Atef Ismail\Khaled Dental\Paper2\archive (10)\Mouth Ulcer\Mouth_Ulcer_0_4664.jpeg,Mouth_Ulcer_0_4664.jpeg,Mouth Ulcer,Training
E:\Dr. Atef Ismail\Khaled Dental\Paper2\archive (10)\Calculus\(1024).jpg,(1024).jpg,Calculus,Training
E:\Dr. Atef Ismail\Khaled Dental\Paper2\archive (10)\Gingivitis\(1449).jpg,(1449).jpg,Gingivitis,Training
E:\Dr. Atef Ismail\Khaled Dental\Paper2\archive (10)\hypodontia\(577).JPG,(577).JPG,Hypodontia,Training
E:\Dr. Atef Ismail\Khaled Dental\Paper2\archive (10)\Caries_Gingivitus\caries_0_3588.jpeg,caries_0_3588.jpeg,Caries-Gingivitis,Training
E:\Dr. Atef Ismail\Khaled Dental\Paper2\archive (10)\Gingivitis\(2068).jpg,(2068).jpg,Gingivitis,Training
E:\Dr. Atef Ismail\Khaled Dental\Paper2\archive (10)\Calculus\(777).jpg,(777).jpg,Calculus,Training
E:\Dr. Atef Ismail\Khaled Dental\Paper2\archive (10)\Mouth Ulcer\Mouth_Ulcer_0_790.jpeg,Mouth_Ulcer_0_790.jpeg,Mouth Ulcer,Training
E:\Dr. Atef Ismail\Khaled Dental\Paper2\archive (10)\Gingivitis\(473).jpg,(473).jpg,Gingivitis,Training
E:\Dr. Atef Ismail\Khaled Dental\Paper2\archive (10)\Mouth Ulcer\Mouth_Ulcer_0_8830.jpeg,Mouth_Ulcer_0_8830.jpeg,Mouth Ulcer,Training
E:\Dr. Atef Ismail\Khaled Dental\Paper2\archive (10)\Tooth Discoloration\Tooth_Discoloration_0_3996.jpeg,Tooth_Discoloration_0_3996.jpeg,Tooth Discoloration,Training
E:\Dr. Atef Ismail\Khaled Dental\Paper2\archive (10)\Gingivitis\(1114).jpg,(1114).jpg,Gingivitis,Training
E:\Dr. Atef Ismail\Khaled Dental\Paper2\archive (10)\Gingivitis\(1585).jpg,(1585).jpg,Gingivitis,Training
E:\Dr. Atef Ismail\Khaled Dental\Paper2\archive (10)\Caries_Gingivitus\(162).jpg,(162).jpg,Caries-Gingivitis,Training
E:\Dr. Atef Ismail\Khaled Dental\Paper2\archive (10)\Tooth Discoloration\Tooth_Discoloration_0_495.jpeg,Tooth_Discoloration_0_495.jpeg,Tooth Discoloration,Training
E:\Dr. Atef Ismail\Khaled Dental\Paper2\archive (10)\Tooth Discoloration\Tooth_Discoloration_0_6400.jpeg,Tooth_Discoloration_0_6400.jpeg,Tooth Discoloration,Training
E:\Dr. Atef Ismail\Khaled Dental\Paper2\archive (10)\hypodontia\(183).JPG,(183).JPG,Hypodontia,Training
E:\Dr. Atef Ismail\Khaled Dental\Paper2\archive (10)\Mouth Ulcer\Mouth_Ulcer_0_5703.jpeg,Mouth_Ulcer_0_5703.jpeg,Mouth Ulcer,Training
E:\Dr. Atef Ismail\Khaled Dental\Paper2\archive (10)\Mouth Ulcer\Mouth_Ulcer_0_5369.jpeg,Mouth_Ulcer_0_5369.jpeg,Mouth Ulcer,Training
E:\Dr. Atef Ismail\Khaled Dental\Paper2\archive (10)\Mouth Ulcer\Mouth_Ulcer_0_2865.jpeg,Mouth_Ulcer_0_2865.jpeg,Mouth Ulcer,Training
E:\Dr. Atef Ismail\Khaled Dental\Paper2\archive (10)\hypodontia\(347).jpg,(347).jpg,Hypodontia,Training
E:\Dr. Atef Ismail\Khaled Dental\Paper2\archive (10)\hypodontia\(314).JPG,(314).JPG,Hypodontia,Training
E:\Dr. Atef Ismail\Khaled Dental\Paper2\archive (10)\Caries_Gingivitus\caries_0_3845.jpeg,caries_0_3845.jpeg,Caries-Gingivitis,Training
E:\Dr. Atef Ismail\Khaled Dental\Paper2\archive (10)\Mouth Ulcer\Mouth_Ulcer_0_8988.jpeg,Mouth_Ulcer_0_8988.jpeg,Mouth Ulcer,Training
E:\Dr. Atef Ismail\Khaled Dental\Paper2\archive (10)\Caries_Gingivitus\(42).jpg,(42).jpg,Caries-Gingivitis,Training
E:\Dr. Atef Ismail\Khaled Dental\Paper2\archive (10)\Caries_Gingivitus\caries_0_4798.jpeg,caries_0_4798.jpeg,Caries-Gingivitis,Training
E:\Dr. Atef Ismail\Khaled Dental\Paper2\archive (10)\Tooth Discoloration\Tooth_Discoloration_0_9140.jpeg,Tooth_Discoloration_0_9140.jpeg,Tooth Discoloration,Training
E:\Dr. Atef Ismail\Khaled Dental\Paper2\archive (10)\Caries_Gingivitus\caries_0_3853.jpeg,caries_0_3853.jpeg,Caries-Gingivitis,Training
E:\Dr. Atef Ismail\Khaled Dental\Paper2\archive (10)\Mouth Ulcer\Mouth_Ulcer_0_5402.jpeg,Mouth_Ulcer_0_5402.jpeg,Mouth Ulcer,Training
E:\Dr. Atef Ismail\Khaled Dental\Paper2\archive (10)\Mouth Ulcer\Mouth_Ulcer_0_9939.jpeg,Mouth_Ulcer_0_9939.jpeg,Mouth Ulcer,Training
E:\Dr. Atef Ismail\Khaled Dental\Paper2\archive (10)\Mouth Ulcer\Mouth_Ulcer_0_1102.jpeg,Mouth_Ulcer_0_1102.jpeg,Mouth Ulcer,Training
E:\Dr. Atef Ismail\Khaled Dental\Paper2\archive (10)\Mouth Ulcer\Mouth_Ulcer_0_9088.jpeg,Mouth_Ulcer_0_9088.jpeg,Mouth Ulcer,Training
E:\Dr. Atef Ismail\Khaled Dental\Paper2\archive (10)\hypodontia\(355).JPG,(355).JPG,Hypodontia,Training
E:\Dr. Atef Ismail\Khaled Dental\Paper2\archive (10)\Mouth Ulcer\Mouth_Ulcer_0_2643.jpeg,Mouth_Ulcer_0_2643.jpeg,Mouth Ulcer,Training
E:\Dr. Atef Ismail\Khaled Dental\Paper2\archive (10)\Caries_Gingivitus\(212).jpg,(212).jpg,Caries-Gingivitis,Training
E:\Dr. Atef Ismail\Khaled Dental\Paper2\archive (10)\Mouth Ulcer\Mouth_Ulcer_0_9487.jpeg,Mouth_Ulcer_0_9487.jpeg,Mouth Ulcer,Training
E:\Dr. Atef Ismail\Khaled Dental\Paper2\archive (10)\Caries_Gingivitus\(20).jpg,(20).jpg,Caries-Gingivitis,Training
E:\Dr. Atef Ismail\Khaled Dental\Paper2\archive (10)\Calculus\(727).jpg,(727).jpg,Calculus,Training
E:\Dr. Atef Ismail\Khaled Dental\Paper2\archive (10)\hypodontia\(292).JPG,(292).JPG,Hypodontia,Training
E:\Dr. Atef Ismail\Khaled Dental\Paper2\archive (10)\Gingivitis\(1781).jpg,(1781).jpg,Gingivitis,Training
E:\Dr. Atef Ismail\Khaled Dental\Paper2\archive (10)\Caries_Gingivitus\caries_0_41.jpeg,caries_0_41.jpeg,Caries-Gingivitis,Training
E:\Dr. Atef Ismail\Khaled Dental\Paper2\archive (10)\Caries_Gingivitus\484.jpg,484.jpg,Caries-Gingivitis,Training
E:\Dr. Atef Ismail\Khaled Dental\Paper2\archive (10)\Mouth Ulcer\Mouth_Ulcer_0_8818.jpeg,Mouth_Ulcer_0_8818.jpeg,Mouth Ulcer,Training
E:\Dr. Atef Ismail\Khaled Dental\Paper2\archive (10)\Tooth Discoloration\Tooth_Discoloration_0_3502.jpeg,Tooth_Discoloration_0_3502.jpeg,Tooth Discoloration,Training
E:\Dr. Atef Ismail\Khaled Dental\Paper2\archive (10)\Tooth Discoloration\Tooth_Discoloration_0_3724.jpeg,Tooth_Discoloration_0_3724.jpeg,Tooth Discoloration,Training
E:\Dr. Atef Ismail\Khaled Dental\Paper2\archive (10)\Mouth Ulcer\Mouth_Ulcer_0_9864.jpeg,Mouth_Ulcer_0_9864.jpeg,Mouth Ulcer,Training
E:\Dr. Atef Ismail\Khaled Dental\Paper2\archive (10)\Gingivitis\(820).jpg,(820).jpg,Gingivitis,Training
E:\Dr. Atef Ismail\Khaled Dental\Paper2\archive (10)\Gingivitis\(1597).jpg,(1597).jpg,Gingivitis,Training
E:\Dr. Atef Ismail\Khaled Dental\Paper2\archive (10)\Gingivitis\(1282).jpg,(1282).jpg,Gingivitis,Training
E:\Dr. Atef Ismail\Khaled Dental\Paper2\archive (10)\Caries_Gingivitus\535.jpg,535.jpg,Caries-Gingivitis,Training
E:\Dr. Atef Ismail\Khaled Dental\Paper2\archive (10)\Calculus\(1039).jpg,(1039).jpg,Calculus,Training
E:\Dr. Atef Ismail\Khaled Dental\Paper2\archive (10)\Caries_Gingivitus\caries_0_3817.jpeg,caries_0_3817.jpeg,Caries-Gingivitis,Training
E:\Dr. Atef Ismail\Khaled Dental\Paper2\archive (10)\Tooth Discoloration\Tooth_Discoloration_0_8268.jpeg,Tooth_Discoloration_0_8268.jpeg,Tooth Discoloration,Training
E:\Dr. Atef Ismail\Khaled Dental\Paper2\archive (10)\Caries_Gingivitus\446.jpg,446.jpg,Caries-Gingivitis,Training
E:\Dr. Atef Ismail\Khaled Dental\Paper2\archive (10)\Tooth Discoloration\Tooth_Discoloration_0_8291.jpeg,Tooth_Discoloration_0_8291.jpeg,Tooth Discoloration,Training
E:\Dr. Atef Ismail\Khaled Dental\Paper2\archive (10)\Tooth Discoloration\Tooth_Discoloration_0_5622.jpeg,Tooth_Discoloration_0_5622.jpeg,Tooth Discoloration,Training
E:\Dr. Atef Ismail\Khaled Dental\Paper2\archive (10)\Gingivitis\(2054).jpg,(2054).jpg,Gingivitis,Training
E:\Dr. Atef Ismail\Khaled Dental\Paper2\archive (10)\Tooth Discoloration\Tooth_Discoloration_0_7314.jpeg,Tooth_Discoloration_0_7314.jpeg,Tooth Discoloration,Training
E:\Dr. Atef Ismail\Khaled Dental\Paper2\archive (10)\Calculus\(51).jpg,(51).jpg,Calculus,Training
E:\Dr. Atef Ismail\Khaled Dental\Paper2\archive (10)\Tooth Discoloration\Tooth_Discoloration_0_9869.jpeg,Tooth_Discoloration_0_9869.jpeg,Tooth Discoloration,Training
E:\Dr. Atef Ismail\Khaled Dental\Paper2\archive (10)\Mouth Ulcer\Mouth_Ulcer_0_7915.jpeg,Mouth_Ulcer_0_7915.jpeg,Mouth Ulcer,Training
E:\Dr. Atef Ismail\Khaled Dental\Paper2\archive (10)\Mouth Ulcer\Mouth_Ulcer_0_1100.jpeg,Mouth_Ulcer_0_1100.jpeg,Mouth Ulcer,Training
E:\Dr. Atef Ismail\Khaled Dental\Paper2\archive (10)\Calculus\(21).jpg,(21).jpg,Calculus,Training
E:\Dr. Atef Ismail\Khaled Dental\Paper2\archive (10)\Gingivitis\(465).jpg,(465).jpg,Gingivitis,Training
E:\Dr. Atef Ismail\Khaled Dental\Paper2\archive (10)\Tooth Discoloration\Tooth_Discoloration_0_6516.jpeg,Tooth_Discoloration_0_6516.jpeg,Tooth Discoloration,Training
E:\Dr. Atef Ismail\Khaled Dental\Paper2\archive (10)\Caries_Gingivitus\335.jpg,335.jpg,Caries-Gingivitis,Training
E:\Dr. Atef Ismail\Khaled Dental\Paper2\archive (10)\Gingivitis\(796).jpg,(796).jpg,Gingivitis,Training
E:\Dr. Atef Ismail\Khaled Dental\Paper2\archive (10)\Mouth Ulcer\Mouth_Ulcer_0_632.jpeg,Mouth_Ulcer_0_632.jpeg,Mouth Ulcer,Training
E:\Dr. Atef Ismail\Khaled Dental\Paper2\archive (10)\Mouth Ulcer\Mouth_Ulcer_0_7686.jpeg,Mouth_Ulcer_0_7686.jpeg,Mouth Ulcer,Training
E:\Dr. Atef Ismail\Khaled Dental\Paper2\archive (10)\Gingivitis\(1821).jpg,(1821).jpg,Gingivitis,Training
E:\Dr. Atef Ismail\Khaled Dental\Paper2\archive (10)\Caries_Gingivitus\436.jpg,436.jpg,Caries-Gingivitis,Training
E:\Dr. Atef Ismail\Khaled Dental\Paper2\archive (10)\Tooth Discoloration\Tooth_Discoloration_0_117.jpeg,Tooth_Discoloration_0_117.jpeg,Tooth Discoloration,Training
E:\Dr. Atef Ismail\Khaled Dental\Paper2\archive (10)\Tooth Discoloration\Tooth_Discoloration_0_5256.jpeg,Tooth_Discoloration_0_5256.jpeg,Tooth Discoloration,Training
E:\Dr. Atef Ismail\Khaled Dental\Paper2\archive (10)\hypodontia\(1010).JPG,(1010).JPG,Hypodontia,Training
E:\Dr. Atef Ismail\Khaled Dental\Paper2\archive (10)\Caries_Gingivitus\473.jpg,473.jpg,Caries-Gingivitis,Training
E:\Dr. Atef Ismail\Khaled Dental\Paper2\archive (10)\Mouth Ulcer\Mouth_Ulcer_0_2463.jpeg,Mouth_Ulcer_0_2463.jpeg,Mouth Ulcer,Training
E:\Dr. Atef Ismail\Khaled Dental\Paper2\archive (10)\Caries_Gingivitus\(167).jpg,(167).jpg,Caries-Gingivitis,Training
E:\Dr. Atef Ismail\Khaled Dental\Paper2\archive (10)\Gingivitis\(335).jpg,(335).jpg,Gingivitis,Training
E:\Dr. Atef Ismail\Khaled Dental\Paper2\archive (10)\Gingivitis\(1496).jpg,(1496).jpg,Gingivitis,Training
E:\Dr. Atef Ismail\Khaled Dental\Paper2\archive (10)\Gingivitis\(119).jpg,(119).jpg,Gingivitis,Training
E:\Dr. Atef Ismail\Khaled Dental\Paper2\archive (10)\Gingivitis\(302).jpg,(302).jpg,Gingivitis,Training
E:\Dr. Atef Ismail\Khaled Dental\Paper2\archive (10)\hypodontia\(315).JPG,(315).JPG,Hypodontia,Training
E:\Dr. Atef Ismail\Khaled Dental\Paper2\archive (10)\Gingivitis\(1023).jpg,(1023).jpg,Gingivitis,Training
E:\Dr. Atef Ismail\Khaled Dental\Paper2\archive (10)\Tooth Discoloration\Tooth_Discoloration_0_9750.jpeg,Tooth_Discoloration_0_9750.jpeg,Tooth Discoloration,Training
E:\Dr. Atef Ismail\Khaled Dental\Paper2\archive (10)\Calculus\(1035).jpg,(1035).jpg,Calculus,Training
E:\Dr. Atef Ismail\Khaled Dental\Paper2\archive (10)\Gingivitis\(489).jpg,(489).jpg,Gingivitis,Training
E:\Dr. Atef Ismail\Khaled Dental\Paper2\archive (10)\Gingivitis\(1178).jpg,(1178).jpg,Gingivitis,Training
E:\Dr. Atef Ismail\Khaled Dental\Paper2\archive (10)\Mouth Ulcer\Mouth_Ulcer_0_5750.jpeg,Mouth_Ulcer_0_5750.jpeg,Mouth Ulcer,Training
E:\Dr. Atef Ismail\Khaled Dental\Paper2\archive (10)\Calculus\(40).jpg,(40).jpg,Calculus,Training
E:\Dr. Atef Ismail\Khaled Dental\Paper2\archive (10)\Mouth Ulcer\Mouth_Ulcer_0_6549.jpeg,Mouth_Ulcer_0_6549.jpeg,Mouth Ulcer,Training
E:\Dr. Atef Ismail\Khaled Dental\Paper2\archive (10)\Calculus\(1020).jpg,(1020).jpg,Calculus,Training
E:\Dr. Atef Ismail\Khaled Dental\Paper2\archive (10)\Mouth Ulcer\Mouth_Ulcer_0_8299.jpeg,Mouth_Ulcer_0_8299.jpeg,Mouth Ulcer,Training
E:\Dr. Atef Ismail\Khaled Dental\Paper2\archive (10)\Calculus\(857).jpg,(857).jpg,Calculus,Training
E:\Dr. Atef Ismail\Khaled Dental\Paper2\archive (10)\hypodontia\(255).jpg,(255).jpg,Hypodontia,Training
E:\Dr. Atef Ismail\Khaled Dental\Paper2\archive (10)\hypodontia\(935).JPG,(935).JPG,Hypodontia,Training
E:\Dr. Atef Ismail\Khaled Dental\Paper2\archive (10)\Gingivitis\(357).jpg,(357).jpg,Gingivitis,Training
E:\Dr. Atef Ismail\Khaled Dental\Paper2\archive (10)\Mouth Ulcer\Mouth_Ulcer_0_6643.jpeg,Mouth_Ulcer_0_6643.jpeg,Mouth Ulcer,Training
E:\Dr. Atef Ismail\Khaled Dental\Paper2\archive (10)\Mouth Ulcer\Mouth_Ulcer_0_7437.jpeg,Mouth_Ulcer_0_7437.jpeg,Mouth Ulcer,Training
E:\Dr. Atef Ismail\Khaled Dental\Paper2\archive (10)\Mouth Ulcer\Mouth_Ulcer_0_1812.jpeg,Mouth_Ulcer_0_1812.jpeg,Mouth Ulcer,Training
E:\Dr. Atef Ismail\Khaled Dental\Paper2\archive (10)\Mouth Ulcer\Mouth_Ulcer_0_7835.jpeg,Mouth_Ulcer_0_7835.jpeg,Mouth Ulcer,Training
E:\Dr. Atef Ismail\Khaled Dental\Paper2\archive (10)\Tooth Discoloration\Tooth_Discoloration_0_3102.jpeg,Tooth_Discoloration_0_3102.jpeg,Tooth Discoloration,Training
E:\Dr. Atef Ismail\Khaled Dental\Paper2\archive (10)\Gingivitis\(1331).jpg,(1331).jpg,Gingivitis,Training
E:\Dr. Atef Ismail\Khaled Dental\Paper2\archive (10)\Gingivitis\(1046).jpg,(1046).jpg,Gingivitis,Training
E:\Dr. Atef Ismail\Khaled Dental\Paper2\archive (10)\Mouth Ulcer\Mouth_Ulcer_0_3270.jpeg,Mouth_Ulcer_0_3270.jpeg,Mouth Ulcer,Training
E:\Dr. Atef Ismail\Khaled Dental\Paper2\archive (10)\Caries_Gingivitus\caries_0_3493.jpeg,caries_0_3493.jpeg,Caries-Gingivitis,Training
E:\Dr. Atef Ismail\Khaled Dental\Paper2\archive (10)\Gingivitis\(630).jpg,(630).jpg,Gingivitis,Training
E:\Dr. Atef Ismail\Khaled Dental\Paper2\archive (10)\Tooth Discoloration\Tooth_Discoloration_0_5823.jpeg,Tooth_Discoloration_0_5823.jpeg,Tooth Discoloration,Training
E:\Dr. Atef Ismail\Khaled Dental\Paper2\archive (10)\Gingivitis\(1959).jpg,(1959).jpg,Gingivitis,Training
E:\Dr. Atef Ismail\Khaled Dental\Paper2\archive (10)\Tooth Discoloration\Tooth_Discoloration_0_4985.jpeg,Tooth_Discoloration_0_4985.jpeg,Tooth Discoloration,Training
E:\Dr. Atef Ismail\Khaled Dental\Paper2\archive (10)\Tooth Discoloration\Tooth_Discoloration_0_2048.jpeg,Tooth_Discoloration_0_2048.jpeg,Tooth Discoloration,Training
E:\Dr. Atef Ismail\Khaled Dental\Paper2\archive (10)\Mouth Ulcer\Mouth_Ulcer_0_6696.jpeg,Mouth_Ulcer_0_6696.jpeg,Mouth Ulcer,Training
E:\Dr. Atef Ismail\Khaled Dental\Paper2\archive (10)\Mouth Ulcer\Mouth_Ulcer_0_2204.jpeg,Mouth_Ulcer_0_2204.jpeg,Mouth Ulcer,Training
E:\Dr. Atef Ismail\Khaled Dental\Paper2\archive (10)\Mouth Ulcer\Mouth_Ulcer_0_3539.jpeg,Mouth_Ulcer_0_3539.jpeg,Mouth Ulcer,Training
E:\Dr. Atef Ismail\Khaled Dental\Paper2\archive (10)\hypodontia\(1033).JPG,(1033).JPG,Hypodontia,Training
E:\Dr. Atef Ismail\Khaled Dental\Paper2\archive (10)\Gingivitis\(116).jpg,(116).jpg,Gingivitis,Training
E:\Dr. Atef Ismail\Khaled Dental\Paper2\archive (10)\Caries_Gingivitus\caries_0_4066.jpeg,caries_0_4066.jpeg,Caries-Gingivitis,Training
E:\Dr. Atef Ismail\Khaled Dental\Paper2\archive (10)\Gingivitis\(1293).jpg,(1293).jpg,Gingivitis,Training
E:\Dr. Atef Ismail\Khaled Dental\Paper2\archive (10)\Mouth Ulcer\Mouth_Ulcer_0_1175.jpeg,Mouth_Ulcer_0_1175.jpeg,Mouth Ulcer,Training
E:\Dr. Atef Ismail\Khaled Dental\Paper2\archive (10)\Gingivitis\(1136).jpg,(1136).jpg,Gingivitis,Training
E:\Dr. Atef Ismail\Khaled Dental\Paper2\archive (10)\Mouth Ulcer\Mouth_Ulcer_0_4214.jpeg,Mouth_Ulcer_0_4214.jpeg,Mouth Ulcer,Training
E:\Dr. Atef Ismail\Khaled Dental\Paper2\archive (10)\Gingivitis\(137).jpg,(137).jpg,Gingivitis,Training
E:\Dr. Atef Ismail\Khaled Dental\Paper2\archive (10)\Calculus\(427).jpg,(427).jpg,Calculus,Training
E:\Dr. Atef Ismail\Khaled Dental\Paper2\archive (10)\Gingivitis\(1317).jpg,(1317).jpg,Gingivitis,Training
E:\Dr. Atef Ismail\Khaled Dental\Paper2\archive (10)\Gingivitis\(1919).jpg,(1919).jpg,Gingivitis,Training
E:\Dr. Atef Ismail\Khaled Dental\Paper2\archive (10)\Calculus\(465).jpg,(465).jpg,Calculus,Training
E:\Dr. Atef Ismail\Khaled Dental\Paper2\archive (10)\Caries_Gingivitus\caries_0_3771.jpeg,caries_0_3771.jpeg,Caries-Gingivitis,Training
E:\Dr. Atef Ismail\Khaled Dental\Paper2\archive (10)\hypodontia\(551).jpg,(551).jpg,Hypodontia,Training
E:\Dr. Atef Ismail\Khaled Dental\Paper2\archive (10)\Gingivitis\(849).jpg,(849).jpg,Gingivitis,Training
E:\Dr. Atef Ismail\Khaled Dental\Paper2\archive (10)\Mouth Ulcer\Mouth_Ulcer_0_5376.jpeg,Mouth_Ulcer_0_5376.jpeg,Mouth Ulcer,Training
E:\Dr. Atef Ismail\Khaled Dental\Paper2\archive (10)\Gingivitis\(1695).jpg,(1695).jpg,Gingivitis,Training
E:\Dr. Atef Ismail\Khaled Dental\Paper2\archive (10)\Gingivitis\(501).jpg,(501).jpg,Gingivitis,Training
E:\Dr. Atef Ismail\Khaled Dental\Paper2\archive (10)\hypodontia\(556).JPG,(556).JPG,Hypodontia,Training
E:\Dr. Atef Ismail\Khaled Dental\Paper2\archive (10)\Mouth Ulcer\Mouth_Ulcer_0_3139.jpeg,Mouth_Ulcer_0_3139.jpeg,Mouth Ulcer,Training
E:\Dr. Atef Ismail\Khaled Dental\Paper2\archive (10)\hypodontia\(1069).JPG,(1069).JPG,Hypodontia,Training
E:\Dr. Atef Ismail\Khaled Dental\Paper2\archive (10)\Caries_Gingivitus\629.jpg,629.jpg,Caries-Gingivitis,Training
E:\Dr. Atef Ismail\Khaled Dental\Paper2\archive (10)\Tooth Discoloration\Tooth_Discoloration_0_1112.jpeg,Tooth_Discoloration_0_1112.jpeg,Tooth Discoloration,Training
E:\Dr. Atef Ismail\Khaled Dental\Paper2\archive (10)\Tooth Discoloration\Tooth_Discoloration_0_237.jpeg,Tooth_Discoloration_0_237.jpeg,Tooth Discoloration,Training
E:\Dr. Atef Ismail\Khaled Dental\Paper2\archive (10)\Mouth Ulcer\Mouth_Ulcer_0_8295.jpeg,Mouth_Ulcer_0_8295.jpeg,Mouth Ulcer,Training
E:\Dr. Atef Ismail\Khaled Dental\Paper2\archive (10)\Caries_Gingivitus\(37).jpg,(37).jpg,Caries-Gingivitis,Training
E:\Dr. Atef Ismail\Khaled Dental\Paper2\archive (10)\Gingivitis\(492).jpg,(492).jpg,Gingivitis,Training
E:\Dr. Atef Ismail\Khaled Dental\Paper2\archive (10)\Gingivitis\(1412).jpg,(1412).jpg,Gingivitis,Training
E:\Dr. Atef Ismail\Khaled Dental\Paper2\archive (10)\Gingivitis\(1636).jpg,(1636).jpg,Gingivitis,Training
E:\Dr. Atef Ismail\Khaled Dental\Paper2\archive (10)\Mouth Ulcer\Mouth_Ulcer_0_9260.jpeg,Mouth_Ulcer_0_9260.jpeg,Mouth Ulcer,Training
E:\Dr. Atef Ismail\Khaled Dental\Paper2\archive (10)\Mouth Ulcer\Mouth_Ulcer_0_4563.jpeg,Mouth_Ulcer_0_4563.jpeg,Mouth Ulcer,Training
E:\Dr. Atef Ismail\Khaled Dental\Paper2\archive (10)\Mouth Ulcer\Mouth_Ulcer_0_8909.jpeg,Mouth_Ulcer_0_8909.jpeg,Mouth Ulcer,Training
E:\Dr. Atef Ismail\Khaled Dental\Paper2\archive (10)\Tooth Discoloration\Tooth_Discoloration_0_1001.jpeg,Tooth_Discoloration_0_1001.jpeg,Tooth Discoloration,Training
E:\Dr. Atef Ismail\Khaled Dental\Paper2\archive (10)\Tooth Discoloration\Tooth_Discoloration_0_201.jpeg,Tooth_Discoloration_0_201.jpeg,Tooth Discoloration,Training
E:\Dr. Atef Ismail\Khaled Dental\Paper2\archive (10)\Mouth Ulcer\Mouth_Ulcer_0_3429.jpeg,Mouth_Ulcer_0_3429.jpeg,Mouth Ulcer,Training
E:\Dr. Atef Ismail\Khaled Dental\Paper2\archive (10)\Calculus\(1155).jpg,(1155).jpg,Calculus,Training
E:\Dr. Atef Ismail\Khaled Dental\Paper2\archive (10)\Tooth Discoloration\Tooth_Discoloration_0_5564.jpeg,Tooth_Discoloration_0_5564.jpeg,Tooth Discoloration,Training
E:\Dr. Atef Ismail\Khaled Dental\Paper2\archive (10)\Mouth Ulcer\Mouth_Ulcer_0_4002.jpeg,Mouth_Ulcer_0_4002.jpeg,Mouth Ulcer,Training
E:\Dr. Atef Ismail\Khaled Dental\Paper2\archive (10)\Gingivitis\(1324).jpg,(1324).jpg,Gingivitis,Training
E:\Dr. Atef Ismail\Khaled Dental\Paper2\archive (10)\Gingivitis\(341).jpg,(341).jpg,Gingivitis,Training
E:\Dr. Atef Ismail\Khaled Dental\Paper2\archive (10)\Caries_Gingivitus\195.jpg,195.jpg,Caries-Gingivitis,Training
E:\Dr. Atef Ismail\Khaled Dental\Paper2\archive (10)\hypodontia\(986).JPG,(986).JPG,Hypodontia,Training
E:\Dr. Atef Ismail\Khaled Dental\Paper2\archive (10)\Gingivitis\(1844).jpg,(1844).jpg,Gingivitis,Training
E:\Dr. Atef Ismail\Khaled Dental\Paper2\archive (10)\Tooth Discoloration\Tooth_Discoloration_0_1177.jpeg,Tooth_Discoloration_0_1177.jpeg,Tooth Discoloration,Training
E:\Dr. Atef Ismail\Khaled Dental\Paper2\archive (10)\Calculus\(1123).jpg,(1123).jpg,Calculus,Training
E:\Dr. Atef Ismail\Khaled Dental\Paper2\archive (10)\Gingivitis\(1674).jpg,(1674).jpg,Gingivitis,Training
E:\Dr. Atef Ismail\Khaled Dental\Paper2\archive (10)\Mouth Ulcer\Mouth_Ulcer_0_5574.jpeg,Mouth_Ulcer_0_5574.jpeg,Mouth Ulcer,Training
E:\Dr. Atef Ismail\Khaled Dental\Paper2\archive (10)\Caries_Gingivitus\352.jpg,352.jpg,Caries-Gingivitis,Training
E:\Dr. Atef Ismail\Khaled Dental\Paper2\archive (10)\Mouth Ulcer\Mouth_Ulcer_0_5755.jpeg,Mouth_Ulcer_0_5755.jpeg,Mouth Ulcer,Training
E:\Dr. Atef Ismail\Khaled Dental\Paper2\archive (10)\Calculus\(1026).jpg,(1026).jpg,Calculus,Training
E:\Dr. Atef Ismail\Khaled Dental\Paper2\archive (10)\Gingivitis\(1012).jpg,(1012).jpg,Gingivitis,Training
E:\Dr. Atef Ismail\Khaled Dental\Paper2\archive (10)\Caries_Gingivitus\caries_0_4402.jpeg,caries_0_4402.jpeg,Caries-Gingivitis,Training
E:\Dr. Atef Ismail\Khaled Dental\Paper2\archive (10)\Mouth Ulcer\Mouth_Ulcer_0_9166.jpeg,Mouth_Ulcer_0_9166.jpeg,Mouth Ulcer,Training
E:\Dr. Atef Ismail\Khaled Dental\Paper2\archive (10)\Gingivitis\(518).jpg,(518).jpg,Gingivitis,Training
E:\Dr. Atef Ismail\Khaled Dental\Paper2\archive (10)\Caries_Gingivitus\552.jpg,552.jpg,Caries-Gingivitis,Training
E:\Dr. Atef Ismail\Khaled Dental\Paper2\archive (10)\Calculus\(411).jpg,(411).jpg,Calculus,Training
E:\Dr. Atef Ismail\Khaled Dental\Paper2\archive (10)\Tooth Discoloration\Tooth_Discoloration_0_1071.jpeg,Tooth_Discoloration_0_1071.jpeg,Tooth Discoloration,Training
E:\Dr. Atef Ismail\Khaled Dental\Paper2\archive (10)\Gingivitis\(2131).jpg,(2131).jpg,Gingivitis,Training
E:\Dr. Atef Ismail\Khaled Dental\Paper2\archive (10)\hypodontia\(968).jpg,(968).jpg,Hypodontia,Training
E:\Dr. Atef Ismail\Khaled Dental\Paper2\archive (10)\Mouth Ulcer\Mouth_Ulcer_0_8867.jpeg,Mouth_Ulcer_0_8867.jpeg,Mouth Ulcer,Training
E:\Dr. Atef Ismail\Khaled Dental\Paper2\archive (10)\Caries_Gingivitus\622.jpg,622.jpg,Caries-Gingivitis,Training
E:\Dr. Atef Ismail\Khaled Dental\Paper2\archive (10)\Calculus\(957).jpg,(957).jpg,Calculus,Training
E:\Dr. Atef Ismail\Khaled Dental\Paper2\archive (10)\Gingivitis\(1640).jpg,(1640).jpg,Gingivitis,Training
E:\Dr. Atef Ismail\Khaled Dental\Paper2\archive (10)\Tooth Discoloration\Tooth_Discoloration_0_5992.jpeg,Tooth_Discoloration_0_5992.jpeg,Tooth Discoloration,Training
E:\Dr. Atef Ismail\Khaled Dental\Paper2\archive (10)\Calculus\(475).jpg,(475).jpg,Calculus,Training
E:\Dr. Atef Ismail\Khaled Dental\Paper2\archive (10)\hypodontia\(602).JPG,(602).JPG,Hypodontia,Training
E:\Dr. Atef Ismail\Khaled Dental\Paper2\archive (10)\Calculus\(625).jpg,(625).jpg,Calculus,Training
E:\Dr. Atef Ismail\Khaled Dental\Paper2\archive (10)\Tooth Discoloration\Tooth_Discoloration_0_5589.jpeg,Tooth_Discoloration_0_5589.jpeg,Tooth Discoloration,Training
E:\Dr. Atef Ismail\Khaled Dental\Paper2\archive (10)\Mouth Ulcer\Mouth_Ulcer_0_5480.jpeg,Mouth_Ulcer_0_5480.jpeg,Mouth Ulcer,Training
E:\Dr. Atef Ismail\Khaled Dental\Paper2\archive (10)\Calculus\(546).jpg,(546).jpg,Calculus,Training
E:\Dr. Atef Ismail\Khaled Dental\Paper2\archive (10)\hypodontia\(903).jpg,(903).jpg,Hypodontia,Training
E:\Dr. Atef Ismail\Khaled Dental\Paper2\archive (10)\Gingivitis\(2259).jpg,(2259).jpg,Gingivitis,Training
E:\Dr. Atef Ismail\Khaled Dental\Paper2\archive (10)\hypodontia\(1149).JPG,(1149).JPG,Hypodontia,Training
E:\Dr. Atef Ismail\Khaled Dental\Paper2\archive (10)\Gingivitis\(1326).jpg,(1326).jpg,Gingivitis,Training
E:\Dr. Atef Ismail\Khaled Dental\Paper2\archive (10)\Tooth Discoloration\Tooth_Discoloration_0_7985.jpeg,Tooth_Discoloration_0_7985.jpeg,Tooth Discoloration,Training
E:\Dr. Atef Ismail\Khaled Dental\Paper2\archive (10)\Calculus\(958).jpg,(958).jpg,Calculus,Training
E:\Dr. Atef Ismail\Khaled Dental\Paper2\archive (10)\Tooth Discoloration\Tooth_Discoloration_0_383.jpeg,Tooth_Discoloration_0_383.jpeg,Tooth Discoloration,Training
E:\Dr. Atef Ismail\Khaled Dental\Paper2\archive (10)\Caries_Gingivitus\caries_0_3736.jpeg,caries_0_3736.jpeg,Caries-Gingivitis,Training
E:\Dr. Atef Ismail\Khaled Dental\Paper2\archive (10)\Gingivitis\(1878).jpg,(1878).jpg,Gingivitis,Training
E:\Dr. Atef Ismail\Khaled Dental\Paper2\archive (10)\Tooth Discoloration\Tooth_Discoloration_0_9530.jpeg,Tooth_Discoloration_0_9530.jpeg,Tooth Discoloration,Training
E:\Dr. Atef Ismail\Khaled Dental\Paper2\archive (10)\Tooth Discoloration\Tooth_Discoloration_0_8729.jpeg,Tooth_Discoloration_0_8729.jpeg,Tooth Discoloration,Training
E:\Dr. Atef Ismail\Khaled Dental\Paper2\archive (10)\Calculus\(18).jpg,(18).jpg,Calculus,Training
E:\Dr. Atef Ismail\Khaled Dental\Paper2\archive (10)\Caries_Gingivitus\caries_0_4848.jpeg,caries_0_4848.jpeg,Caries-Gingivitis,Training
E:\Dr. Atef Ismail\Khaled Dental\Paper2\archive (10)\Caries_Gingivitus\101.jpg,101.jpg,Caries-Gingivitis,Training
E:\Dr. Atef Ismail\Khaled Dental\Paper2\archive (10)\hypodontia\(604).JPG,(604).JPG,Hypodontia,Training
E:\Dr. Atef Ismail\Khaled Dental\Paper2\archive (10)\Gingivitis\(1577).jpg,(1577).jpg,Gingivitis,Training
E:\Dr. Atef Ismail\Khaled Dental\Paper2\archive (10)\Gingivitis\(1123).jpg,(1123).jpg,Gingivitis,Training
E:\Dr. Atef Ismail\Khaled Dental\Paper2\archive (10)\Tooth Discoloration\Tooth_Discoloration_0_5861.jpeg,Tooth_Discoloration_0_5861.jpeg,Tooth Discoloration,Training
E:\Dr. Atef Ismail\Khaled Dental\Paper2\archive (10)\Tooth Discoloration\Tooth_Discoloration_0_4357.jpeg,Tooth_Discoloration_0_4357.jpeg,Tooth Discoloration,Training
E:\Dr. Atef Ismail\Khaled Dental\Paper2\archive (10)\hypodontia\(138).JPG,(138).JPG,Hypodontia,Training
E:\Dr. Atef Ismail\Khaled Dental\Paper2\archive (10)\Mouth Ulcer\Mouth_Ulcer_0_3300.jpeg,Mouth_Ulcer_0_3300.jpeg,Mouth Ulcer,Training
E:\Dr. Atef Ismail\Khaled Dental\Paper2\archive (10)\Calculus\(333).jpg,(333).jpg,Calculus,Training
E:\Dr. Atef Ismail\Khaled Dental\Paper2\archive (10)\Mouth Ulcer\Mouth_Ulcer_0_8704.jpeg,Mouth_Ulcer_0_8704.jpeg,Mouth Ulcer,Training
E:\Dr. Atef Ismail\Khaled Dental\Paper2\archive (10)\Gingivitis\(432).jpg,(432).jpg,Gingivitis,Training
E:\Dr. Atef Ismail\Khaled Dental\Paper2\archive (10)\Mouth Ulcer\Mouth_Ulcer_0_6519.jpeg,Mouth_Ulcer_0_6519.jpeg,Mouth Ulcer,Training
E:\Dr. Atef Ismail\Khaled Dental\Paper2\archive (10)\hypodontia\(1031).JPG,(1031).JPG,Hypodontia,Training
E:\Dr. Atef Ismail\Khaled Dental\Paper2\archive (10)\Mouth Ulcer\Mouth_Ulcer_0_2027.jpeg,Mouth_Ulcer_0_2027.jpeg,Mouth Ulcer,Training
E:\Dr. Atef Ismail\Khaled Dental\Paper2\archive (10)\Tooth Discoloration\Tooth_Discoloration_0_8157.jpeg,Tooth_Discoloration_0_8157.jpeg,Tooth Discoloration,Training
E:\Dr. Atef Ismail\Khaled Dental\Paper2\archive (10)\Tooth Discoloration\Tooth_Discoloration_0_5623.jpeg,Tooth_Discoloration_0_5623.jpeg,Tooth Discoloration,Training
E:\Dr. Atef Ismail\Khaled Dental\Paper2\archive (10)\Calculus\(141).jpg,(141).jpg,Calculus,Training
E:\Dr. Atef Ismail\Khaled Dental\Paper2\archive (10)\Caries_Gingivitus\10.jpg,10.jpg,Caries-Gingivitis,Training
E:\Dr. Atef Ismail\Khaled Dental\Paper2\archive (10)\Mouth Ulcer\Mouth_Ulcer_0_6803.jpeg,Mouth_Ulcer_0_6803.jpeg,Mouth Ulcer,Training
E:\Dr. Atef Ismail\Khaled Dental\Paper2\archive (10)\Gingivitis\(1472).jpg,(1472).jpg,Gingivitis,Training
E:\Dr. Atef Ismail\Khaled Dental\Paper2\archive (10)\hypodontia\(659).JPG,(659).JPG,Hypodontia,Training
E:\Dr. Atef Ismail\Khaled Dental\Paper2\archive (10)\Gingivitis\(2240).jpg,(2240).jpg,Gingivitis,Training
E:\Dr. Atef Ismail\Khaled Dental\Paper2\archive (10)\Caries_Gingivitus\496.jpg,496.jpg,Caries-Gingivitis,Training
E:\Dr. Atef Ismail\Khaled Dental\Paper2\archive (10)\Caries_Gingivitus\156.jpg,156.jpg,Caries-Gingivitis,Training
E:\Dr. Atef Ismail\Khaled Dental\Paper2\archive (10)\Caries_Gingivitus\caries_0_3849.jpeg,caries_0_3849.jpeg,Caries-Gingivitis,Training
E:\Dr. Atef Ismail\Khaled Dental\Paper2\archive (10)\Gingivitis\(774).jpg,(774).jpg,Gingivitis,Training
E:\Dr. Atef Ismail\Khaled Dental\Paper2\archive (10)\hypodontia\(546).jpg,(546).jpg,Hypodontia,Training
E:\Dr. Atef Ismail\Khaled Dental\Paper2\archive (10)\Tooth Discoloration\Tooth_Discoloration_0_5353.jpeg,Tooth_Discoloration_0_5353.jpeg,Tooth Discoloration,Training
E:\Dr. Atef Ismail\Khaled Dental\Paper2\archive (10)\Gingivitis\(2104).jpg,(2104).jpg,Gingivitis,Training
E:\Dr. Atef Ismail\Khaled Dental\Paper2\archive (10)\Tooth Discoloration\Tooth_Discoloration_0_3371.jpeg,Tooth_Discoloration_0_3371.jpeg,Tooth Discoloration,Training
E:\Dr. Atef Ismail\Khaled Dental\Paper2\archive (10)\Gingivitis\(392).jpg,(392).jpg,Gingivitis,Training
E:\Dr. Atef Ismail\Khaled Dental\Paper2\archive (10)\Tooth Discoloration\Tooth_Discoloration_0_9715.jpeg,Tooth_Discoloration_0_9715.jpeg,Tooth Discoloration,Training
E:\Dr. Atef Ismail\Khaled Dental\Paper2\archive (10)\Gingivitis\(1871).jpg,(1871).jpg,Gingivitis,Training
E:\Dr. Atef Ismail\Khaled Dental\Paper2\archive (10)\Gingivitis\(1934).jpg,(1934).jpg,Gingivitis,Training
E:\Dr. Atef Ismail\Khaled Dental\Paper2\archive (10)\Calculus\(261).jpg,(261).jpg,Calculus,Training
E:\Dr. Atef Ismail\Khaled Dental\Paper2\archive (10)\Gingivitis\(730).jpg,(730).jpg,Gingivitis,Training
E:\Dr. Atef Ismail\Khaled Dental\Paper2\archive (10)\Calculus\(385).jpg,(385).jpg,Calculus,Training
E:\Dr. Atef Ismail\Khaled Dental\Paper2\archive (10)\Mouth Ulcer\Mouth_Ulcer_0_3387.jpeg,Mouth_Ulcer_0_3387.jpeg,Mouth Ulcer,Training
E:\Dr. Atef Ismail\Khaled Dental\Paper2\archive (10)\Calculus\(1244).jpg,(1244).jpg,Calculus,Training
E:\Dr. Atef Ismail\Khaled Dental\Paper2\archive (10)\Mouth Ulcer\Mouth_Ulcer_0_2765.jpeg,Mouth_Ulcer_0_2765.jpeg,Mouth Ulcer,Training
E:\Dr. Atef Ismail\Khaled Dental\Paper2\archive (10)\Calculus\(1182).jpg,(1182).jpg,Calculus,Training
E:\Dr. Atef Ismail\Khaled Dental\Paper2\archive (10)\Tooth Discoloration\Tooth_Discoloration_0_4880.jpeg,Tooth_Discoloration_0_4880.jpeg,Tooth Discoloration,Training
E:\Dr. Atef Ismail\Khaled Dental\Paper2\archive (10)\Mouth Ulcer\Mouth_Ulcer_0_8691.jpeg,Mouth_Ulcer_0_8691.jpeg,Mouth Ulcer,Training
E:\Dr. Atef Ismail\Khaled Dental\Paper2\archive (10)\Gingivitis\(1244).jpg,(1244).jpg,Gingivitis,Training
E:\Dr. Atef Ismail\Khaled Dental\Paper2\archive (10)\hypodontia\(108).jpg,(108).jpg,Hypodontia,Training
E:\Dr. Atef Ismail\Khaled Dental\Paper2\archive (10)\Mouth Ulcer\Mouth_Ulcer_0_3776.jpeg,Mouth_Ulcer_0_3776.jpeg,Mouth Ulcer,Training
E:\Dr. Atef Ismail\Khaled Dental\Paper2\archive (10)\Mouth Ulcer\Mouth_Ulcer_0_9296.jpeg,Mouth_Ulcer_0_9296.jpeg,Mouth Ulcer,Training
E:\Dr. Atef Ismail\Khaled Dental\Paper2\archive (10)\hypodontia\(1187).JPG,(1187).JPG,Hypodontia,Training
E:\Dr. Atef Ismail\Khaled Dental\Paper2\archive (10)\Caries_Gingivitus\caries_0_3485.jpeg,caries_0_3485.jpeg,Caries-Gingivitis,Training
E:\Dr. Atef Ismail\Khaled Dental\Paper2\archive (10)\Caries_Gingivitus\caries_0_484.jpeg,caries_0_484.jpeg,Caries-Gingivitis,Training
E:\Dr. Atef Ismail\Khaled Dental\Paper2\archive (10)\Calculus\(1004).jpg,(1004).jpg,Calculus,Training
E:\Dr. Atef Ismail\Khaled Dental\Paper2\archive (10)\Tooth Discoloration\Tooth_Discoloration_0_3436.jpeg,Tooth_Discoloration_0_3436.jpeg,Tooth Discoloration,Training
E:\Dr. Atef Ismail\Khaled Dental\Paper2\archive (10)\Caries_Gingivitus\(87).jpg,(87).jpg,Caries-Gingivitis,Training
E:\Dr. Atef Ismail\Khaled Dental\Paper2\archive (10)\Mouth Ulcer\Mouth_Ulcer_0_406.jpeg,Mouth_Ulcer_0_406.jpeg,Mouth Ulcer,Training
E:\Dr. Atef Ismail\Khaled Dental\Paper2\archive (10)\Tooth Discoloration\Tooth_Discoloration_0_9326.jpeg,Tooth_Discoloration_0_9326.jpeg,Tooth Discoloration,Training
E:\Dr. Atef Ismail\Khaled Dental\Paper2\archive (10)\Calculus\(277).jpg,(277).jpg,Calculus,Training
E:\Dr. Atef Ismail\Khaled Dental\Paper2\archive (10)\hypodontia\(308).JPG,(308).JPG,Hypodontia,Training
E:\Dr. Atef Ismail\Khaled Dental\Paper2\archive (10)\hypodontia\(894).JPG,(894).JPG,Hypodontia,Training
E:\Dr. Atef Ismail\Khaled Dental\Paper2\archive (10)\Tooth Discoloration\Tooth_Discoloration_0_3703.jpeg,Tooth_Discoloration_0_3703.jpeg,Tooth Discoloration,Training
E:\Dr. Atef Ismail\Khaled Dental\Paper2\archive (10)\Mouth Ulcer\Mouth_Ulcer_0_6573.jpeg,Mouth_Ulcer_0_6573.jpeg,Mouth Ulcer,Training
E:\Dr. Atef Ismail\Khaled Dental\Paper2\archive (10)\Caries_Gingivitus\(48).jpg,(48).jpg,Caries-Gingivitis,Training
E:\Dr. Atef Ismail\Khaled Dental\Paper2\archive (10)\Caries_Gingivitus\204.jpg,204.jpg,Caries-Gingivitis,Training
E:\Dr. Atef Ismail\Khaled Dental\Paper2\archive (10)\Tooth Discoloration\Tooth_Discoloration_0_9553.jpeg,Tooth_Discoloration_0_9553.jpeg,Tooth Discoloration,Training
E:\Dr. Atef Ismail\Khaled Dental\Paper2\archive (10)\Gingivitis\(606).jpg,(606).jpg,Gingivitis,Training
E:\Dr. Atef Ismail\Khaled Dental\Paper2\archive (10)\Caries_Gingivitus\(224).jpg,(224).jpg,Caries-Gingivitis,Training
E:\Dr. Atef Ismail\Khaled Dental\Paper2\archive (10)\Calculus\(1248).jpg,(1248).jpg,Calculus,Training
E:\Dr. Atef Ismail\Khaled Dental\Paper2\archive (10)\Caries_Gingivitus\159.jpg,159.jpg,Caries-Gingivitis,Training
E:\Dr. Atef Ismail\Khaled Dental\Paper2\archive (10)\Calculus\(863).jpg,(863).jpg,Calculus,Training
E:\Dr. Atef Ismail\Khaled Dental\Paper2\archive (10)\Gingivitis\(342).jpg,(342).jpg,Gingivitis,Training
E:\Dr. Atef Ismail\Khaled Dental\Paper2\archive (10)\Mouth Ulcer\Mouth_Ulcer_0_2688.jpeg,Mouth_Ulcer_0_2688.jpeg,Mouth Ulcer,Training
E:\Dr. Atef Ismail\Khaled Dental\Paper2\archive (10)\Caries_Gingivitus\367.jpg,367.jpg,Caries-Gingivitis,Training
E:\Dr. Atef Ismail\Khaled Dental\Paper2\archive (10)\Caries_Gingivitus\caries_0_3486.jpeg,caries_0_3486.jpeg,Caries-Gingivitis,Training
E:\Dr. Atef Ismail\Khaled Dental\Paper2\archive (10)\Mouth Ulcer\Mouth_Ulcer_0_8530.jpeg,Mouth_Ulcer_0_8530.jpeg,Mouth Ulcer,Training
E:\Dr. Atef Ismail\Khaled Dental\Paper2\archive (10)\hypodontia\(1180).JPG,(1180).JPG,Hypodontia,Training
E:\Dr. Atef Ismail\Khaled Dental\Paper2\archive (10)\Calculus\(890).jpg,(890).jpg,Calculus,Training
E:\Dr. Atef Ismail\Khaled Dental\Paper2\archive (10)\Caries_Gingivitus\caries_0_722.jpeg,caries_0_722.jpeg,Caries-Gingivitis,Training
E:\Dr. Atef Ismail\Khaled Dental\Paper2\archive (10)\Tooth Discoloration\Tooth_Discoloration_0_3569.jpeg,Tooth_Discoloration_0_3569.jpeg,Tooth Discoloration,Training
E:\Dr. Atef Ismail\Khaled Dental\Paper2\archive (10)\Mouth Ulcer\Mouth_Ulcer_0_6966.jpeg,Mouth_Ulcer_0_6966.jpeg,Mouth Ulcer,Training
E:\Dr. Atef Ismail\Khaled Dental\Paper2\archive (10)\hypodontia\(792).JPG,(792).JPG,Hypodontia,Training
E:\Dr. Atef Ismail\Khaled Dental\Paper2\archive (10)\Calculus\(1110).jpg,(1110).jpg,Calculus,Training
E:\Dr. Atef Ismail\Khaled Dental\Paper2\archive (10)\Gingivitis\(1358).jpg,(1358).jpg,Gingivitis,Training
E:\Dr. Atef Ismail\Khaled Dental\Paper2\archive (10)\Tooth Discoloration\Tooth_Discoloration_0_1026.jpeg,Tooth_Discoloration_0_1026.jpeg,Tooth Discoloration,Training
E:\Dr. Atef Ismail\Khaled Dental\Paper2\archive (10)\Caries_Gingivitus\caries_0_3647.jpeg,caries_0_3647.jpeg,Caries-Gingivitis,Training
E:\Dr. Atef Ismail\Khaled Dental\Paper2\archive (10)\Gingivitis\(307).jpg,(307).jpg,Gingivitis,Training
E:\Dr. Atef Ismail\Khaled Dental\Paper2\archive (10)\hypodontia\(543).jpg,(543).jpg,Hypodontia,Training
E:\Dr. Atef Ismail\Khaled Dental\Paper2\archive (10)\Calculus\(1099).jpg,(1099).jpg,Calculus,Training
E:\Dr. Atef Ismail\Khaled Dental\Paper2\archive (10)\hypodontia\(730).JPG,(730).JPG,Hypodontia,Training
E:\Dr. Atef Ismail\Khaled Dental\Paper2\archive (10)\Gingivitis\(1499).jpg,(1499).jpg,Gingivitis,Training
E:\Dr. Atef Ismail\Khaled Dental\Paper2\archive (10)\Caries_Gingivitus\(49).jpg,(49).jpg,Caries-Gingivitis,Training
E:\Dr. Atef Ismail\Khaled Dental\Paper2\archive (10)\Caries_Gingivitus\452.jpg,452.jpg,Caries-Gingivitis,Training
E:\Dr. Atef Ismail\Khaled Dental\Paper2\archive (10)\hypodontia\(1045).JPG,(1045).JPG,Hypodontia,Training
E:\Dr. Atef Ismail\Khaled Dental\Paper2\archive (10)\Mouth Ulcer\Mouth_Ulcer_0_9090.jpeg,Mouth_Ulcer_0_9090.jpeg,Mouth Ulcer,Training
E:\Dr. Atef Ismail\Khaled Dental\Paper2\archive (10)\Gingivitis\(2112).jpg,(2112).jpg,Gingivitis,Training
E:\Dr. Atef Ismail\Khaled Dental\Paper2\archive (10)\Mouth Ulcer\Mouth_Ulcer_0_9255.jpeg,Mouth_Ulcer_0_9255.jpeg,Mouth Ulcer,Training
E:\Dr. Atef Ismail\Khaled Dental\Paper2\archive (10)\Tooth Discoloration\Tooth_Discoloration_0_7466.jpeg,Tooth_Discoloration_0_7466.jpeg,Tooth Discoloration,Training
E:\Dr. Atef Ismail\Khaled Dental\Paper2\archive (10)\Tooth Discoloration\Tooth_Discoloration_0_1134.jpeg,Tooth_Discoloration_0_1134.jpeg,Tooth Discoloration,Training
E:\Dr. Atef Ismail\Khaled Dental\Paper2\archive (10)\Gingivitis\(1009).jpg,(1009).jpg,Gingivitis,Training
E:\Dr. Atef Ismail\Khaled Dental\Paper2\archive (10)\Gingivitis\(1858).jpg,(1858).jpg,Gingivitis,Training
E:\Dr. Atef Ismail\Khaled Dental\Paper2\archive (10)\Tooth Discoloration\Tooth_Discoloration_0_3877.jpeg,Tooth_Discoloration_0_3877.jpeg,Tooth Discoloration,Training
E:\Dr. Atef Ismail\Khaled Dental\Paper2\archive (10)\Mouth Ulcer\Mouth_Ulcer_0_4282.jpeg,Mouth_Ulcer_0_4282.jpeg,Mouth Ulcer,Training
E:\Dr. Atef Ismail\Khaled Dental\Paper2\archive (10)\Caries_Gingivitus\caries_0_355.jpeg,caries_0_355.jpeg,Caries-Gingivitis,Training
E:\Dr. Atef Ismail\Khaled Dental\Paper2\archive (10)\Caries_Gingivitus\caries_0_3553.jpeg,caries_0_3553.jpeg,Caries-Gingivitis,Training
E:\Dr. Atef Ismail\Khaled Dental\Paper2\archive (10)\Tooth Discoloration\Tooth_Discoloration_0_2887.jpeg,Tooth_Discoloration_0_2887.jpeg,Tooth Discoloration,Training
E:\Dr. Atef Ismail\Khaled Dental\Paper2\archive (10)\Tooth Discoloration\Tooth_Discoloration_0_8369.jpeg,Tooth_Discoloration_0_8369.jpeg,Tooth Discoloration,Training
E:\Dr. Atef Ismail\Khaled Dental\Paper2\archive (10)\Gingivitis\(162).jpg,(162).jpg,Gingivitis,Training
E:\Dr. Atef Ismail\Khaled Dental\Paper2\archive (10)\Mouth Ulcer\Mouth_Ulcer_0_9279.jpeg,Mouth_Ulcer_0_9279.jpeg,Mouth Ulcer,Training
E:\Dr. Atef Ismail\Khaled Dental\Paper2\archive (10)\Mouth Ulcer\Mouth_Ulcer_0_6718.jpeg,Mouth_Ulcer_0_6718.jpeg,Mouth Ulcer,Training
E:\Dr. Atef Ismail\Khaled Dental\Paper2\archive (10)\Mouth Ulcer\Mouth_Ulcer_0_1318.jpeg,Mouth_Ulcer_0_1318.jpeg,Mouth Ulcer,Training
E:\Dr. Atef Ismail\Khaled Dental\Paper2\archive (10)\Tooth Discoloration\Tooth_Discoloration_0_4697.jpeg,Tooth_Discoloration_0_4697.jpeg,Tooth Discoloration,Training
E:\Dr. Atef Ismail\Khaled Dental\Paper2\archive (10)\Gingivitis\(1567).jpg,(1567).jpg,Gingivitis,Training
E:\Dr. Atef Ismail\Khaled Dental\Paper2\archive (10)\Gingivitis\(1794).jpg,(1794).jpg,Gingivitis,Training
E:\Dr. Atef Ismail\Khaled Dental\Paper2\archive (10)\Tooth Discoloration\Tooth_Discoloration_0_4441.jpeg,Tooth_Discoloration_0_4441.jpeg,Tooth Discoloration,Training
E:\Dr. Atef Ismail\Khaled Dental\Paper2\archive (10)\Gingivitis\(1937).jpg,(1937).jpg,Gingivitis,Training
E:\Dr. Atef Ismail\Khaled Dental\Paper2\archive (10)\Mouth Ulcer\Mouth_Ulcer_0_5345.jpeg,Mouth_Ulcer_0_5345.jpeg,Mouth Ulcer,Training
E:\Dr. Atef Ismail\Khaled Dental\Paper2\archive (10)\Calculus\(963).jpg,(963).jpg,Calculus,Training
E:\Dr. Atef Ismail\Khaled Dental\Paper2\archive (10)\Tooth Discoloration\Tooth_Discoloration_0_4835.jpeg,Tooth_Discoloration_0_4835.jpeg,Tooth Discoloration,Training
E:\Dr. Atef Ismail\Khaled Dental\Paper2\archive (10)\Tooth Discoloration\Tooth_Discoloration_0_5649.jpeg,Tooth_Discoloration_0_5649.jpeg,Tooth Discoloration,Training
E:\Dr. Atef Ismail\Khaled Dental\Paper2\archive (10)\Caries_Gingivitus\(161).jpg,(161).jpg,Caries-Gingivitis,Training
E:\Dr. Atef Ismail\Khaled Dental\Paper2\archive (10)\Mouth Ulcer\Mouth_Ulcer_0_2751.jpeg,Mouth_Ulcer_0_2751.jpeg,Mouth Ulcer,Training
E:\Dr. Atef Ismail\Khaled Dental\Paper2\archive (10)\hypodontia\(98).jpg,(98).jpg,Hypodontia,Training
E:\Dr. Atef Ismail\Khaled Dental\Paper2\archive (10)\Caries_Gingivitus\318.jpg,318.jpg,Caries-Gingivitis,Training
E:\Dr. Atef Ismail\Khaled Dental\Paper2\archive (10)\Mouth Ulcer\Mouth_Ulcer_0_9976.jpeg,Mouth_Ulcer_0_9976.jpeg,Mouth Ulcer,Training
E:\Dr. Atef Ismail\Khaled Dental\Paper2\archive (10)\Calculus\(776).jpg,(776).jpg,Calculus,Training
E:\Dr. Atef Ismail\Khaled Dental\Paper2\archive (10)\Gingivitis\(623).jpg,(623).jpg,Gingivitis,Training
E:\Dr. Atef Ismail\Khaled Dental\Paper2\archive (10)\Mouth Ulcer\Mouth_Ulcer_0_8929.jpeg,Mouth_Ulcer_0_8929.jpeg,Mouth Ulcer,Training
E:\Dr. Atef Ismail\Khaled Dental\Paper2\archive (10)\Mouth Ulcer\Mouth_Ulcer_0_119.jpeg,Mouth_Ulcer_0_119.jpeg,Mouth Ulcer,Training
E:\Dr. Atef Ismail\Khaled Dental\Paper2\archive (10)\Caries_Gingivitus\caries_0_650.jpeg,caries_0_650.jpeg,Caries-Gingivitis,Training
E:\Dr. Atef Ismail\Khaled Dental\Paper2\archive (10)\Mouth Ulcer\Mouth_Ulcer_0_5056.jpeg,Mouth_Ulcer_0_5056.jpeg,Mouth Ulcer,Training
E:\Dr. Atef Ismail\Khaled Dental\Paper2\archive (10)\Gingivitis\(1952).jpg,(1952).jpg,Gingivitis,Training
E:\Dr. Atef Ismail\Khaled Dental\Paper2\archive (10)\Caries_Gingivitus\(127).jpg,(127).jpg,Caries-Gingivitis,Training
E:\Dr. Atef Ismail\Khaled Dental\Paper2\archive (10)\Tooth Discoloration\Tooth_Discoloration_0_1894.jpeg,Tooth_Discoloration_0_1894.jpeg,Tooth Discoloration,Training
E:\Dr. Atef Ismail\Khaled Dental\Paper2\archive (10)\Tooth Discoloration\Tooth_Discoloration_0_7055.jpeg,Tooth_Discoloration_0_7055.jpeg,Tooth Discoloration,Training
E:\Dr. Atef Ismail\Khaled Dental\Paper2\archive (10)\Gingivitis\(276).jpg,(276).jpg,Gingivitis,Training
E:\Dr. Atef Ismail\Khaled Dental\Paper2\archive (10)\Mouth Ulcer\Mouth_Ulcer_0_9451.jpeg,Mouth_Ulcer_0_9451.jpeg,Mouth Ulcer,Training
E:\Dr. Atef Ismail\Khaled Dental\Paper2\archive (10)\hypodontia\(19).JPG,(19).JPG,Hypodontia,Training
E:\Dr. Atef Ismail\Khaled Dental\Paper2\archive (10)\Mouth Ulcer\Mouth_Ulcer_0_8746.jpeg,Mouth_Ulcer_0_8746.jpeg,Mouth Ulcer,Training
E:\Dr. Atef Ismail\Khaled Dental\Paper2\archive (10)\Mouth Ulcer\Mouth_Ulcer_0_82.jpeg,Mouth_Ulcer_0_82.jpeg,Mouth Ulcer,Training
E:\Dr. Atef Ismail\Khaled Dental\Paper2\archive (10)\Tooth Discoloration\Tooth_Discoloration_0_418.jpeg,Tooth_Discoloration_0_418.jpeg,Tooth Discoloration,Training
E:\Dr. Atef Ismail\Khaled Dental\Paper2\archive (10)\Mouth Ulcer\Mouth_Ulcer_0_6973.jpeg,Mouth_Ulcer_0_6973.jpeg,Mouth Ulcer,Training
E:\Dr. Atef Ismail\Khaled Dental\Paper2\archive (10)\Mouth Ulcer\Mouth_Ulcer_0_5375.jpeg,Mouth_Ulcer_0_5375.jpeg,Mouth Ulcer,Training
E:\Dr. Atef Ismail\Khaled Dental\Paper2\archive (10)\Caries_Gingivitus\337.jpg,337.jpg,Caries-Gingivitis,Training
E:\Dr. Atef Ismail\Khaled Dental\Paper2\archive (10)\Caries_Gingivitus\caries_0_4801.jpeg,caries_0_4801.jpeg,Caries-Gingivitis,Training
E:\Dr. Atef Ismail\Khaled Dental\Paper2\archive (10)\Gingivitis\(1618).jpg,(1618).jpg,Gingivitis,Training
E:\Dr. Atef Ismail\Khaled Dental\Paper2\archive (10)\Caries_Gingivitus\(144).jpg,(144).jpg,Caries-Gingivitis,Training
E:\Dr. Atef Ismail\Khaled Dental\Paper2\archive (10)\Tooth Discoloration\Tooth_Discoloration_0_1547.jpeg,Tooth_Discoloration_0_1547.jpeg,Tooth Discoloration,Training
E:\Dr. Atef Ismail\Khaled Dental\Paper2\archive (10)\Tooth Discoloration\Tooth_Discoloration_0_4552.jpeg,Tooth_Discoloration_0_4552.jpeg,Tooth Discoloration,Training
E:\Dr. Atef Ismail\Khaled Dental\Paper2\archive (10)\hypodontia\(817).jpg,(817).jpg,Hypodontia,Training
E:\Dr. Atef Ismail\Khaled Dental\Paper2\archive (10)\Tooth Discoloration\Tooth_Discoloration_0_7086.jpeg,Tooth_Discoloration_0_7086.jpeg,Tooth Discoloration,Training
E:\Dr. Atef Ismail\Khaled Dental\Paper2\archive (10)\hypodontia\(532).JPG,(532).JPG,Hypodontia,Training
E:\Dr. Atef Ismail\Khaled Dental\Paper2\archive (10)\Caries_Gingivitus\379.jpg,379.jpg,Caries-Gingivitis,Training
E:\Dr. Atef Ismail\Khaled Dental\Paper2\archive (10)\Mouth Ulcer\Mouth_Ulcer_0_8676.jpeg,Mouth_Ulcer_0_8676.jpeg,Mouth Ulcer,Training
E:\Dr. Atef Ismail\Khaled Dental\Paper2\archive (10)\hypodontia\(847).JPG,(847).JPG,Hypodontia,Training
E:\Dr. Atef Ismail\Khaled Dental\Paper2\archive (10)\Calculus\(603).jpg,(603).jpg,Calculus,Training
E:\Dr. Atef Ismail\Khaled Dental\Paper2\archive (10)\Mouth Ulcer\Mouth_Ulcer_0_9735.jpeg,Mouth_Ulcer_0_9735.jpeg,Mouth Ulcer,Training
E:\Dr. Atef Ismail\Khaled Dental\Paper2\archive (10)\Mouth Ulcer\Mouth_Ulcer_0_828.jpeg,Mouth_Ulcer_0_828.jpeg,Mouth Ulcer,Training
E:\Dr. Atef Ismail\Khaled Dental\Paper2\archive (10)\Gingivitis\(112).jpg,(112).jpg,Gingivitis,Training
E:\Dr. Atef Ismail\Khaled Dental\Paper2\archive (10)\Gingivitis\(1169).jpg,(1169).jpg,Gingivitis,Training
E:\Dr. Atef Ismail\Khaled Dental\Paper2\archive (10)\Tooth Discoloration\Tooth_Discoloration_0_3393.jpeg,Tooth_Discoloration_0_3393.jpeg,Tooth Discoloration,Training
E:\Dr. Atef Ismail\Khaled Dental\Paper2\archive (10)\Mouth Ulcer\Mouth_Ulcer_0_9283.jpeg,Mouth_Ulcer_0_9283.jpeg,Mouth Ulcer,Training
E:\Dr. Atef Ismail\Khaled Dental\Paper2\archive (10)\Mouth Ulcer\Mouth_Ulcer_0_7428.jpeg,Mouth_Ulcer_0_7428.jpeg,Mouth Ulcer,Training
E:\Dr. Atef Ismail\Khaled Dental\Paper2\archive (10)\Mouth Ulcer\Mouth_Ulcer_0_7659.jpeg,Mouth_Ulcer_0_7659.jpeg,Mouth Ulcer,Training
E:\Dr. Atef Ismail\Khaled Dental\Paper2\archive (10)\Gingivitis\(152).jpg,(152).jpg,Gingivitis,Training
E:\Dr. Atef Ismail\Khaled Dental\Paper2\archive (10)\Calculus\(1213).jpg,(1213).jpg,Calculus,Training
E:\Dr. Atef Ismail\Khaled Dental\Paper2\archive (10)\Calculus\(868).jpg,(868).jpg,Calculus,Training
E:\Dr. Atef Ismail\Khaled Dental\Paper2\archive (10)\Gingivitis\(560).jpg,(560).jpg,Gingivitis,Training
E:\Dr. Atef Ismail\Khaled Dental\Paper2\archive (10)\Mouth Ulcer\Mouth_Ulcer_0_8487.jpeg,Mouth_Ulcer_0_8487.jpeg,Mouth Ulcer,Training
E:\Dr. Atef Ismail\Khaled Dental\Paper2\archive (10)\Gingivitis\(990).jpg,(990).jpg,Gingivitis,Training
E:\Dr. Atef Ismail\Khaled Dental\Paper2\archive (10)\Tooth Discoloration\Tooth_Discoloration_0_2162.jpeg,Tooth_Discoloration_0_2162.jpeg,Tooth Discoloration,Training
E:\Dr. Atef Ismail\Khaled Dental\Paper2\archive (10)\Caries_Gingivitus\caries_0_4248.jpeg,caries_0_4248.jpeg,Caries-Gingivitis,Training
E:\Dr. Atef Ismail\Khaled Dental\Paper2\archive (10)\Tooth Discoloration\Tooth_Discoloration_0_2092.jpeg,Tooth_Discoloration_0_2092.jpeg,Tooth Discoloration,Training
E:\Dr. Atef Ismail\Khaled Dental\Paper2\archive (10)\Tooth Discoloration\Tooth_Discoloration_0_2711.jpeg,Tooth_Discoloration_0_2711.jpeg,Tooth Discoloration,Training
E:\Dr. Atef Ismail\Khaled Dental\Paper2\archive (10)\Tooth Discoloration\Tooth_Discoloration_0_3710.jpeg,Tooth_Discoloration_0_3710.jpeg,Tooth Discoloration,Training
E:\Dr. Atef Ismail\Khaled Dental\Paper2\archive (10)\Mouth Ulcer\Mouth_Ulcer_0_3569.jpeg,Mouth_Ulcer_0_3569.jpeg,Mouth Ulcer,Training
E:\Dr. Atef Ismail\Khaled Dental\Paper2\archive (10)\Gingivitis\(2092).jpg,(2092).jpg,Gingivitis,Training
E:\Dr. Atef Ismail\Khaled Dental\Paper2\archive (10)\hypodontia\(1199).jpg,(1199).jpg,Hypodontia,Training
E:\Dr. Atef Ismail\Khaled Dental\Paper2\archive (10)\Calculus\(915).jpg,(915).jpg,Calculus,Training
E:\Dr. Atef Ismail\Khaled Dental\Paper2\archive (10)\hypodontia\(178).JPG,(178).JPG,Hypodontia,Training
E:\Dr. Atef Ismail\Khaled Dental\Paper2\archive (10)\Calculus\(1092).jpg,(1092).jpg,Calculus,Training
E:\Dr. Atef Ismail\Khaled Dental\Paper2\archive (10)\Gingivitis\(1132).jpg,(1132).jpg,Gingivitis,Training
E:\Dr. Atef Ismail\Khaled Dental\Paper2\archive (10)\Gingivitis\(1405).jpg,(1405).jpg,Gingivitis,Training
E:\Dr. Atef Ismail\Khaled Dental\Paper2\archive (10)\Tooth Discoloration\Tooth_Discoloration_0_8855.jpeg,Tooth_Discoloration_0_8855.jpeg,Tooth Discoloration,Training
E:\Dr. Atef Ismail\Khaled Dental\Paper2\archive (10)\Tooth Discoloration\Tooth_Discoloration_0_4877.jpeg,Tooth_Discoloration_0_4877.jpeg,Tooth Discoloration,Training
E:\Dr. Atef Ismail\Khaled Dental\Paper2\archive (10)\Mouth Ulcer\Mouth_Ulcer_0_110.jpeg,Mouth_Ulcer_0_110.jpeg,Mouth Ulcer,Training
E:\Dr. Atef Ismail\Khaled Dental\Paper2\archive (10)\Gingivitis\(1107).jpg,(1107).jpg,Gingivitis,Training
E:\Dr. Atef Ismail\Khaled Dental\Paper2\archive (10)\Caries_Gingivitus\298.jpg,298.jpg,Caries-Gingivitis,Training
E:\Dr. Atef Ismail\Khaled Dental\Paper2\archive (10)\Caries_Gingivitus\caries_0_3302.jpeg,caries_0_3302.jpeg,Caries-Gingivitis,Training
E:\Dr. Atef Ismail\Khaled Dental\Paper2\archive (10)\Mouth Ulcer\Mouth_Ulcer_0_4945.jpeg,Mouth_Ulcer_0_4945.jpeg,Mouth Ulcer,Training
E:\Dr. Atef Ismail\Khaled Dental\Paper2\archive (10)\Caries_Gingivitus\(101).jpg,(101).jpg,Caries-Gingivitis,Training
E:\Dr. Atef Ismail\Khaled Dental\Paper2\archive (10)\Mouth Ulcer\Mouth_Ulcer_0_4041.jpeg,Mouth_Ulcer_0_4041.jpeg,Mouth Ulcer,Training
E:\Dr. Atef Ismail\Khaled Dental\Paper2\archive (10)\hypodontia\(804).jpg,(804).jpg,Hypodontia,Training
E:\Dr. Atef Ismail\Khaled Dental\Paper2\archive (10)\Mouth Ulcer\Mouth_Ulcer_0_4674.jpeg,Mouth_Ulcer_0_4674.jpeg,Mouth Ulcer,Training
E:\Dr. Atef Ismail\Khaled Dental\Paper2\archive (10)\Gingivitis\(1958).jpg,(1958).jpg,Gingivitis,Training
E:\Dr. Atef Ismail\Khaled Dental\Paper2\archive (10)\Gingivitis\(54).jpg,(54).jpg,Gingivitis,Training
E:\Dr. Atef Ismail\Khaled Dental\Paper2\archive (10)\Caries_Gingivitus\92.jpg,92.jpg,Caries-Gingivitis,Training
E:\Dr. Atef Ismail\Khaled Dental\Paper2\archive (10)\Caries_Gingivitus\89.jpg,89.jpg,Caries-Gingivitis,Training
E:\Dr. Atef Ismail\Khaled Dental\Paper2\archive (10)\Mouth Ulcer\Mouth_Ulcer_0_2747.jpeg,Mouth_Ulcer_0_2747.jpeg,Mouth Ulcer,Training
E:\Dr. Atef Ismail\Khaled Dental\Paper2\archive (10)\hypodontia\(165).JPG,(165).JPG,Hypodontia,Training
E:\Dr. Atef Ismail\Khaled Dental\Paper2\archive (10)\Gingivitis\(783).jpg,(783).jpg,Gingivitis,Training
E:\Dr. Atef Ismail\Khaled Dental\Paper2\archive (10)\Tooth Discoloration\Tooth_Discoloration_0_1838.jpeg,Tooth_Discoloration_0_1838.jpeg,Tooth Discoloration,Training
E:\Dr. Atef Ismail\Khaled Dental\Paper2\archive (10)\Gingivitis\(1505).jpg,(1505).jpg,Gingivitis,Training
E:\Dr. Atef Ismail\Khaled Dental\Paper2\archive (10)\Gingivitis\(1210).jpg,(1210).jpg,Gingivitis,Training
E:\Dr. Atef Ismail\Khaled Dental\Paper2\archive (10)\Tooth Discoloration\Tooth_Discoloration_0_6457.jpeg,Tooth_Discoloration_0_6457.jpeg,Tooth Discoloration,Training
E:\Dr. Atef Ismail\Khaled Dental\Paper2\archive (10)\Calculus\(854).jpg,(854).jpg,Calculus,Training
E:\Dr. Atef Ismail\Khaled Dental\Paper2\archive (10)\Mouth Ulcer\Mouth_Ulcer_0_1538.jpeg,Mouth_Ulcer_0_1538.jpeg,Mouth Ulcer,Training
E:\Dr. Atef Ismail\Khaled Dental\Paper2\archive (10)\Caries_Gingivitus\608.jpg,608.jpg,Caries-Gingivitis,Training
E:\Dr. Atef Ismail\Khaled Dental\Paper2\archive (10)\Mouth Ulcer\Mouth_Ulcer_0_9903.jpeg,Mouth_Ulcer_0_9903.jpeg,Mouth Ulcer,Training
E:\Dr. Atef Ismail\Khaled Dental\Paper2\archive (10)\Calculus\(1057).jpg,(1057).jpg,Calculus,Training
E:\Dr. Atef Ismail\Khaled Dental\Paper2\archive (10)\Mouth Ulcer\Mouth_Ulcer_0_8702.jpeg,Mouth_Ulcer_0_8702.jpeg,Mouth Ulcer,Training
E:\Dr. Atef Ismail\Khaled Dental\Paper2\archive (10)\Caries_Gingivitus\caries_0_5063.jpeg,caries_0_5063.jpeg,Caries-Gingivitis,Training
E:\Dr. Atef Ismail\Khaled Dental\Paper2\archive (10)\Calculus\(807).jpg,(807).jpg,Calculus,Training
E:\Dr. Atef Ismail\Khaled Dental\Paper2\archive (10)\Gingivitis\(1529).jpg,(1529).jpg,Gingivitis,Training
E:\Dr. Atef Ismail\Khaled Dental\Paper2\archive (10)\Calculus\(286).jpg,(286).jpg,Calculus,Training
E:\Dr. Atef Ismail\Khaled Dental\Paper2\archive (10)\Mouth Ulcer\Mouth_Ulcer_0_5724.jpeg,Mouth_Ulcer_0_5724.jpeg,Mouth Ulcer,Training
E:\Dr. Atef Ismail\Khaled Dental\Paper2\archive (10)\Caries_Gingivitus\295.jpg,295.jpg,Caries-Gingivitis,Training
E:\Dr. Atef Ismail\Khaled Dental\Paper2\archive (10)\Mouth Ulcer\Mouth_Ulcer_0_8080.jpeg,Mouth_Ulcer_0_8080.jpeg,Mouth Ulcer,Training
E:\Dr. Atef Ismail\Khaled Dental\Paper2\archive (10)\hypodontia\(912).JPG,(912).JPG,Hypodontia,Training
E:\Dr. Atef Ismail\Khaled Dental\Paper2\archive (10)\Gingivitis\(1081).jpg,(1081).jpg,Gingivitis,Training
E:\Dr. Atef Ismail\Khaled Dental\Paper2\archive (10)\Gingivitis\(148).jpg,(148).jpg,Gingivitis,Training
E:\Dr. Atef Ismail\Khaled Dental\Paper2\archive (10)\Gingivitis\(1650).jpg,(1650).jpg,Gingivitis,Training
E:\Dr. Atef Ismail\Khaled Dental\Paper2\archive (10)\Gingivitis\(1986).jpg,(1986).jpg,Gingivitis,Training
E:\Dr. Atef Ismail\Khaled Dental\Paper2\archive (10)\hypodontia\(411).jpg,(411).jpg,Hypodontia,Training
E:\Dr. Atef Ismail\Khaled Dental\Paper2\archive (10)\Mouth Ulcer\Mouth_Ulcer_0_2691.jpeg,Mouth_Ulcer_0_2691.jpeg,Mouth Ulcer,Training
E:\Dr. Atef Ismail\Khaled Dental\Paper2\archive (10)\Gingivitis\(619).jpg,(619).jpg,Gingivitis,Training
E:\Dr. Atef Ismail\Khaled Dental\Paper2\archive (10)\Mouth Ulcer\Mouth_Ulcer_0_2215.jpeg,Mouth_Ulcer_0_2215.jpeg,Mouth Ulcer,Training
E:\Dr. Atef Ismail\Khaled Dental\Paper2\archive (10)\Caries_Gingivitus\633.jpg,633.jpg,Caries-Gingivitis,Training
E:\Dr. Atef Ismail\Khaled Dental\Paper2\archive (10)\Mouth Ulcer\Mouth_Ulcer_0_8602.jpeg,Mouth_Ulcer_0_8602.jpeg,Mouth Ulcer,Training
E:\Dr. Atef Ismail\Khaled Dental\Paper2\archive (10)\Caries_Gingivitus\(152).jpg,(152).jpg,Caries-Gingivitis,Training
E:\Dr. Atef Ismail\Khaled Dental\Paper2\archive (10)\Gingivitis\(154).jpg,(154).jpg,Gingivitis,Training
E:\Dr. Atef Ismail\Khaled Dental\Paper2\archive (10)\Caries_Gingivitus\408.jpg,408.jpg,Caries-Gingivitis,Training
E:\Dr. Atef Ismail\Khaled Dental\Paper2\archive (10)\Calculus\(477).jpg,(477).jpg,Calculus,Training
E:\Dr. Atef Ismail\Khaled Dental\Paper2\archive (10)\Gingivitis\(1212).jpg,(1212).jpg,Gingivitis,Training
E:\Dr. Atef Ismail\Khaled Dental\Paper2\archive (10)\Mouth Ulcer\Mouth_Ulcer_0_3550.jpeg,Mouth_Ulcer_0_3550.jpeg,Mouth Ulcer,Training
E:\Dr. Atef Ismail\Khaled Dental\Paper2\archive (10)\Tooth Discoloration\Tooth_Discoloration_0_8515.jpeg,Tooth_Discoloration_0_8515.jpeg,Tooth Discoloration,Training
E:\Dr. Atef Ismail\Khaled Dental\Paper2\archive (10)\Mouth Ulcer\Mouth_Ulcer_0_5331.jpeg,Mouth_Ulcer_0_5331.jpeg,Mouth Ulcer,Training
E:\Dr. Atef Ismail\Khaled Dental\Paper2\archive (10)\Tooth Discoloration\Tooth_Discoloration_0_3750.jpeg,Tooth_Discoloration_0_3750.jpeg,Tooth Discoloration,Training
E:\Dr. Atef Ismail\Khaled Dental\Paper2\archive (10)\Gingivitis\(2205).jpg,(2205).jpg,Gingivitis,Training
E:\Dr. Atef Ismail\Khaled Dental\Paper2\archive (10)\Tooth Discoloration\Tooth_Discoloration_0_2417.jpeg,Tooth_Discoloration_0_2417.jpeg,Tooth Discoloration,Training
E:\Dr. Atef Ismail\Khaled Dental\Paper2\archive (10)\Gingivitis\(1248).jpg,(1248).jpg,Gingivitis,Training
E:\Dr. Atef Ismail\Khaled Dental\Paper2\archive (10)\Caries_Gingivitus\caries_0_3701.jpeg,caries_0_3701.jpeg,Caries-Gingivitis,Training
E:\Dr. Atef Ismail\Khaled Dental\Paper2\archive (10)\Gingivitis\(1784).jpg,(1784).jpg,Gingivitis,Training
E:\Dr. Atef Ismail\Khaled Dental\Paper2\archive (10)\hypodontia\(763).JPG,(763).JPG,Hypodontia,Training
E:\Dr. Atef Ismail\Khaled Dental\Paper2\archive (10)\Mouth Ulcer\Mouth_Ulcer_0_3820.jpeg,Mouth_Ulcer_0_3820.jpeg,Mouth Ulcer,Training
E:\Dr. Atef Ismail\Khaled Dental\Paper2\archive (10)\Calculus\(752).jpg,(752).jpg,Calculus,Training
E:\Dr. Atef Ismail\Khaled Dental\Paper2\archive (10)\Mouth Ulcer\Mouth_Ulcer_0_8288.jpeg,Mouth_Ulcer_0_8288.jpeg,Mouth Ulcer,Training
E:\Dr. Atef Ismail\Khaled Dental\Paper2\archive (10)\Calculus\(435).jpg,(435).jpg,Calculus,Training
E:\Dr. Atef Ismail\Khaled Dental\Paper2\archive (10)\hypodontia\(478).JPG,(478).JPG,Hypodontia,Training
E:\Dr. Atef Ismail\Khaled Dental\Paper2\archive (10)\Tooth Discoloration\Tooth_Discoloration_0_7923.jpeg,Tooth_Discoloration_0_7923.jpeg,Tooth Discoloration,Training
E:\Dr. Atef Ismail\Khaled Dental\Paper2\archive (10)\Mouth Ulcer\Mouth_Ulcer_0_3478.jpeg,Mouth_Ulcer_0_3478.jpeg,Mouth Ulcer,Training
E:\Dr. Atef Ismail\Khaled Dental\Paper2\archive (10)\Gingivitis\(2140).jpg,(2140).jpg,Gingivitis,Training
E:\Dr. Atef Ismail\Khaled Dental\Paper2\archive (10)\Gingivitis\(2027).jpg,(2027).jpg,Gingivitis,Training
E:\Dr. Atef Ismail\Khaled Dental\Paper2\archive (10)\Calculus\(1081).jpg,(1081).jpg,Calculus,Training
E:\Dr. Atef Ismail\Khaled Dental\Paper2\archive (10)\Caries_Gingivitus\(72).jpg,(72).jpg,Caries-Gingivitis,Training
E:\Dr. Atef Ismail\Khaled Dental\Paper2\archive (10)\Gingivitis\(380).jpg,(380).jpg,Gingivitis,Training
E:\Dr. Atef Ismail\Khaled Dental\Paper2\archive (10)\Gingivitis\(767).jpg,(767).jpg,Gingivitis,Training
E:\Dr. Atef Ismail\Khaled Dental\Paper2\archive (10)\Gingivitis\(1301).jpg,(1301).jpg,Gingivitis,Training
E:\Dr. Atef Ismail\Khaled Dental\Paper2\archive (10)\Calculus\(512).jpg,(512).jpg,Calculus,Training
E:\Dr. Atef Ismail\Khaled Dental\Paper2\archive (10)\Gingivitis\(1620).jpg,(1620).jpg,Gingivitis,Training
E:\Dr. Atef Ismail\Khaled Dental\Paper2\archive (10)\Caries_Gingivitus\caries_0_3618.jpeg,caries_0_3618.jpeg,Caries-Gingivitis,Training
E:\Dr. Atef Ismail\Khaled Dental\Paper2\archive (10)\Tooth Discoloration\Tooth_Discoloration_0_2380.jpeg,Tooth_Discoloration_0_2380.jpeg,Tooth Discoloration,Training
E:\Dr. Atef Ismail\Khaled Dental\Paper2\archive (10)\Caries_Gingivitus\549.jpg,549.jpg,Caries-Gingivitis,Training
E:\Dr. Atef Ismail\Khaled Dental\Paper2\archive (10)\Mouth Ulcer\Mouth_Ulcer_0_6864.jpeg,Mouth_Ulcer_0_6864.jpeg,Mouth Ulcer,Training
E:\Dr. Atef Ismail\Khaled Dental\Paper2\archive (10)\Gingivitis\(588).jpg,(588).jpg,Gingivitis,Training
E:\Dr. Atef Ismail\Khaled Dental\Paper2\archive (10)\Mouth Ulcer\Mouth_Ulcer_0_5317.jpeg,Mouth_Ulcer_0_5317.jpeg,Mouth Ulcer,Training
E:\Dr. Atef Ismail\Khaled Dental\Paper2\archive (10)\hypodontia\(454).JPG,(454).JPG,Hypodontia,Training
E:\Dr. Atef Ismail\Khaled Dental\Paper2\archive (10)\Mouth Ulcer\Mouth_Ulcer_0_7691.jpeg,Mouth_Ulcer_0_7691.jpeg,Mouth Ulcer,Training
E:\Dr. Atef Ismail\Khaled Dental\Paper2\archive (10)\Caries_Gingivitus\(73).jpg,(73).jpg,Caries-Gingivitis,Training
E:\Dr. Atef Ismail\Khaled Dental\Paper2\archive (10)\Tooth Discoloration\Tooth_Discoloration_0_4171.jpeg,Tooth_Discoloration_0_4171.jpeg,Tooth Discoloration,Training
E:\Dr. Atef Ismail\Khaled Dental\Paper2\archive (10)\hypodontia\(182).JPG,(182).JPG,Hypodontia,Training
E:\Dr. Atef Ismail\Khaled Dental\Paper2\archive (10)\Mouth Ulcer\Mouth_Ulcer_0_2155.jpeg,Mouth_Ulcer_0_2155.jpeg,Mouth Ulcer,Training
E:\Dr. Atef Ismail\Khaled Dental\Paper2\archive (10)\hypodontia\(1111).JPG,(1111).JPG,Hypodontia,Training
E:\Dr. Atef Ismail\Khaled Dental\Paper2\archive (10)\Calculus\(722).jpg,(722).jpg,Calculus,Training
E:\Dr. Atef Ismail\Khaled Dental\Paper2\archive (10)\Calculus\(155).jpg,(155).jpg,Calculus,Training
E:\Dr. Atef Ismail\Khaled Dental\Paper2\archive (10)\hypodontia\(741).JPG,(741).JPG,Hypodontia,Training
E:\Dr. Atef Ismail\Khaled Dental\Paper2\archive (10)\Gingivitis\(196).jpg,(196).jpg,Gingivitis,Training
E:\Dr. Atef Ismail\Khaled Dental\Paper2\archive (10)\Gingivitis\(582).jpg,(582).jpg,Gingivitis,Training
E:\Dr. Atef Ismail\Khaled Dental\Paper2\archive (10)\Mouth Ulcer\Mouth_Ulcer_0_4143.jpeg,Mouth_Ulcer_0_4143.jpeg,Mouth Ulcer,Training
E:\Dr. Atef Ismail\Khaled Dental\Paper2\archive (10)\Gingivitis\(17).jpg,(17).jpg,Gingivitis,Training
E:\Dr. Atef Ismail\Khaled Dental\Paper2\archive (10)\Gingivitis\(1185).jpg,(1185).jpg,Gingivitis,Training
E:\Dr. Atef Ismail\Khaled Dental\Paper2\archive (10)\Gingivitis\(1176).jpg,(1176).jpg,Gingivitis,Training
E:\Dr. Atef Ismail\Khaled Dental\Paper2\archive (10)\Gingivitis\(981).jpg,(981).jpg,Gingivitis,Training
E:\Dr. Atef Ismail\Khaled Dental\Paper2\archive (10)\Caries_Gingivitus\471.jpg,471.jpg,Caries-Gingivitis,Training
E:\Dr. Atef Ismail\Khaled Dental\Paper2\archive (10)\hypodontia\(487).jpg,(487).jpg,Hypodontia,Training
E:\Dr. Atef Ismail\Khaled Dental\Paper2\archive (10)\Mouth Ulcer\Mouth_Ulcer_0_9521.jpeg,Mouth_Ulcer_0_9521.jpeg,Mouth Ulcer,Training
E:\Dr. Atef Ismail\Khaled Dental\Paper2\archive (10)\Tooth Discoloration\Tooth_Discoloration_0_3046.jpeg,Tooth_Discoloration_0_3046.jpeg,Tooth Discoloration,Training
E:\Dr. Atef Ismail\Khaled Dental\Paper2\archive (10)\Gingivitis\(1044).jpg,(1044).jpg,Gingivitis,Training
E:\Dr. Atef Ismail\Khaled Dental\Paper2\archive (10)\hypodontia\(294).JPG,(294).JPG,Hypodontia,Training
E:\Dr. Atef Ismail\Khaled Dental\Paper2\archive (10)\Caries_Gingivitus\475.jpg,475.jpg,Caries-Gingivitis,Training
E:\Dr. Atef Ismail\Khaled Dental\Paper2\archive (10)\Tooth Discoloration\Tooth_Discoloration_0_4774.jpeg,Tooth_Discoloration_0_4774.jpeg,Tooth Discoloration,Training
E:\Dr. Atef Ismail\Khaled Dental\Paper2\archive (10)\Calculus\(362).jpg,(362).jpg,Calculus,Training
E:\Dr. Atef Ismail\Khaled Dental\Paper2\archive (10)\Gingivitis\(1180).jpg,(1180).jpg,Gingivitis,Training
E:\Dr. Atef Ismail\Khaled Dental\Paper2\archive (10)\Caries_Gingivitus\(33).jpg,(33).jpg,Caries-Gingivitis,Training
E:\Dr. Atef Ismail\Khaled Dental\Paper2\archive (10)\Tooth Discoloration\Tooth_Discoloration_0_1507.jpeg,Tooth_Discoloration_0_1507.jpeg,Tooth Discoloration,Training
E:\Dr. Atef Ismail\Khaled Dental\Paper2\archive (10)\Tooth Discoloration\Tooth_Discoloration_0_3980.jpeg,Tooth_Discoloration_0_3980.jpeg,Tooth Discoloration,Training
E:\Dr. Atef Ismail\Khaled Dental\Paper2\archive (10)\hypodontia\(53).JPG,(53).JPG,Hypodontia,Training
E:\Dr. Atef Ismail\Khaled Dental\Paper2\archive (10)\Calculus\(861).jpg,(861).jpg,Calculus,Training
E:\Dr. Atef Ismail\Khaled Dental\Paper2\archive (10)\Mouth Ulcer\Mouth_Ulcer_0_5275.jpeg,Mouth_Ulcer_0_5275.jpeg,Mouth Ulcer,Training
E:\Dr. Atef Ismail\Khaled Dental\Paper2\archive (10)\Mouth Ulcer\Mouth_Ulcer_0_156.jpeg,Mouth_Ulcer_0_156.jpeg,Mouth Ulcer,Training
E:\Dr. Atef Ismail\Khaled Dental\Paper2\archive (10)\hypodontia\(1118).JPG,(1118).JPG,Hypodontia,Training
E:\Dr. Atef Ismail\Khaled Dental\Paper2\archive (10)\hypodontia\(1190).JPG,(1190).JPG,Hypodontia,Training
E:\Dr. Atef Ismail\Khaled Dental\Paper2\archive (10)\Caries_Gingivitus\37.jpg,37.jpg,Caries-Gingivitis,Training
E:\Dr. Atef Ismail\Khaled Dental\Paper2\archive (10)\Caries_Gingivitus\caries_0_5120.jpeg,caries_0_5120.jpeg,Caries-Gingivitis,Training
E:\Dr. Atef Ismail\Khaled Dental\Paper2\archive (10)\Calculus\(156).jpg,(156).jpg,Calculus,Training
E:\Dr. Atef Ismail\Khaled Dental\Paper2\archive (10)\Gingivitis\(223).JPG,(223).JPG,Gingivitis,Training
E:\Dr. Atef Ismail\Khaled Dental\Paper2\archive (10)\Gingivitis\(1848).jpg,(1848).jpg,Gingivitis,Training
E:\Dr. Atef Ismail\Khaled Dental\Paper2\archive (10)\Gingivitis\(77).jpg,(77).jpg,Gingivitis,Training
E:\Dr. Atef Ismail\Khaled Dental\Paper2\archive (10)\Tooth Discoloration\Tooth_Discoloration_0_4187.jpeg,Tooth_Discoloration_0_4187.jpeg,Tooth Discoloration,Training
E:\Dr. Atef Ismail\Khaled Dental\Paper2\archive (10)\Gingivitis\(1981).jpg,(1981).jpg,Gingivitis,Training
E:\Dr. Atef Ismail\Khaled Dental\Paper2\archive (10)\Gingivitis\(618).jpg,(618).jpg,Gingivitis,Training
E:\Dr. Atef Ismail\Khaled Dental\Paper2\archive (10)\Mouth Ulcer\Mouth_Ulcer_0_6276.jpeg,Mouth_Ulcer_0_6276.jpeg,Mouth Ulcer,Training
E:\Dr. Atef Ismail\Khaled Dental\Paper2\archive (10)\hypodontia\(961).jpg,(961).jpg,Hypodontia,Training
E:\Dr. Atef Ismail\Khaled Dental\Paper2\archive (10)\Caries_Gingivitus\caries_0_5211.jpeg,caries_0_5211.jpeg,Caries-Gingivitis,Training
E:\Dr. Atef Ismail\Khaled Dental\Paper2\archive (10)\Caries_Gingivitus\(26).jpg,(26).jpg,Caries-Gingivitis,Training
E:\Dr. Atef Ismail\Khaled Dental\Paper2\archive (10)\Caries_Gingivitus\(114).jpg,(114).jpg,Caries-Gingivitis,Training
E:\Dr. Atef Ismail\Khaled Dental\Paper2\archive (10)\Calculus\(269).jpg,(269).jpg,Calculus,Training
E:\Dr. Atef Ismail\Khaled Dental\Paper2\archive (10)\Gingivitis\(1087).jpg,(1087).jpg,Gingivitis,Training
E:\Dr. Atef Ismail\Khaled Dental\Paper2\archive (10)\Caries_Gingivitus\caries_0_228.jpeg,caries_0_228.jpeg,Caries-Gingivitis,Training
E:\Dr. Atef Ismail\Khaled Dental\Paper2\archive (10)\Calculus\(1047).jpg,(1047).jpg,Calculus,Training
E:\Dr. Atef Ismail\Khaled Dental\Paper2\archive (10)\Mouth Ulcer\Mouth_Ulcer_0_6011.jpeg,Mouth_Ulcer_0_6011.jpeg,Mouth Ulcer,Training
E:\Dr. Atef Ismail\Khaled Dental\Paper2\archive (10)\Gingivitis\(1971).jpg,(1971).jpg,Gingivitis,Training
E:\Dr. Atef Ismail\Khaled Dental\Paper2\archive (10)\Calculus\(813).jpg,(813).jpg,Calculus,Training
E:\Dr. Atef Ismail\Khaled Dental\Paper2\archive (10)\Mouth Ulcer\Mouth_Ulcer_0_7895.jpeg,Mouth_Ulcer_0_7895.jpeg,Mouth Ulcer,Training
E:\Dr. Atef Ismail\Khaled Dental\Paper2\archive (10)\Caries_Gingivitus\caries_0_4303.jpeg,caries_0_4303.jpeg,Caries-Gingivitis,Training
E:\Dr. Atef Ismail\Khaled Dental\Paper2\archive (10)\Gingivitis\(1456).jpg,(1456).jpg,Gingivitis,Training
E:\Dr. Atef Ismail\Khaled Dental\Paper2\archive (10)\Gingivitis\(1354).jpg,(1354).jpg,Gingivitis,Training
E:\Dr. Atef Ismail\Khaled Dental\Paper2\archive (10)\Caries_Gingivitus\79.jpg,79.jpg,Caries-Gingivitis,Training
E:\Dr. Atef Ismail\Khaled Dental\Paper2\archive (10)\Caries_Gingivitus\478.jpg,478.jpg,Caries-Gingivitis,Training
E:\Dr. Atef Ismail\Khaled Dental\Paper2\archive (10)\Mouth Ulcer\Mouth_Ulcer_0_950.jpeg,Mouth_Ulcer_0_950.jpeg,Mouth Ulcer,Training
E:\Dr. Atef Ismail\Khaled Dental\Paper2\archive (10)\hypodontia\(1036).JPG,(1036).JPG,Hypodontia,Training
E:\Dr. Atef Ismail\Khaled Dental\Paper2\archive (10)\Caries_Gingivitus\150.jpg,150.jpg,Caries-Gingivitis,Training
E:\Dr. Atef Ismail\Khaled Dental\Paper2\archive (10)\Caries_Gingivitus\45.jpg,45.jpg,Caries-Gingivitis,Training
E:\Dr. Atef Ismail\Khaled Dental\Paper2\archive (10)\Calculus\(1040).jpg,(1040).jpg,Calculus,Training
E:\Dr. Atef Ismail\Khaled Dental\Paper2\archive (10)\Gingivitis\(127).jpg,(127).jpg,Gingivitis,Training
E:\Dr. Atef Ismail\Khaled Dental\Paper2\archive (10)\Mouth Ulcer\Mouth_Ulcer_0_2844.jpeg,Mouth_Ulcer_0_2844.jpeg,Mouth Ulcer,Training
E:\Dr. Atef Ismail\Khaled Dental\Paper2\archive (10)\Tooth Discoloration\Tooth_Discoloration_0_3693.jpeg,Tooth_Discoloration_0_3693.jpeg,Tooth Discoloration,Training
E:\Dr. Atef Ismail\Khaled Dental\Paper2\archive (10)\Caries_Gingivitus\caries_0_217.jpeg,caries_0_217.jpeg,Caries-Gingivitis,Training
E:\Dr. Atef Ismail\Khaled Dental\Paper2\archive (10)\Tooth Discoloration\Tooth_Discoloration_0_8607.jpeg,Tooth_Discoloration_0_8607.jpeg,Tooth Discoloration,Training
E:\Dr. Atef Ismail\Khaled Dental\Paper2\archive (10)\Gingivitis\(405).jpg,(405).jpg,Gingivitis,Training
E:\Dr. Atef Ismail\Khaled Dental\Paper2\archive (10)\Tooth Discoloration\Tooth_Discoloration_0_6743.jpeg,Tooth_Discoloration_0_6743.jpeg,Tooth Discoloration,Training
E:\Dr. Atef Ismail\Khaled Dental\Paper2\archive (10)\Gingivitis\(218).jpg,(218).jpg,Gingivitis,Training
E:\Dr. Atef Ismail\Khaled Dental\Paper2\archive (10)\Mouth Ulcer\Mouth_Ulcer_0_1073.jpeg,Mouth_Ulcer_0_1073.jpeg,Mouth Ulcer,Training
E:\Dr. Atef Ismail\Khaled Dental\Paper2\archive (10)\Mouth Ulcer\Mouth_Ulcer_0_8309.jpeg,Mouth_Ulcer_0_8309.jpeg,Mouth Ulcer,Training
E:\Dr. Atef Ismail\Khaled Dental\Paper2\archive (10)\Mouth Ulcer\Mouth_Ulcer_0_6224.jpeg,Mouth_Ulcer_0_6224.jpeg,Mouth Ulcer,Training
E:\Dr. Atef Ismail\Khaled Dental\Paper2\archive (10)\Tooth Discoloration\Tooth_Discoloration_0_8118.jpeg,Tooth_Discoloration_0_8118.jpeg,Tooth Discoloration,Training
E:\Dr. Atef Ismail\Khaled Dental\Paper2\archive (10)\Mouth Ulcer\Mouth_Ulcer_0_4718.jpeg,Mouth_Ulcer_0_4718.jpeg,Mouth Ulcer,Training
E:\Dr. Atef Ismail\Khaled Dental\Paper2\archive (10)\Gingivitis\(527).jpg,(527).jpg,Gingivitis,Training
E:\Dr. Atef Ismail\Khaled Dental\Paper2\archive (10)\Mouth Ulcer\Mouth_Ulcer_0_1323.jpeg,Mouth_Ulcer_0_1323.jpeg,Mouth Ulcer,Training
E:\Dr. Atef Ismail\Khaled Dental\Paper2\archive (10)\Mouth Ulcer\Mouth_Ulcer_0_2073.jpeg,Mouth_Ulcer_0_2073.jpeg,Mouth Ulcer,Training
E:\Dr. Atef Ismail\Khaled Dental\Paper2\archive (10)\hypodontia\(443).JPG,(443).JPG,Hypodontia,Training
E:\Dr. Atef Ismail\Khaled Dental\Paper2\archive (10)\Mouth Ulcer\Mouth_Ulcer_0_516.jpeg,Mouth_Ulcer_0_516.jpeg,Mouth Ulcer,Training
E:\Dr. Atef Ismail\Khaled Dental\Paper2\archive (10)\Calculus\(1212).jpg,(1212).jpg,Calculus,Training
E:\Dr. Atef Ismail\Khaled Dental\Paper2\archive (10)\Mouth Ulcer\Mouth_Ulcer_0_6863.jpeg,Mouth_Ulcer_0_6863.jpeg,Mouth Ulcer,Training
E:\Dr. Atef Ismail\Khaled Dental\Paper2\archive (10)\Mouth Ulcer\Mouth_Ulcer_0_8408.jpeg,Mouth_Ulcer_0_8408.jpeg,Mouth Ulcer,Training
E:\Dr. Atef Ismail\Khaled Dental\Paper2\archive (10)\Calculus\(387).jpg,(387).jpg,Calculus,Training
E:\Dr. Atef Ismail\Khaled Dental\Paper2\archive (10)\Mouth Ulcer\Mouth_Ulcer_0_3336.jpeg,Mouth_Ulcer_0_3336.jpeg,Mouth Ulcer,Training
E:\Dr. Atef Ismail\Khaled Dental\Paper2\archive (10)\Tooth Discoloration\Tooth_Discoloration_0_7573.jpeg,Tooth_Discoloration_0_7573.jpeg,Tooth Discoloration,Training
E:\Dr. Atef Ismail\Khaled Dental\Paper2\archive (10)\Caries_Gingivitus\(63).jpg,(63).jpg,Caries-Gingivitis,Training
E:\Dr. Atef Ismail\Khaled Dental\Paper2\archive (10)\Tooth Discoloration\Tooth_Discoloration_0_7100.jpeg,Tooth_Discoloration_0_7100.jpeg,Tooth Discoloration,Training
E:\Dr. Atef Ismail\Khaled Dental\Paper2\archive (10)\Mouth Ulcer\Mouth_Ulcer_0_664.jpeg,Mouth_Ulcer_0_664.jpeg,Mouth Ulcer,Training
E:\Dr. Atef Ismail\Khaled Dental\Paper2\archive (10)\Calculus\(197).jpg,(197).jpg,Calculus,Training
E:\Dr. Atef Ismail\Khaled Dental\Paper2\archive (10)\Caries_Gingivitus\30.jpg,30.jpg,Caries-Gingivitis,Training
E:\Dr. Atef Ismail\Khaled Dental\Paper2\archive (10)\Calculus\(491).jpg,(491).jpg,Calculus,Training
E:\Dr. Atef Ismail\Khaled Dental\Paper2\archive (10)\hypodontia\(681).jpg,(681).jpg,Hypodontia,Training
E:\Dr. Atef Ismail\Khaled Dental\Paper2\archive (10)\Gingivitis\(1984).jpg,(1984).jpg,Gingivitis,Training
E:\Dr. Atef Ismail\Khaled Dental\Paper2\archive (10)\Gingivitis\(992).jpg,(992).jpg,Gingivitis,Training
E:\Dr. Atef Ismail\Khaled Dental\Paper2\archive (10)\Caries_Gingivitus\307.jpg,307.jpg,Caries-Gingivitis,Training
E:\Dr. Atef Ismail\Khaled Dental\Paper2\archive (10)\Calculus\(265).jpg,(265).jpg,Calculus,Training
E:\Dr. Atef Ismail\Khaled Dental\Paper2\archive (10)\Tooth Discoloration\Tooth_Discoloration_0_4496.jpeg,Tooth_Discoloration_0_4496.jpeg,Tooth Discoloration,Training
E:\Dr. Atef Ismail\Khaled Dental\Paper2\archive (10)\Mouth Ulcer\Mouth_Ulcer_0_1222.jpeg,Mouth_Ulcer_0_1222.jpeg,Mouth Ulcer,Training
E:\Dr. Atef Ismail\Khaled Dental\Paper2\archive (10)\Calculus\(356).jpg,(356).jpg,Calculus,Training
E:\Dr. Atef Ismail\Khaled Dental\Paper2\archive (10)\Gingivitis\(1699).jpg,(1699).jpg,Gingivitis,Training
E:\Dr. Atef Ismail\Khaled Dental\Paper2\archive (10)\Mouth Ulcer\Mouth_Ulcer_0_9361.jpeg,Mouth_Ulcer_0_9361.jpeg,Mouth Ulcer,Training
E:\Dr. Atef Ismail\Khaled Dental\Paper2\archive (10)\Tooth Discoloration\Tooth_Discoloration_0_1340.jpeg,Tooth_Discoloration_0_1340.jpeg,Tooth Discoloration,Training
E:\Dr. Atef Ismail\Khaled Dental\Paper2\archive (10)\hypodontia\(442).JPG,(442).JPG,Hypodontia,Training
E:\Dr. Atef Ismail\Khaled Dental\Paper2\archive (10)\hypodontia\(227).JPG,(227).JPG,Hypodontia,Training
E:\Dr. Atef Ismail\Khaled Dental\Paper2\archive (10)\Mouth Ulcer\Mouth_Ulcer_0_3628.jpeg,Mouth_Ulcer_0_3628.jpeg,Mouth Ulcer,Training
E:\Dr. Atef Ismail\Khaled Dental\Paper2\archive (10)\hypodontia\(1026).JPG,(1026).JPG,Hypodontia,Training
E:\Dr. Atef Ismail\Khaled Dental\Paper2\archive (10)\Calculus\(212).jpg,(212).jpg,Calculus,Training
E:\Dr. Atef Ismail\Khaled Dental\Paper2\archive (10)\hypodontia\(284).JPG,(284).JPG,Hypodontia,Training
E:\Dr. Atef Ismail\Khaled Dental\Paper2\archive (10)\Calculus\(17).jpg,(17).jpg,Calculus,Training
E:\Dr. Atef Ismail\Khaled Dental\Paper2\archive (10)\hypodontia\(597).JPG,(597).JPG,Hypodontia,Training
E:\Dr. Atef Ismail\Khaled Dental\Paper2\archive (10)\Tooth Discoloration\Tooth_Discoloration_0_4758.jpeg,Tooth_Discoloration_0_4758.jpeg,Tooth Discoloration,Training
E:\Dr. Atef Ismail\Khaled Dental\Paper2\archive (10)\Tooth Discoloration\Tooth_Discoloration_0_4101.jpeg,Tooth_Discoloration_0_4101.jpeg,Tooth Discoloration,Training
E:\Dr. Atef Ismail\Khaled Dental\Paper2\archive (10)\Tooth Discoloration\Tooth_Discoloration_0_2899.jpeg,Tooth_Discoloration_0_2899.jpeg,Tooth Discoloration,Training
E:\Dr. Atef Ismail\Khaled Dental\Paper2\archive (10)\Gingivitis\(1362).jpg,(1362).jpg,Gingivitis,Training
E:\Dr. Atef Ismail\Khaled Dental\Paper2\archive (10)\Tooth Discoloration\Tooth_Discoloration_0_2641.jpeg,Tooth_Discoloration_0_2641.jpeg,Tooth Discoloration,Training
E:\Dr. Atef Ismail\Khaled Dental\Paper2\archive (10)\Calculus\(82).jpg,(82).jpg,Calculus,Training
E:\Dr. Atef Ismail\Khaled Dental\Paper2\archive (10)\Mouth Ulcer\Mouth_Ulcer_0_8630.jpeg,Mouth_Ulcer_0_8630.jpeg,Mouth Ulcer,Training
E:\Dr. Atef Ismail\Khaled Dental\Paper2\archive (10)\Mouth Ulcer\Mouth_Ulcer_0_3005.jpeg,Mouth_Ulcer_0_3005.jpeg,Mouth Ulcer,Training
E:\Dr. Atef Ismail\Khaled Dental\Paper2\archive (10)\Gingivitis\(1148).jpg,(1148).jpg,Gingivitis,Training
E:\Dr. Atef Ismail\Khaled Dental\Paper2\archive (10)\hypodontia\(568).JPG,(568).JPG,Hypodontia,Training
E:\Dr. Atef Ismail\Khaled Dental\Paper2\archive (10)\Caries_Gingivitus\caries_0_3648.jpeg,caries_0_3648.jpeg,Caries-Gingivitis,Training
E:\Dr. Atef Ismail\Khaled Dental\Paper2\archive (10)\Gingivitis\(824).jpg,(824).jpg,Gingivitis,Training
E:\Dr. Atef Ismail\Khaled Dental\Paper2\archive (10)\Calculus\(476).jpg,(476).jpg,Calculus,Training
E:\Dr. Atef Ismail\Khaled Dental\Paper2\archive (10)\Tooth Discoloration\Tooth_Discoloration_0_2773.jpeg,Tooth_Discoloration_0_2773.jpeg,Tooth Discoloration,Training
E:\Dr. Atef Ismail\Khaled Dental\Paper2\archive (10)\Gingivitis\(215).jpg,(215).jpg,Gingivitis,Training
E:\Dr. Atef Ismail\Khaled Dental\Paper2\archive (10)\Tooth Discoloration\Tooth_Discoloration_0_8159.jpeg,Tooth_Discoloration_0_8159.jpeg,Tooth Discoloration,Training
E:\Dr. Atef Ismail\Khaled Dental\Paper2\archive (10)\Caries_Gingivitus\caries_0_4380.jpeg,caries_0_4380.jpeg,Caries-Gingivitis,Training
E:\Dr. Atef Ismail\Khaled Dental\Paper2\archive (10)\hypodontia\(773).JPG,(773).JPG,Hypodontia,Training
E:\Dr. Atef Ismail\Khaled Dental\Paper2\archive (10)\Mouth Ulcer\Mouth_Ulcer_0_8651.jpeg,Mouth_Ulcer_0_8651.jpeg,Mouth Ulcer,Training
E:\Dr. Atef Ismail\Khaled Dental\Paper2\archive (10)\Caries_Gingivitus\(41).jpg,(41).jpg,Caries-Gingivitis,Training
E:\Dr. Atef Ismail\Khaled Dental\Paper2\archive (10)\hypodontia\(198).JPG,(198).JPG,Hypodontia,Training
E:\Dr. Atef Ismail\Khaled Dental\Paper2\archive (10)\Gingivitis\(1106).jpg,(1106).jpg,Gingivitis,Training
E:\Dr. Atef Ismail\Khaled Dental\Paper2\archive (10)\Gingivitis\(199).jpg,(199).jpg,Gingivitis,Training
E:\Dr. Atef Ismail\Khaled Dental\Paper2\archive (10)\Mouth Ulcer\Mouth_Ulcer_0_1221.jpeg,Mouth_Ulcer_0_1221.jpeg,Mouth Ulcer,Training
E:\Dr. Atef Ismail\Khaled Dental\Paper2\archive (10)\Mouth Ulcer\Mouth_Ulcer_0_6905.jpeg,Mouth_Ulcer_0_6905.jpeg,Mouth Ulcer,Training
E:\Dr. Atef Ismail\Khaled Dental\Paper2\archive (10)\Mouth Ulcer\Mouth_Ulcer_0_8453.jpeg,Mouth_Ulcer_0_8453.jpeg,Mouth Ulcer,Training
E:\Dr. Atef Ismail\Khaled Dental\Paper2\archive (10)\Caries_Gingivitus\474.jpg,474.jpg,Caries-Gingivitis,Training
E:\Dr. Atef Ismail\Khaled Dental\Paper2\archive (10)\Caries_Gingivitus\caries_0_3923.jpeg,caries_0_3923.jpeg,Caries-Gingivitis,Training
E:\Dr. Atef Ismail\Khaled Dental\Paper2\archive (10)\Gingivitis\(416).jpg,(416).jpg,Gingivitis,Training
E:\Dr. Atef Ismail\Khaled Dental\Paper2\archive (10)\Tooth Discoloration\Tooth_Discoloration_0_9171.jpeg,Tooth_Discoloration_0_9171.jpeg,Tooth Discoloration,Training
E:\Dr. Atef Ismail\Khaled Dental\Paper2\archive (10)\Tooth Discoloration\Tooth_Discoloration_0_9512.jpeg,Tooth_Discoloration_0_9512.jpeg,Tooth Discoloration,Training
E:\Dr. Atef Ismail\Khaled Dental\Paper2\archive (10)\hypodontia\(1231).jpg,(1231).jpg,Hypodontia,Training
E:\Dr. Atef Ismail\Khaled Dental\Paper2\archive (10)\Gingivitis\(997).jpg,(997).jpg,Gingivitis,Training
E:\Dr. Atef Ismail\Khaled Dental\Paper2\archive (10)\Gingivitis\(1706).jpg,(1706).jpg,Gingivitis,Training
E:\Dr. Atef Ismail\Khaled Dental\Paper2\archive (10)\Gingivitis\(979).jpg,(979).jpg,Gingivitis,Training
E:\Dr. Atef Ismail\Khaled Dental\Paper2\archive (10)\hypodontia\(506).JPG,(506).JPG,Hypodontia,Training
E:\Dr. Atef Ismail\Khaled Dental\Paper2\archive (10)\Tooth Discoloration\Tooth_Discoloration_0_9772.jpeg,Tooth_Discoloration_0_9772.jpeg,Tooth Discoloration,Training
E:\Dr. Atef Ismail\Khaled Dental\Paper2\archive (10)\Caries_Gingivitus\caries_0_3587.jpeg,caries_0_3587.jpeg,Caries-Gingivitis,Training
E:\Dr. Atef Ismail\Khaled Dental\Paper2\archive (10)\Gingivitis\(742).jpg,(742).jpg,Gingivitis,Training
E:\Dr. Atef Ismail\Khaled Dental\Paper2\archive (10)\Mouth Ulcer\Mouth_Ulcer_0_4313.jpeg,Mouth_Ulcer_0_4313.jpeg,Mouth Ulcer,Training
E:\Dr. Atef Ismail\Khaled Dental\Paper2\archive (10)\Mouth Ulcer\Mouth_Ulcer_0_5927.jpeg,Mouth_Ulcer_0_5927.jpeg,Mouth Ulcer,Training
E:\Dr. Atef Ismail\Khaled Dental\Paper2\archive (10)\hypodontia\(662).jpg,(662).jpg,Hypodontia,Training
E:\Dr. Atef Ismail\Khaled Dental\Paper2\archive (10)\Tooth Discoloration\Tooth_Discoloration_0_29.jpeg,Tooth_Discoloration_0_29.jpeg,Tooth Discoloration,Training
E:\Dr. Atef Ismail\Khaled Dental\Paper2\archive (10)\Mouth Ulcer\Mouth_Ulcer_0_9476.jpeg,Mouth_Ulcer_0_9476.jpeg,Mouth Ulcer,Training
E:\Dr. Atef Ismail\Khaled Dental\Paper2\archive (10)\Tooth Discoloration\Tooth_Discoloration_0_1549.jpeg,Tooth_Discoloration_0_1549.jpeg,Tooth Discoloration,Training
E:\Dr. Atef Ismail\Khaled Dental\Paper2\archive (10)\Mouth Ulcer\Mouth_Ulcer_0_9046.jpeg,Mouth_Ulcer_0_9046.jpeg,Mouth Ulcer,Training
E:\Dr. Atef Ismail\Khaled Dental\Paper2\archive (10)\Gingivitis\(14).jpg,(14).jpg,Gingivitis,Training
E:\Dr. Atef Ismail\Khaled Dental\Paper2\archive (10)\Mouth Ulcer\Mouth_Ulcer_0_1269.jpeg,Mouth_Ulcer_0_1269.jpeg,Mouth Ulcer,Training
E:\Dr. Atef Ismail\Khaled Dental\Paper2\archive (10)\Gingivitis\(727).jpg,(727).jpg,Gingivitis,Training
E:\Dr. Atef Ismail\Khaled Dental\Paper2\archive (10)\Gingivitis\(1232).jpg,(1232).jpg,Gingivitis,Training
E:\Dr. Atef Ismail\Khaled Dental\Paper2\archive (10)\Gingivitis\(2235).jpg,(2235).jpg,Gingivitis,Training
E:\Dr. Atef Ismail\Khaled Dental\Paper2\archive (10)\Calculus\(1223).jpg,(1223).jpg,Calculus,Training
E:\Dr. Atef Ismail\Khaled Dental\Paper2\archive (10)\hypodontia\(855).JPG,(855).JPG,Hypodontia,Training
E:\Dr. Atef Ismail\Khaled Dental\Paper2\archive (10)\Mouth Ulcer\Mouth_Ulcer_0_5798.jpeg,Mouth_Ulcer_0_5798.jpeg,Mouth Ulcer,Training
E:\Dr. Atef Ismail\Khaled Dental\Paper2\archive (10)\Mouth Ulcer\Mouth_Ulcer_0_8093.jpeg,Mouth_Ulcer_0_8093.jpeg,Mouth Ulcer,Training
E:\Dr. Atef Ismail\Khaled Dental\Paper2\archive (10)\Tooth Discoloration\Tooth_Discoloration_0_5601.jpeg,Tooth_Discoloration_0_5601.jpeg,Tooth Discoloration,Training
E:\Dr. Atef Ismail\Khaled Dental\Paper2\archive (10)\Mouth Ulcer\Mouth_Ulcer_0_1212.jpeg,Mouth_Ulcer_0_1212.jpeg,Mouth Ulcer,Training
E:\Dr. Atef Ismail\Khaled Dental\Paper2\archive (10)\Caries_Gingivitus\(32).jpg,(32).jpg,Caries-Gingivitis,Training
E:\Dr. Atef Ismail\Khaled Dental\Paper2\archive (10)\Tooth Discoloration\Tooth_Discoloration_0_8556.jpeg,Tooth_Discoloration_0_8556.jpeg,Tooth Discoloration,Training
E:\Dr. Atef Ismail\Khaled Dental\Paper2\archive (10)\hypodontia\(286).JPG,(286).JPG,Hypodontia,Training
E:\Dr. Atef Ismail\Khaled Dental\Paper2\archive (10)\Gingivitis\(1975).jpg,(1975).jpg,Gingivitis,Training
E:\Dr. Atef Ismail\Khaled Dental\Paper2\archive (10)\Gingivitis\(1766).jpg,(1766).jpg,Gingivitis,Training
E:\Dr. Atef Ismail\Khaled Dental\Paper2\archive (10)\Gingivitis\(1927).jpg,(1927).jpg,Gingivitis,Training
E:\Dr. Atef Ismail\Khaled Dental\Paper2\archive (10)\Mouth Ulcer\Mouth_Ulcer_0_3988.jpeg,Mouth_Ulcer_0_3988.jpeg,Mouth Ulcer,Training
E:\Dr. Atef Ismail\Khaled Dental\Paper2\archive (10)\Mouth Ulcer\Mouth_Ulcer_0_1043.jpeg,Mouth_Ulcer_0_1043.jpeg,Mouth Ulcer,Training
E:\Dr. Atef Ismail\Khaled Dental\Paper2\archive (10)\Caries_Gingivitus\571.jpg,571.jpg,Caries-Gingivitis,Training
E:\Dr. Atef Ismail\Khaled Dental\Paper2\archive (10)\Calculus\(821).jpg,(821).jpg,Calculus,Training
E:\Dr. Atef Ismail\Khaled Dental\Paper2\archive (10)\Mouth Ulcer\Mouth_Ulcer_0_3677.jpeg,Mouth_Ulcer_0_3677.jpeg,Mouth Ulcer,Training
E:\Dr. Atef Ismail\Khaled Dental\Paper2\archive (10)\Calculus\(63).jpg,(63).jpg,Calculus,Training
E:\Dr. Atef Ismail\Khaled Dental\Paper2\archive (10)\Calculus\(1018).jpg,(1018).jpg,Calculus,Training
E:\Dr. Atef Ismail\Khaled Dental\Paper2\archive (10)\Mouth Ulcer\Mouth_Ulcer_0_2823.jpeg,Mouth_Ulcer_0_2823.jpeg,Mouth Ulcer,Training
E:\Dr. Atef Ismail\Khaled Dental\Paper2\archive (10)\Calculus\(1089).jpg,(1089).jpg,Calculus,Training
E:\Dr. Atef Ismail\Khaled Dental\Paper2\archive (10)\hypodontia\(490).JPG,(490).JPG,Hypodontia,Training
E:\Dr. Atef Ismail\Khaled Dental\Paper2\archive (10)\Gingivitis\(219).jpg,(219).jpg,Gingivitis,Training
E:\Dr. Atef Ismail\Khaled Dental\Paper2\archive (10)\Mouth Ulcer\Mouth_Ulcer_0_2885.jpeg,Mouth_Ulcer_0_2885.jpeg,Mouth Ulcer,Training
E:\Dr. Atef Ismail\Khaled Dental\Paper2\archive (10)\Caries_Gingivitus\5.jpg,5.jpg,Caries-Gingivitis,Training
E:\Dr. Atef Ismail\Khaled Dental\Paper2\archive (10)\hypodontia\(272).jpg,(272).jpg,Hypodontia,Training
E:\Dr. Atef Ismail\Khaled Dental\Paper2\archive (10)\hypodontia\(791).JPG,(791).JPG,Hypodontia,Training
E:\Dr. Atef Ismail\Khaled Dental\Paper2\archive (10)\Caries_Gingivitus\(88).jpg,(88).jpg,Caries-Gingivitis,Training
E:\Dr. Atef Ismail\Khaled Dental\Paper2\archive (10)\Gingivitis\(1258).jpg,(1258).jpg,Gingivitis,Training
E:\Dr. Atef Ismail\Khaled Dental\Paper2\archive (10)\Gingivitis\(2188).jpg,(2188).jpg,Gingivitis,Training
E:\Dr. Atef Ismail\Khaled Dental\Paper2\archive (10)\Calculus\(453).jpg,(453).jpg,Calculus,Training
E:\Dr. Atef Ismail\Khaled Dental\Paper2\archive (10)\Tooth Discoloration\Tooth_Discoloration_0_5261.jpeg,Tooth_Discoloration_0_5261.jpeg,Tooth Discoloration,Training
E:\Dr. Atef Ismail\Khaled Dental\Paper2\archive (10)\Mouth Ulcer\Mouth_Ulcer_0_2825.jpeg,Mouth_Ulcer_0_2825.jpeg,Mouth Ulcer,Training
E:\Dr. Atef Ismail\Khaled Dental\Paper2\archive (10)\Mouth Ulcer\Mouth_Ulcer_0_876.jpeg,Mouth_Ulcer_0_876.jpeg,Mouth Ulcer,Training
E:\Dr. Atef Ismail\Khaled Dental\Paper2\archive (10)\Caries_Gingivitus\24.jpg,24.jpg,Caries-Gingivitis,Training
E:\Dr. Atef Ismail\Khaled Dental\Paper2\archive (10)\Gingivitis\(265).jpg,(265).jpg,Gingivitis,Training
E:\Dr. Atef Ismail\Khaled Dental\Paper2\archive (10)\Calculus\(1055).jpg,(1055).jpg,Calculus,Training
E:\Dr. Atef Ismail\Khaled Dental\Paper2\archive (10)\Calculus\(901).jpg,(901).jpg,Calculus,Training
E:\Dr. Atef Ismail\Khaled Dental\Paper2\archive (10)\Calculus\(1063).jpg,(1063).jpg,Calculus,Training
E:\Dr. Atef Ismail\Khaled Dental\Paper2\archive (10)\Mouth Ulcer\Mouth_Ulcer_0_7459.jpeg,Mouth_Ulcer_0_7459.jpeg,Mouth Ulcer,Training
E:\Dr. Atef Ismail\Khaled Dental\Paper2\archive (10)\hypodontia\(864).JPG,(864).JPG,Hypodontia,Training
E:\Dr. Atef Ismail\Khaled Dental\Paper2\archive (10)\Caries_Gingivitus\500.jpg,500.jpg,Caries-Gingivitis,Training
E:\Dr. Atef Ismail\Khaled Dental\Paper2\archive (10)\Mouth Ulcer\Mouth_Ulcer_0_7707.jpeg,Mouth_Ulcer_0_7707.jpeg,Mouth Ulcer,Training
E:\Dr. Atef Ismail\Khaled Dental\Paper2\archive (10)\Gingivitis\(1255).jpg,(1255).jpg,Gingivitis,Training
E:\Dr. Atef Ismail\Khaled Dental\Paper2\archive (10)\Mouth Ulcer\Mouth_Ulcer_0_8185.jpeg,Mouth_Ulcer_0_8185.jpeg,Mouth Ulcer,Training
E:\Dr. Atef Ismail\Khaled Dental\Paper2\archive (10)\Calculus\(1149).jpg,(1149).jpg,Calculus,Training
E:\Dr. Atef Ismail\Khaled Dental\Paper2\archive (10)\Tooth Discoloration\Tooth_Discoloration_0_3567.jpeg,Tooth_Discoloration_0_3567.jpeg,Tooth Discoloration,Training
E:\Dr. Atef Ismail\Khaled Dental\Paper2\archive (10)\Mouth Ulcer\Mouth_Ulcer_0_6901.jpeg,Mouth_Ulcer_0_6901.jpeg,Mouth Ulcer,Training
E:\Dr. Atef Ismail\Khaled Dental\Paper2\archive (10)\Calculus\(168).jpg,(168).jpg,Calculus,Training
E:\Dr. Atef Ismail\Khaled Dental\Paper2\archive (10)\Caries_Gingivitus\caries_0_3604.jpeg,caries_0_3604.jpeg,Caries-Gingivitis,Training
E:\Dr. Atef Ismail\Khaled Dental\Paper2\archive (10)\Gingivitis\(361).jpg,(361).jpg,Gingivitis,Training
E:\Dr. Atef Ismail\Khaled Dental\Paper2\archive (10)\Caries_Gingivitus\(95).jpg,(95).jpg,Caries-Gingivitis,Training
E:\Dr. Atef Ismail\Khaled Dental\Paper2\archive (10)\Tooth Discoloration\Tooth_Discoloration_0_2327.jpeg,Tooth_Discoloration_0_2327.jpeg,Tooth Discoloration,Training
E:\Dr. Atef Ismail\Khaled Dental\Paper2\archive (10)\hypodontia\(343).JPG,(343).JPG,Hypodontia,Training
E:\Dr. Atef Ismail\Khaled Dental\Paper2\archive (10)\Gingivitis\(808).jpg,(808).jpg,Gingivitis,Training
E:\Dr. Atef Ismail\Khaled Dental\Paper2\archive (10)\Gingivitis\(1165).jpg,(1165).jpg,Gingivitis,Training
E:\Dr. Atef Ismail\Khaled Dental\Paper2\archive (10)\hypodontia\(471).JPG,(471).JPG,Hypodontia,Training
E:\Dr. Atef Ismail\Khaled Dental\Paper2\archive (10)\Caries_Gingivitus\caries_0_4725.jpeg,caries_0_4725.jpeg,Caries-Gingivitis,Training
E:\Dr. Atef Ismail\Khaled Dental\Paper2\archive (10)\Caries_Gingivitus\457.jpg,457.jpg,Caries-Gingivitis,Training
E:\Dr. Atef Ismail\Khaled Dental\Paper2\archive (10)\Caries_Gingivitus\52.jpg,52.jpg,Caries-Gingivitis,Training
E:\Dr. Atef Ismail\Khaled Dental\Paper2\archive (10)\Mouth Ulcer\Mouth_Ulcer_0_8831.jpeg,Mouth_Ulcer_0_8831.jpeg,Mouth Ulcer,Training
E:\Dr. Atef Ismail\Khaled Dental\Paper2\archive (10)\Calculus\(1249).jpg,(1249).jpg,Calculus,Training
E:\Dr. Atef Ismail\Khaled Dental\Paper2\archive (10)\Gingivitis\(1201).jpg,(1201).jpg,Gingivitis,Training
E:\Dr. Atef Ismail\Khaled Dental\Paper2\archive (10)\Mouth Ulcer\Mouth_Ulcer_0_6529.jpeg,Mouth_Ulcer_0_6529.jpeg,Mouth Ulcer,Training
E:\Dr. Atef Ismail\Khaled Dental\Paper2\archive (10)\hypodontia\(97).JPG,(97).JPG,Hypodontia,Training
E:\Dr. Atef Ismail\Khaled Dental\Paper2\archive (10)\Caries_Gingivitus\caries_0_5068.jpeg,caries_0_5068.jpeg,Caries-Gingivitis,Training
E:\Dr. Atef Ismail\Khaled Dental\Paper2\archive (10)\Tooth Discoloration\Tooth_Discoloration_0_7163.jpeg,Tooth_Discoloration_0_7163.jpeg,Tooth Discoloration,Training
E:\Dr. Atef Ismail\Khaled Dental\Paper2\archive (10)\Tooth Discoloration\Tooth_Discoloration_0_4668.jpeg,Tooth_Discoloration_0_4668.jpeg,Tooth Discoloration,Training
E:\Dr. Atef Ismail\Khaled Dental\Paper2\archive (10)\Mouth Ulcer\Mouth_Ulcer_0_5667.jpeg,Mouth_Ulcer_0_5667.jpeg,Mouth Ulcer,Training
E:\Dr. Atef Ismail\Khaled Dental\Paper2\archive (10)\Caries_Gingivitus\caries_0_670.jpeg,caries_0_670.jpeg,Caries-Gingivitis,Training
E:\Dr. Atef Ismail\Khaled Dental\Paper2\archive (10)\Caries_Gingivitus\359.jpg,359.jpg,Caries-Gingivitis,Training
E:\Dr. Atef Ismail\Khaled Dental\Paper2\archive (10)\Tooth Discoloration\Tooth_Discoloration_0_7176.jpeg,Tooth_Discoloration_0_7176.jpeg,Tooth Discoloration,Training
E:\Dr. Atef Ismail\Khaled Dental\Paper2\archive (10)\Mouth Ulcer\Mouth_Ulcer_0_193.jpeg,Mouth_Ulcer_0_193.jpeg,Mouth Ulcer,Training
E:\Dr. Atef Ismail\Khaled Dental\Paper2\archive (10)\Mouth Ulcer\Mouth_Ulcer_0_4982.jpeg,Mouth_Ulcer_0_4982.jpeg,Mouth Ulcer,Training
E:\Dr. Atef Ismail\Khaled Dental\Paper2\archive (10)\Calculus\(891).jpg,(891).jpg,Calculus,Training
E:\Dr. Atef Ismail\Khaled Dental\Paper2\archive (10)\Caries_Gingivitus\caries_0_3272.jpeg,caries_0_3272.jpeg,Caries-Gingivitis,Training
E:\Dr. Atef Ismail\Khaled Dental\Paper2\archive (10)\Gingivitis\(1515).jpg,(1515).jpg,Gingivitis,Training
E:\Dr. Atef Ismail\Khaled Dental\Paper2\archive (10)\Calculus\(1199).jpg,(1199).jpg,Calculus,Training
E:\Dr. Atef Ismail\Khaled Dental\Paper2\archive (10)\Tooth Discoloration\Tooth_Discoloration_0_6679.jpeg,Tooth_Discoloration_0_6679.jpeg,Tooth Discoloration,Training
E:\Dr. Atef Ismail\Khaled Dental\Paper2\archive (10)\Tooth Discoloration\Tooth_Discoloration_0_4495.jpeg,Tooth_Discoloration_0_4495.jpeg,Tooth Discoloration,Training
E:\Dr. Atef Ismail\Khaled Dental\Paper2\archive (10)\Gingivitis\(1547).jpg,(1547).jpg,Gingivitis,Training
E:\Dr. Atef Ismail\Khaled Dental\Paper2\archive (10)\Tooth Discoloration\Tooth_Discoloration_0_9717.jpeg,Tooth_Discoloration_0_9717.jpeg,Tooth Discoloration,Training
E:\Dr. Atef Ismail\Khaled Dental\Paper2\archive (10)\Gingivitis\(1112).jpg,(1112).jpg,Gingivitis,Training
E:\Dr. Atef Ismail\Khaled Dental\Paper2\archive (10)\hypodontia\(1228).jpg,(1228).jpg,Hypodontia,Training
E:\Dr. Atef Ismail\Khaled Dental\Paper2\archive (10)\Caries_Gingivitus\221.jpg,221.jpg,Caries-Gingivitis,Training
E:\Dr. Atef Ismail\Khaled Dental\Paper2\archive (10)\Tooth Discoloration\Tooth_Discoloration_0_2332.jpeg,Tooth_Discoloration_0_2332.jpeg,Tooth Discoloration,Training
E:\Dr. Atef Ismail\Khaled Dental\Paper2\archive (10)\Gingivitis\(932).jpg,(932).jpg,Gingivitis,Training
E:\Dr. Atef Ismail\Khaled Dental\Paper2\archive (10)\hypodontia\(303).JPG,(303).JPG,Hypodontia,Training
E:\Dr. Atef Ismail\Khaled Dental\Paper2\archive (10)\hypodontia\(728).JPG,(728).JPG,Hypodontia,Training
E:\Dr. Atef Ismail\Khaled Dental\Paper2\archive (10)\Calculus\(633).jpg,(633).jpg,Calculus,Training
E:\Dr. Atef Ismail\Khaled Dental\Paper2\archive (10)\Gingivitis\(1070).jpg,(1070).jpg,Gingivitis,Training
E:\Dr. Atef Ismail\Khaled Dental\Paper2\archive (10)\Caries_Gingivitus\362.jpg,362.jpg,Caries-Gingivitis,Training
E:\Dr. Atef Ismail\Khaled Dental\Paper2\archive (10)\hypodontia\(1013).JPG,(1013).JPG,Hypodontia,Training
E:\Dr. Atef Ismail\Khaled Dental\Paper2\archive (10)\Tooth Discoloration\Tooth_Discoloration_0_9120.jpeg,Tooth_Discoloration_0_9120.jpeg,Tooth Discoloration,Training
E:\Dr. Atef Ismail\Khaled Dental\Paper2\archive (10)\Mouth Ulcer\Mouth_Ulcer_0_2175.jpeg,Mouth_Ulcer_0_2175.jpeg,Mouth Ulcer,Training
E:\Dr. Atef Ismail\Khaled Dental\Paper2\archive (10)\Tooth Discoloration\Tooth_Discoloration_0_2705.jpeg,Tooth_Discoloration_0_2705.jpeg,Tooth Discoloration,Training
E:\Dr. Atef Ismail\Khaled Dental\Paper2\archive (10)\Gingivitis\(1546).jpg,(1546).jpg,Gingivitis,Training
E:\Dr. Atef Ismail\Khaled Dental\Paper2\archive (10)\Gingivitis\(2206).jpg,(2206).jpg,Gingivitis,Training
E:\Dr. Atef Ismail\Khaled Dental\Paper2\archive (10)\hypodontia\(1003).JPG,(1003).JPG,Hypodontia,Training
E:\Dr. Atef Ismail\Khaled Dental\Paper2\archive (10)\Gingivitis\(1278).jpg,(1278).jpg,Gingivitis,Training
E:\Dr. Atef Ismail\Khaled Dental\Paper2\archive (10)\Gingivitis\(1207).jpg,(1207).jpg,Gingivitis,Training
E:\Dr. Atef Ismail\Khaled Dental\Paper2\archive (10)\Tooth Discoloration\Tooth_Discoloration_0_3704.jpeg,Tooth_Discoloration_0_3704.jpeg,Tooth Discoloration,Training
E:\Dr. Atef Ismail\Khaled Dental\Paper2\archive (10)\hypodontia\(148).JPG,(148).JPG,Hypodontia,Training
E:\Dr. Atef Ismail\Khaled Dental\Paper2\archive (10)\Caries_Gingivitus\286.jpg,286.jpg,Caries-Gingivitis,Training
E:\Dr. Atef Ismail\Khaled Dental\Paper2\archive (10)\Mouth Ulcer\Mouth_Ulcer_0_8526.jpeg,Mouth_Ulcer_0_8526.jpeg,Mouth Ulcer,Training
E:\Dr. Atef Ismail\Khaled Dental\Paper2\archive (10)\Gingivitis\(430).jpg,(430).jpg,Gingivitis,Training
E:\Dr. Atef Ismail\Khaled Dental\Paper2\archive (10)\Gingivitis\(1747).jpg,(1747).jpg,Gingivitis,Training
E:\Dr. Atef Ismail\Khaled Dental\Paper2\archive (10)\Calculus\(359).jpg,(359).jpg,Calculus,Training
E:\Dr. Atef Ismail\Khaled Dental\Paper2\archive (10)\Tooth Discoloration\Tooth_Discoloration_0_3899.jpeg,Tooth_Discoloration_0_3899.jpeg,Tooth Discoloration,Training
E:\Dr. Atef Ismail\Khaled Dental\Paper2\archive (10)\Tooth Discoloration\Tooth_Discoloration_0_1374.jpeg,Tooth_Discoloration_0_1374.jpeg,Tooth Discoloration,Training
E:\Dr. Atef Ismail\Khaled Dental\Paper2\archive (10)\Calculus\(108).jpg,(108).jpg,Calculus,Training
E:\Dr. Atef Ismail\Khaled Dental\Paper2\archive (10)\Gingivitis\(1399).jpg,(1399).jpg,Gingivitis,Training
E:\Dr. Atef Ismail\Khaled Dental\Paper2\archive (10)\Caries_Gingivitus\99.jpg,99.jpg,Caries-Gingivitis,Training
E:\Dr. Atef Ismail\Khaled Dental\Paper2\archive (10)\Mouth Ulcer\Mouth_Ulcer_0_1128.jpeg,Mouth_Ulcer_0_1128.jpeg,Mouth Ulcer,Training
E:\Dr. Atef Ismail\Khaled Dental\Paper2\archive (10)\Mouth Ulcer\Mouth_Ulcer_0_5576.jpeg,Mouth_Ulcer_0_5576.jpeg,Mouth Ulcer,Training
E:\Dr. Atef Ismail\Khaled Dental\Paper2\archive (10)\Tooth Discoloration\Tooth_Discoloration_0_8484.jpeg,Tooth_Discoloration_0_8484.jpeg,Tooth Discoloration,Training
E:\Dr. Atef Ismail\Khaled Dental\Paper2\archive (10)\Calculus\(619).jpg,(619).jpg,Calculus,Training
E:\Dr. Atef Ismail\Khaled Dental\Paper2\archive (10)\Caries_Gingivitus\190.jpg,190.jpg,Caries-Gingivitis,Training
E:\Dr. Atef Ismail\Khaled Dental\Paper2\archive (10)\Mouth Ulcer\Mouth_Ulcer_0_9869.jpeg,Mouth_Ulcer_0_9869.jpeg,Mouth Ulcer,Training
E:\Dr. Atef Ismail\Khaled Dental\Paper2\archive (10)\Tooth Discoloration\Tooth_Discoloration_0_3219.jpeg,Tooth_Discoloration_0_3219.jpeg,Tooth Discoloration,Training
E:\Dr. Atef Ismail\Khaled Dental\Paper2\archive (10)\hypodontia\(1152).JPG,(1152).JPG,Hypodontia,Training
E:\Dr. Atef Ismail\Khaled Dental\Paper2\archive (10)\Mouth Ulcer\Mouth_Ulcer_0_7888.jpeg,Mouth_Ulcer_0_7888.jpeg,Mouth Ulcer,Training
E:\Dr. Atef Ismail\Khaled Dental\Paper2\archive (10)\Tooth Discoloration\Tooth_Discoloration_0_2900.jpeg,Tooth_Discoloration_0_2900.jpeg,Tooth Discoloration,Training
E:\Dr. Atef Ismail\Khaled Dental\Paper2\archive (10)\Mouth Ulcer\Mouth_Ulcer_0_4441.jpeg,Mouth_Ulcer_0_4441.jpeg,Mouth Ulcer,Training
E:\Dr. Atef Ismail\Khaled Dental\Paper2\archive (10)\Mouth Ulcer\Mouth_Ulcer_0_2727.jpeg,Mouth_Ulcer_0_2727.jpeg,Mouth Ulcer,Training
E:\Dr. Atef Ismail\Khaled Dental\Paper2\archive (10)\Caries_Gingivitus\caries_0_480.jpeg,caries_0_480.jpeg,Caries-Gingivitis,Training
E:\Dr. Atef Ismail\Khaled Dental\Paper2\archive (10)\hypodontia\(1200).JPG,(1200).JPG,Hypodontia,Training
E:\Dr. Atef Ismail\Khaled Dental\Paper2\archive (10)\hypodontia\(1126).JPG,(1126).JPG,Hypodontia,Training
E:\Dr. Atef Ismail\Khaled Dental\Paper2\archive (10)\hypodontia\(281).JPG,(281).JPG,Hypodontia,Training
E:\Dr. Atef Ismail\Khaled Dental\Paper2\archive (10)\Gingivitis\(2274).jpg,(2274).jpg,Gingivitis,Training
E:\Dr. Atef Ismail\Khaled Dental\Paper2\archive (10)\Gingivitis\(1368).jpg,(1368).jpg,Gingivitis,Training
E:\Dr. Atef Ismail\Khaled Dental\Paper2\archive (10)\Mouth Ulcer\Mouth_Ulcer_0_5989.jpeg,Mouth_Ulcer_0_5989.jpeg,Mouth Ulcer,Training
E:\Dr. Atef Ismail\Khaled Dental\Paper2\archive (10)\Tooth Discoloration\Tooth_Discoloration_0_557.jpeg,Tooth_Discoloration_0_557.jpeg,Tooth Discoloration,Training
E:\Dr. Atef Ismail\Khaled Dental\Paper2\archive (10)\Calculus\(76).jpg,(76).jpg,Calculus,Training
E:\Dr. Atef Ismail\Khaled Dental\Paper2\archive (10)\Mouth Ulcer\Mouth_Ulcer_0_2262.jpeg,Mouth_Ulcer_0_2262.jpeg,Mouth Ulcer,Training
E:\Dr. Atef Ismail\Khaled Dental\Paper2\archive (10)\hypodontia\(648).jpg,(648).jpg,Hypodontia,Training
E:\Dr. Atef Ismail\Khaled Dental\Paper2\archive (10)\Mouth Ulcer\Mouth_Ulcer_0_6710.jpeg,Mouth_Ulcer_0_6710.jpeg,Mouth Ulcer,Training
E:\Dr. Atef Ismail\Khaled Dental\Paper2\archive (10)\Mouth Ulcer\Mouth_Ulcer_0_5669.jpeg,Mouth_Ulcer_0_5669.jpeg,Mouth Ulcer,Training
E:\Dr. Atef Ismail\Khaled Dental\Paper2\archive (10)\Gingivitis\(366).jpg,(366).jpg,Gingivitis,Training
E:\Dr. Atef Ismail\Khaled Dental\Paper2\archive (10)\Caries_Gingivitus\caries_0_4308.jpeg,caries_0_4308.jpeg,Caries-Gingivitis,Training
E:\Dr. Atef Ismail\Khaled Dental\Paper2\archive (10)\Tooth Discoloration\Tooth_Discoloration_0_2635.jpeg,Tooth_Discoloration_0_2635.jpeg,Tooth Discoloration,Training
E:\Dr. Atef Ismail\Khaled Dental\Paper2\archive (10)\hypodontia\(892).JPG,(892).JPG,Hypodontia,Training
E:\Dr. Atef Ismail\Khaled Dental\Paper2\archive (10)\hypodontia\(172).JPG,(172).JPG,Hypodontia,Training
E:\Dr. Atef Ismail\Khaled Dental\Paper2\archive (10)\Gingivitis\(1001).jpg,(1001).jpg,Gingivitis,Training
E:\Dr. Atef Ismail\Khaled Dental\Paper2\archive (10)\Mouth Ulcer\Mouth_Ulcer_0_191.jpeg,Mouth_Ulcer_0_191.jpeg,Mouth Ulcer,Training
E:\Dr. Atef Ismail\Khaled Dental\Paper2\archive (10)\hypodontia\(1).JPG,(1).JPG,Hypodontia,Training
E:\Dr. Atef Ismail\Khaled Dental\Paper2\archive (10)\Mouth Ulcer\Mouth_Ulcer_0_7237.jpeg,Mouth_Ulcer_0_7237.jpeg,Mouth Ulcer,Training
E:\Dr. Atef Ismail\Khaled Dental\Paper2\archive (10)\Tooth Discoloration\Tooth_Discoloration_0_6788.jpeg,Tooth_Discoloration_0_6788.jpeg,Tooth Discoloration,Training
E:\Dr. Atef Ismail\Khaled Dental\Paper2\archive (10)\Mouth Ulcer\Mouth_Ulcer_0_9416.jpeg,Mouth_Ulcer_0_9416.jpeg,Mouth Ulcer,Training
E:\Dr. Atef Ismail\Khaled Dental\Paper2\archive (10)\Mouth Ulcer\Mouth_Ulcer_0_5408.jpeg,Mouth_Ulcer_0_5408.jpeg,Mouth Ulcer,Training
E:\Dr. Atef Ismail\Khaled Dental\Paper2\archive (10)\Mouth Ulcer\Mouth_Ulcer_0_6328.jpeg,Mouth_Ulcer_0_6328.jpeg,Mouth Ulcer,Training
E:\Dr. Atef Ismail\Khaled Dental\Paper2\archive (10)\Gingivitis\(1289).jpg,(1289).jpg,Gingivitis,Training
E:\Dr. Atef Ismail\Khaled Dental\Paper2\archive (10)\Calculus\(858).jpg,(858).jpg,Calculus,Training
E:\Dr. Atef Ismail\Khaled Dental\Paper2\archive (10)\Gingivitis\(1682).jpg,(1682).jpg,Gingivitis,Training
E:\Dr. Atef Ismail\Khaled Dental\Paper2\archive (10)\Tooth Discoloration\Tooth_Discoloration_0_2377.jpeg,Tooth_Discoloration_0_2377.jpeg,Tooth Discoloration,Training
E:\Dr. Atef Ismail\Khaled Dental\Paper2\archive (10)\hypodontia\(1019).JPG,(1019).JPG,Hypodontia,Training
E:\Dr. Atef Ismail\Khaled Dental\Paper2\archive (10)\Mouth Ulcer\Mouth_Ulcer_0_2541.jpeg,Mouth_Ulcer_0_2541.jpeg,Mouth Ulcer,Training
E:\Dr. Atef Ismail\Khaled Dental\Paper2\archive (10)\Gingivitis\(745).jpg,(745).jpg,Gingivitis,Training
E:\Dr. Atef Ismail\Khaled Dental\Paper2\archive (10)\Gingivitis\(1896).jpg,(1896).jpg,Gingivitis,Training
E:\Dr. Atef Ismail\Khaled Dental\Paper2\archive (10)\Tooth Discoloration\Tooth_Discoloration_0_2122.jpeg,Tooth_Discoloration_0_2122.jpeg,Tooth Discoloration,Training
E:\Dr. Atef Ismail\Khaled Dental\Paper2\archive (10)\Mouth Ulcer\Mouth_Ulcer_0_6477.jpeg,Mouth_Ulcer_0_6477.jpeg,Mouth Ulcer,Training
E:\Dr. Atef Ismail\Khaled Dental\Paper2\archive (10)\hypodontia\(480).JPG,(480).JPG,Hypodontia,Training
E:\Dr. Atef Ismail\Khaled Dental\Paper2\archive (10)\Gingivitis\(1037).jpg,(1037).jpg,Gingivitis,Training
E:\Dr. Atef Ismail\Khaled Dental\Paper2\archive (10)\Caries_Gingivitus\caries_0_4202.jpeg,caries_0_4202.jpeg,Caries-Gingivitis,Training
E:\Dr. Atef Ismail\Khaled Dental\Paper2\archive (10)\Mouth Ulcer\Mouth_Ulcer_0_1918.jpeg,Mouth_Ulcer_0_1918.jpeg,Mouth Ulcer,Training
E:\Dr. Atef Ismail\Khaled Dental\Paper2\archive (10)\Mouth Ulcer\Mouth_Ulcer_0_6436.jpeg,Mouth_Ulcer_0_6436.jpeg,Mouth Ulcer,Training
E:\Dr. Atef Ismail\Khaled Dental\Paper2\archive (10)\Mouth Ulcer\Mouth_Ulcer_0_9190.jpeg,Mouth_Ulcer_0_9190.jpeg,Mouth Ulcer,Training
E:\Dr. Atef Ismail\Khaled Dental\Paper2\archive (10)\Tooth Discoloration\Tooth_Discoloration_0_4599.jpeg,Tooth_Discoloration_0_4599.jpeg,Tooth Discoloration,Training
E:\Dr. Atef Ismail\Khaled Dental\Paper2\archive (10)\Caries_Gingivitus\284.jpg,284.jpg,Caries-Gingivitis,Training
E:\Dr. Atef Ismail\Khaled Dental\Paper2\archive (10)\Caries_Gingivitus\119.jpg,119.jpg,Caries-Gingivitis,Training
E:\Dr. Atef Ismail\Khaled Dental\Paper2\archive (10)\Calculus\(467).jpg,(467).jpg,Calculus,Training
E:\Dr. Atef Ismail\Khaled Dental\Paper2\archive (10)\Gingivitis\(2051).jpg,(2051).jpg,Gingivitis,Training
E:\Dr. Atef Ismail\Khaled Dental\Paper2\archive (10)\Calculus\(110).jpg,(110).jpg,Calculus,Training
E:\Dr. Atef Ismail\Khaled Dental\Paper2\archive (10)\Gingivitis\(954).jpg,(954).jpg,Gingivitis,Training
E:\Dr. Atef Ismail\Khaled Dental\Paper2\archive (10)\Tooth Discoloration\Tooth_Discoloration_0_7426.jpeg,Tooth_Discoloration_0_7426.jpeg,Tooth Discoloration,Training
E:\Dr. Atef Ismail\Khaled Dental\Paper2\archive (10)\Tooth Discoloration\Tooth_Discoloration_0_3535.jpeg,Tooth_Discoloration_0_3535.jpeg,Tooth Discoloration,Training
E:\Dr. Atef Ismail\Khaled Dental\Paper2\archive (10)\Calculus\(515).jpg,(515).jpg,Calculus,Training
E:\Dr. Atef Ismail\Khaled Dental\Paper2\archive (10)\hypodontia\(1117).JPG,(1117).JPG,Hypodontia,Training
E:\Dr. Atef Ismail\Khaled Dental\Paper2\archive (10)\hypodontia\(408).jpg,(408).jpg,Hypodontia,Training
E:\Dr. Atef Ismail\Khaled Dental\Paper2\archive (10)\Tooth Discoloration\Tooth_Discoloration_0_3600.jpeg,Tooth_Discoloration_0_3600.jpeg,Tooth Discoloration,Training
E:\Dr. Atef Ismail\Khaled Dental\Paper2\archive (10)\Caries_Gingivitus\caries_0_4830.jpeg,caries_0_4830.jpeg,Caries-Gingivitis,Training
E:\Dr. Atef Ismail\Khaled Dental\Paper2\archive (10)\hypodontia\(744).JPG,(744).JPG,Hypodontia,Training
E:\Dr. Atef Ismail\Khaled Dental\Paper2\archive (10)\Calculus\(360).jpg,(360).jpg,Calculus,Training
E:\Dr. Atef Ismail\Khaled Dental\Paper2\archive (10)\hypodontia\(896).JPG,(896).JPG,Hypodontia,Training
E:\Dr. Atef Ismail\Khaled Dental\Paper2\archive (10)\Tooth Discoloration\Tooth_Discoloration_0_7074.jpeg,Tooth_Discoloration_0_7074.jpeg,Tooth Discoloration,Training
E:\Dr. Atef Ismail\Khaled Dental\Paper2\archive (10)\Tooth Discoloration\Tooth_Discoloration_0_5058.jpeg,Tooth_Discoloration_0_5058.jpeg,Tooth Discoloration,Training
E:\Dr. Atef Ismail\Khaled Dental\Paper2\archive (10)\Gingivitis\(1377).jpg,(1377).jpg,Gingivitis,Training
E:\Dr. Atef Ismail\Khaled Dental\Paper2\archive (10)\Caries_Gingivitus\caries_0_3545.jpeg,caries_0_3545.jpeg,Caries-Gingivitis,Training
E:\Dr. Atef Ismail\Khaled Dental\Paper2\archive (10)\Caries_Gingivitus\caries_0_4687.jpeg,caries_0_4687.jpeg,Caries-Gingivitis,Training
E:\Dr. Atef Ismail\Khaled Dental\Paper2\archive (10)\Caries_Gingivitus\caries_0_4427.jpeg,caries_0_4427.jpeg,Caries-Gingivitis,Training
E:\Dr. Atef Ismail\Khaled Dental\Paper2\archive (10)\Gingivitis\(466).jpg,(466).jpg,Gingivitis,Training
E:\Dr. Atef Ismail\Khaled Dental\Paper2\archive (10)\Mouth Ulcer\Mouth_Ulcer_0_9507.jpeg,Mouth_Ulcer_0_9507.jpeg,Mouth Ulcer,Training
E:\Dr. Atef Ismail\Khaled Dental\Paper2\archive (10)\Mouth Ulcer\Mouth_Ulcer_0_6817.jpeg,Mouth_Ulcer_0_6817.jpeg,Mouth Ulcer,Training
E:\Dr. Atef Ismail\Khaled Dental\Paper2\archive (10)\Caries_Gingivitus\289.jpg,289.jpg,Caries-Gingivitis,Training
E:\Dr. Atef Ismail\Khaled Dental\Paper2\archive (10)\Gingivitis\(1190).jpg,(1190).jpg,Gingivitis,Training
E:\Dr. Atef Ismail\Khaled Dental\Paper2\archive (10)\Calculus\(526).jpg,(526).jpg,Calculus,Training
E:\Dr. Atef Ismail\Khaled Dental\Paper2\archive (10)\hypodontia\(713).JPG,(713).JPG,Hypodontia,Training
E:\Dr. Atef Ismail\Khaled Dental\Paper2\archive (10)\Tooth Discoloration\Tooth_Discoloration_0_2838.jpeg,Tooth_Discoloration_0_2838.jpeg,Tooth Discoloration,Training
E:\Dr. Atef Ismail\Khaled Dental\Paper2\archive (10)\hypodontia\(529).jpg,(529).jpg,Hypodontia,Training
E:\Dr. Atef Ismail\Khaled Dental\Paper2\archive (10)\Caries_Gingivitus\272.jpg,272.jpg,Caries-Gingivitis,Training
E:\Dr. Atef Ismail\Khaled Dental\Paper2\archive (10)\Calculus\(1277).jpg,(1277).jpg,Calculus,Training
E:\Dr. Atef Ismail\Khaled Dental\Paper2\archive (10)\Calculus\(175).jpg,(175).jpg,Calculus,Training
E:\Dr. Atef Ismail\Khaled Dental\Paper2\archive (10)\Mouth Ulcer\Mouth_Ulcer_0_4157.jpeg,Mouth_Ulcer_0_4157.jpeg,Mouth Ulcer,Training
E:\Dr. Atef Ismail\Khaled Dental\Paper2\archive (10)\hypodontia\(465).JPG,(465).JPG,Hypodontia,Training
E:\Dr. Atef Ismail\Khaled Dental\Paper2\archive (10)\Tooth Discoloration\Tooth_Discoloration_0_2636.jpeg,Tooth_Discoloration_0_2636.jpeg,Tooth Discoloration,Training
E:\Dr. Atef Ismail\Khaled Dental\Paper2\archive (10)\Mouth Ulcer\Mouth_Ulcer_0_4658.jpeg,Mouth_Ulcer_0_4658.jpeg,Mouth Ulcer,Training
E:\Dr. Atef Ismail\Khaled Dental\Paper2\archive (10)\Caries_Gingivitus\caries_0_4327.jpeg,caries_0_4327.jpeg,Caries-Gingivitis,Training
E:\Dr. Atef Ismail\Khaled Dental\Paper2\archive (10)\Mouth Ulcer\Mouth_Ulcer_0_6668.jpeg,Mouth_Ulcer_0_6668.jpeg,Mouth Ulcer,Training
E:\Dr. Atef Ismail\Khaled Dental\Paper2\archive (10)\Tooth Discoloration\Tooth_Discoloration_0_7776.jpeg,Tooth_Discoloration_0_7776.jpeg,Tooth Discoloration,Training
E:\Dr. Atef Ismail\Khaled Dental\Paper2\archive (10)\Gingivitis\(2306).jpg,(2306).jpg,Gingivitis,Training
E:\Dr. Atef Ismail\Khaled Dental\Paper2\archive (10)\Mouth Ulcer\Mouth_Ulcer_0_623.jpeg,Mouth_Ulcer_0_623.jpeg,Mouth Ulcer,Training
E:\Dr. Atef Ismail\Khaled Dental\Paper2\archive (10)\hypodontia\(673).jpg,(673).jpg,Hypodontia,Training
E:\Dr. Atef Ismail\Khaled Dental\Paper2\archive (10)\Tooth Discoloration\Tooth_Discoloration_0_2811.jpeg,Tooth_Discoloration_0_2811.jpeg,Tooth Discoloration,Training
E:\Dr. Atef Ismail\Khaled Dental\Paper2\archive (10)\Gingivitis\(1490).jpg,(1490).jpg,Gingivitis,Training
E:\Dr. Atef Ismail\Khaled Dental\Paper2\archive (10)\Mouth Ulcer\Mouth_Ulcer_0_2018.jpeg,Mouth_Ulcer_0_2018.jpeg,Mouth Ulcer,Training
E:\Dr. Atef Ismail\Khaled Dental\Paper2\archive (10)\Calculus\(1274).jpg,(1274).jpg,Calculus,Training
E:\Dr. Atef Ismail\Khaled Dental\Paper2\archive (10)\Calculus\(1064).jpg,(1064).jpg,Calculus,Training
E:\Dr. Atef Ismail\Khaled Dental\Paper2\archive (10)\Mouth Ulcer\Mouth_Ulcer_0_2042.jpeg,Mouth_Ulcer_0_2042.jpeg,Mouth Ulcer,Training
E:\Dr. Atef Ismail\Khaled Dental\Paper2\archive (10)\Gingivitis\(1411).jpg,(1411).jpg,Gingivitis,Training
E:\Dr. Atef Ismail\Khaled Dental\Paper2\archive (10)\hypodontia\(564).JPG,(564).JPG,Hypodontia,Training
E:\Dr. Atef Ismail\Khaled Dental\Paper2\archive (10)\Gingivitis\(344).jpg,(344).jpg,Gingivitis,Training
E:\Dr. Atef Ismail\Khaled Dental\Paper2\archive (10)\Calculus\(1060).jpg,(1060).jpg,Calculus,Training
E:\Dr. Atef Ismail\Khaled Dental\Paper2\archive (10)\Caries_Gingivitus\(44).jpg,(44).jpg,Caries-Gingivitis,Training
E:\Dr. Atef Ismail\Khaled Dental\Paper2\archive (10)\hypodontia\(1135).JPG,(1135).JPG,Hypodontia,Training
E:\Dr. Atef Ismail\Khaled Dental\Paper2\archive (10)\Gingivitis\(1075).jpg,(1075).jpg,Gingivitis,Training
E:\Dr. Atef Ismail\Khaled Dental\Paper2\archive (10)\Mouth Ulcer\Mouth_Ulcer_0_7965.jpeg,Mouth_Ulcer_0_7965.jpeg,Mouth Ulcer,Training
E:\Dr. Atef Ismail\Khaled Dental\Paper2\archive (10)\Gingivitis\(1651).jpg,(1651).jpg,Gingivitis,Training
E:\Dr. Atef Ismail\Khaled Dental\Paper2\archive (10)\Mouth Ulcer\Mouth_Ulcer_0_7826.jpeg,Mouth_Ulcer_0_7826.jpeg,Mouth Ulcer,Training
E:\Dr. Atef Ismail\Khaled Dental\Paper2\archive (10)\Caries_Gingivitus\(105).jpg,(105).jpg,Caries-Gingivitis,Training
E:\Dr. Atef Ismail\Khaled Dental\Paper2\archive (10)\Gingivitis\(780).jpg,(780).jpg,Gingivitis,Training
E:\Dr. Atef Ismail\Khaled Dental\Paper2\archive (10)\Gingivitis\(1117)(1).jpg,(1117)(1).jpg,Gingivitis,Training
E:\Dr. Atef Ismail\Khaled Dental\Paper2\archive (10)\Mouth Ulcer\Mouth_Ulcer_0_8668.jpeg,Mouth_Ulcer_0_8668.jpeg,Mouth Ulcer,Training
E:\Dr. Atef Ismail\Khaled Dental\Paper2\archive (10)\hypodontia\(527).jpg,(527).jpg,Hypodontia,Training
E:\Dr. Atef Ismail\Khaled Dental\Paper2\archive (10)\hypodontia\(1060).jpg,(1060).jpg,Hypodontia,Training
E:\Dr. Atef Ismail\Khaled Dental\Paper2\archive (10)\Caries_Gingivitus\306.jpg,306.jpg,Caries-Gingivitis,Training
E:\Dr. Atef Ismail\Khaled Dental\Paper2\archive (10)\Mouth Ulcer\Mouth_Ulcer_0_2346.jpeg,Mouth_Ulcer_0_2346.jpeg,Mouth Ulcer,Training
E:\Dr. Atef Ismail\Khaled Dental\Paper2\archive (10)\Gingivitis\(1015).jpg,(1015).jpg,Gingivitis,Training
E:\Dr. Atef Ismail\Khaled Dental\Paper2\archive (10)\Mouth Ulcer\Mouth_Ulcer_0_8147.jpeg,Mouth_Ulcer_0_8147.jpeg,Mouth Ulcer,Training
E:\Dr. Atef Ismail\Khaled Dental\Paper2\archive (10)\Tooth Discoloration\Tooth_Discoloration_0_6964.jpeg,Tooth_Discoloration_0_6964.jpeg,Tooth Discoloration,Training
E:\Dr. Atef Ismail\Khaled Dental\Paper2\archive (10)\Gingivitis\(1174).jpg,(1174).jpg,Gingivitis,Training
E:\Dr. Atef Ismail\Khaled Dental\Paper2\archive (10)\Mouth Ulcer\Mouth_Ulcer_0_4309.jpeg,Mouth_Ulcer_0_4309.jpeg,Mouth Ulcer,Training
E:\Dr. Atef Ismail\Khaled Dental\Paper2\archive (10)\Mouth Ulcer\Mouth_Ulcer_0_1214.jpeg,Mouth_Ulcer_0_1214.jpeg,Mouth Ulcer,Training
E:\Dr. Atef Ismail\Khaled Dental\Paper2\archive (10)\Mouth Ulcer\Mouth_Ulcer_0_1285.jpeg,Mouth_Ulcer_0_1285.jpeg,Mouth Ulcer,Training
E:\Dr. Atef Ismail\Khaled Dental\Paper2\archive (10)\Tooth Discoloration\Tooth_Discoloration_0_5873.jpeg,Tooth_Discoloration_0_5873.jpeg,Tooth Discoloration,Training
E:\Dr. Atef Ismail\Khaled Dental\Paper2\archive (10)\Gingivitis\(478).jpg,(478).jpg,Gingivitis,Training
E:\Dr. Atef Ismail\Khaled Dental\Paper2\archive (10)\Mouth Ulcer\Mouth_Ulcer_0_600.jpeg,Mouth_Ulcer_0_600.jpeg,Mouth Ulcer,Training
E:\Dr. Atef Ismail\Khaled Dental\Paper2\archive (10)\hypodontia\(247).jpg,(247).jpg,Hypodontia,Training
E:\Dr. Atef Ismail\Khaled Dental\Paper2\archive (10)\Calculus\(642).jpg,(642).jpg,Calculus,Training
E:\Dr. Atef Ismail\Khaled Dental\Paper2\archive (10)\Gingivitis\(1728).jpg,(1728).jpg,Gingivitis,Training
E:\Dr. Atef Ismail\Khaled Dental\Paper2\archive (10)\Mouth Ulcer\Mouth_Ulcer_0_5691.jpeg,Mouth_Ulcer_0_5691.jpeg,Mouth Ulcer,Training
E:\Dr. Atef Ismail\Khaled Dental\Paper2\archive (10)\Caries_Gingivitus\caries_0_4095.jpeg,caries_0_4095.jpeg,Caries-Gingivitis,Training
E:\Dr. Atef Ismail\Khaled Dental\Paper2\archive (10)\Caries_Gingivitus\96.jpg,96.jpg,Caries-Gingivitis,Training
E:\Dr. Atef Ismail\Khaled Dental\Paper2\archive (10)\Mouth Ulcer\Mouth_Ulcer_0_9787.jpeg,Mouth_Ulcer_0_9787.jpeg,Mouth Ulcer,Training
E:\Dr. Atef Ismail\Khaled Dental\Paper2\archive (10)\Mouth Ulcer\Mouth_Ulcer_0_2833.jpeg,Mouth_Ulcer_0_2833.jpeg,Mouth Ulcer,Training
E:\Dr. Atef Ismail\Khaled Dental\Paper2\archive (10)\Caries_Gingivitus\caries_0_3537.jpeg,caries_0_3537.jpeg,Caries-Gingivitis,Training
E:\Dr. Atef Ismail\Khaled Dental\Paper2\archive (10)\hypodontia\(370).jpg,(370).jpg,Hypodontia,Training
E:\Dr. Atef Ismail\Khaled Dental\Paper2\archive (10)\Gingivitis\(723).jpg,(723).jpg,Gingivitis,Training
E:\Dr. Atef Ismail\Khaled Dental\Paper2\archive (10)\Caries_Gingivitus\caries_0_5036.jpeg,caries_0_5036.jpeg,Caries-Gingivitis,Training
E:\Dr. Atef Ismail\Khaled Dental\Paper2\archive (10)\Caries_Gingivitus\356.jpg,356.jpg,Caries-Gingivitis,Training
E:\Dr. Atef Ismail\Khaled Dental\Paper2\archive (10)\Mouth Ulcer\Mouth_Ulcer_0_2569.jpeg,Mouth_Ulcer_0_2569.jpeg,Mouth Ulcer,Training
E:\Dr. Atef Ismail\Khaled Dental\Paper2\archive (10)\Gingivitis\(2136).jpg,(2136).jpg,Gingivitis,Training
E:\Dr. Atef Ismail\Khaled Dental\Paper2\archive (10)\Calculus\(520).jpg,(520).jpg,Calculus,Training
E:\Dr. Atef Ismail\Khaled Dental\Paper2\archive (10)\Mouth Ulcer\Mouth_Ulcer_0_6041.jpeg,Mouth_Ulcer_0_6041.jpeg,Mouth Ulcer,Training
E:\Dr. Atef Ismail\Khaled Dental\Paper2\archive (10)\Tooth Discoloration\Tooth_Discoloration_0_427.jpeg,Tooth_Discoloration_0_427.jpeg,Tooth Discoloration,Training
E:\Dr. Atef Ismail\Khaled Dental\Paper2\archive (10)\Caries_Gingivitus\caries_0_211.jpeg,caries_0_211.jpeg,Caries-Gingivitis,Training
E:\Dr. Atef Ismail\Khaled Dental\Paper2\archive (10)\Mouth Ulcer\Mouth_Ulcer_0_6654.jpeg,Mouth_Ulcer_0_6654.jpeg,Mouth Ulcer,Training
E:\Dr. Atef Ismail\Khaled Dental\Paper2\archive (10)\Caries_Gingivitus\caries_0_4001.jpeg,caries_0_4001.jpeg,Caries-Gingivitis,Training
E:\Dr. Atef Ismail\Khaled Dental\Paper2\archive (10)\Tooth Discoloration\Tooth_Discoloration_0_3789.jpeg,Tooth_Discoloration_0_3789.jpeg,Tooth Discoloration,Training
E:\Dr. Atef Ismail\Khaled Dental\Paper2\archive (10)\Caries_Gingivitus\(1).jpg,(1).jpg,Caries-Gingivitis,Training
E:\Dr. Atef Ismail\Khaled Dental\Paper2\archive (10)\Calculus\(647).jpg,(647).jpg,Calculus,Training
E:\Dr. Atef Ismail\Khaled Dental\Paper2\archive (10)\Gingivitis\(1133).jpg,(1133).jpg,Gingivitis,Training
E:\Dr. Atef Ismail\Khaled Dental\Paper2\archive (10)\Gingivitis\(1085).jpg,(1085).jpg,Gingivitis,Training
E:\Dr. Atef Ismail\Khaled Dental\Paper2\archive (10)\Tooth Discoloration\Tooth_Discoloration_0_8389.jpeg,Tooth_Discoloration_0_8389.jpeg,Tooth Discoloration,Training
E:\Dr. Atef Ismail\Khaled Dental\Paper2\archive (10)\Caries_Gingivitus\caries_0_60.jpeg,caries_0_60.jpeg,Caries-Gingivitis,Training
E:\Dr. Atef Ismail\Khaled Dental\Paper2\archive (10)\Mouth Ulcer\Mouth_Ulcer_0_5961.jpeg,Mouth_Ulcer_0_5961.jpeg,Mouth Ulcer,Training
E:\Dr. Atef Ismail\Khaled Dental\Paper2\archive (10)\Gingivitis\(1454).jpg,(1454).jpg,Gingivitis,Training
E:\Dr. Atef Ismail\Khaled Dental\Paper2\archive (10)\Gingivitis\(400).jpg,(400).jpg,Gingivitis,Training
E:\Dr. Atef Ismail\Khaled Dental\Paper2\archive (10)\Mouth Ulcer\Mouth_Ulcer_0_7648.jpeg,Mouth_Ulcer_0_7648.jpeg,Mouth Ulcer,Training
E:\Dr. Atef Ismail\Khaled Dental\Paper2\archive (10)\Gingivitis\(657).jpg,(657).jpg,Gingivitis,Training
E:\Dr. Atef Ismail\Khaled Dental\Paper2\archive (10)\Mouth Ulcer\Mouth_Ulcer_0_6569.jpeg,Mouth_Ulcer_0_6569.jpeg,Mouth Ulcer,Training
E:\Dr. Atef Ismail\Khaled Dental\Paper2\archive (10)\Tooth Discoloration\Tooth_Discoloration_0_1278.jpeg,Tooth_Discoloration_0_1278.jpeg,Tooth Discoloration,Training
E:\Dr. Atef Ismail\Khaled Dental\Paper2\archive (10)\Tooth Discoloration\Tooth_Discoloration_0_5024.jpeg,Tooth_Discoloration_0_5024.jpeg,Tooth Discoloration,Training
E:\Dr. Atef Ismail\Khaled Dental\Paper2\archive (10)\Tooth Discoloration\Tooth_Discoloration_0_6740.jpeg,Tooth_Discoloration_0_6740.jpeg,Tooth Discoloration,Training
E:\Dr. Atef Ismail\Khaled Dental\Paper2\archive (10)\Caries_Gingivitus\42.jpg,42.jpg,Caries-Gingivitis,Training
E:\Dr. Atef Ismail\Khaled Dental\Paper2\archive (10)\hypodontia\(854).JPG,(854).JPG,Hypodontia,Training
E:\Dr. Atef Ismail\Khaled Dental\Paper2\archive (10)\Mouth Ulcer\Mouth_Ulcer_0_5435.jpeg,Mouth_Ulcer_0_5435.jpeg,Mouth Ulcer,Training
E:\Dr. Atef Ismail\Khaled Dental\Paper2\archive (10)\Caries_Gingivitus\caries_0_4986.jpeg,caries_0_4986.jpeg,Caries-Gingivitis,Training
E:\Dr. Atef Ismail\Khaled Dental\Paper2\archive (10)\Gingivitis\(920).jpg,(920).jpg,Gingivitis,Training
E:\Dr. Atef Ismail\Khaled Dental\Paper2\archive (10)\Mouth Ulcer\Mouth_Ulcer_0_9723.jpeg,Mouth_Ulcer_0_9723.jpeg,Mouth Ulcer,Training
E:\Dr. Atef Ismail\Khaled Dental\Paper2\archive (10)\Mouth Ulcer\Mouth_Ulcer_0_5720.jpeg,Mouth_Ulcer_0_5720.jpeg,Mouth Ulcer,Training
E:\Dr. Atef Ismail\Khaled Dental\Paper2\archive (10)\Tooth Discoloration\Tooth_Discoloration_0_9437.jpeg,Tooth_Discoloration_0_9437.jpeg,Tooth Discoloration,Training
E:\Dr. Atef Ismail\Khaled Dental\Paper2\archive (10)\Gingivitis\(437).jpg,(437).jpg,Gingivitis,Training
E:\Dr. Atef Ismail\Khaled Dental\Paper2\archive (10)\Tooth Discoloration\Tooth_Discoloration_0_4485.jpeg,Tooth_Discoloration_0_4485.jpeg,Tooth Discoloration,Training
E:\Dr. Atef Ismail\Khaled Dental\Paper2\archive (10)\Mouth Ulcer\Mouth_Ulcer_0_1982.jpeg,Mouth_Ulcer_0_1982.jpeg,Mouth Ulcer,Training
E:\Dr. Atef Ismail\Khaled Dental\Paper2\archive (10)\Tooth Discoloration\Tooth_Discoloration_0_2079.jpeg,Tooth_Discoloration_0_2079.jpeg,Tooth Discoloration,Training
E:\Dr. Atef Ismail\Khaled Dental\Paper2\archive (10)\Mouth Ulcer\Mouth_Ulcer_0_9474.jpeg,Mouth_Ulcer_0_9474.jpeg,Mouth Ulcer,Training
E:\Dr. Atef Ismail\Khaled Dental\Paper2\archive (10)\Calculus\(314).jpg,(314).jpg,Calculus,Training
E:\Dr. Atef Ismail\Khaled Dental\Paper2\archive (10)\Gingivitis\(1227).jpg,(1227).jpg,Gingivitis,Training
E:\Dr. Atef Ismail\Khaled Dental\Paper2\archive (10)\hypodontia\(1163).JPG,(1163).JPG,Hypodontia,Training
E:\Dr. Atef Ismail\Khaled Dental\Paper2\archive (10)\Caries_Gingivitus\154.jpg,154.jpg,Caries-Gingivitis,Training
E:\Dr. Atef Ismail\Khaled Dental\Paper2\archive (10)\Caries_Gingivitus\caries_0_615.jpeg,caries_0_615.jpeg,Caries-Gingivitis,Training
E:\Dr. Atef Ismail\Khaled Dental\Paper2\archive (10)\hypodontia\(537).JPG,(537).JPG,Hypodontia,Training
E:\Dr. Atef Ismail\Khaled Dental\Paper2\archive (10)\Gingivitis\(2072).jpg,(2072).jpg,Gingivitis,Training
E:\Dr. Atef Ismail\Khaled Dental\Paper2\archive (10)\hypodontia\(1158).JPG,(1158).JPG,Hypodontia,Training
E:\Dr. Atef Ismail\Khaled Dental\Paper2\archive (10)\Gingivitis\(1956).jpg,(1956).jpg,Gingivitis,Training
E:\Dr. Atef Ismail\Khaled Dental\Paper2\archive (10)\Mouth Ulcer\Mouth_Ulcer_0_4440.jpeg,Mouth_Ulcer_0_4440.jpeg,Mouth Ulcer,Training
E:\Dr. Atef Ismail\Khaled Dental\Paper2\archive (10)\Calculus\(201).jpg,(201).jpg,Calculus,Training
E:\Dr. Atef Ismail\Khaled Dental\Paper2\archive (10)\Caries_Gingivitus\(62).jpg,(62).jpg,Caries-Gingivitis,Training
E:\Dr. Atef Ismail\Khaled Dental\Paper2\archive (10)\Tooth Discoloration\Tooth_Discoloration_0_3764.jpeg,Tooth_Discoloration_0_3764.jpeg,Tooth Discoloration,Training
E:\Dr. Atef Ismail\Khaled Dental\Paper2\archive (10)\Mouth Ulcer\Mouth_Ulcer_0_1107.jpeg,Mouth_Ulcer_0_1107.jpeg,Mouth Ulcer,Training
E:\Dr. Atef Ismail\Khaled Dental\Paper2\archive (10)\Tooth Discoloration\Tooth_Discoloration_0_7979.jpeg,Tooth_Discoloration_0_7979.jpeg,Tooth Discoloration,Training
E:\Dr. Atef Ismail\Khaled Dental\Paper2\archive (10)\Tooth Discoloration\Tooth_Discoloration_0_2803.jpeg,Tooth_Discoloration_0_2803.jpeg,Tooth Discoloration,Training
E:\Dr. Atef Ismail\Khaled Dental\Paper2\archive (10)\Tooth Discoloration\Tooth_Discoloration_0_2020.jpeg,Tooth_Discoloration_0_2020.jpeg,Tooth Discoloration,Training
E:\Dr. Atef Ismail\Khaled Dental\Paper2\archive (10)\Gingivitis\(1928).jpg,(1928).jpg,Gingivitis,Training
E:\Dr. Atef Ismail\Khaled Dental\Paper2\archive (10)\Gingivitis\(266).jpg,(266).jpg,Gingivitis,Training
E:\Dr. Atef Ismail\Khaled Dental\Paper2\archive (10)\Gingivitis\(1657).jpg,(1657).jpg,Gingivitis,Training
E:\Dr. Atef Ismail\Khaled Dental\Paper2\archive (10)\Tooth Discoloration\Tooth_Discoloration_0_6006.jpeg,Tooth_Discoloration_0_6006.jpeg,Tooth Discoloration,Training
E:\Dr. Atef Ismail\Khaled Dental\Paper2\archive (10)\hypodontia\(693).jpg,(693).jpg,Hypodontia,Training
E:\Dr. Atef Ismail\Khaled Dental\Paper2\archive (10)\Caries_Gingivitus\(85).jpg,(85).jpg,Caries-Gingivitis,Training
E:\Dr. Atef Ismail\Khaled Dental\Paper2\archive (10)\Gingivitis\(386).jpg,(386).jpg,Gingivitis,Training
E:\Dr. Atef Ismail\Khaled Dental\Paper2\archive (10)\hypodontia\(992).JPG,(992).JPG,Hypodontia,Training
E:\Dr. Atef Ismail\Khaled Dental\Paper2\archive (10)\Mouth Ulcer\Mouth_Ulcer_0_3928.jpeg,Mouth_Ulcer_0_3928.jpeg,Mouth Ulcer,Training
E:\Dr. Atef Ismail\Khaled Dental\Paper2\archive (10)\Gingivitis\(763).jpg,(763).jpg,Gingivitis,Training
E:\Dr. Atef Ismail\Khaled Dental\Paper2\archive (10)\Gingivitis\(347).jpg,(347).jpg,Gingivitis,Training
E:\Dr. Atef Ismail\Khaled Dental\Paper2\archive (10)\Mouth Ulcer\Mouth_Ulcer_0_9022.jpeg,Mouth_Ulcer_0_9022.jpeg,Mouth Ulcer,Training
E:\Dr. Atef Ismail\Khaled Dental\Paper2\archive (10)\Gingivitis\(1146).jpg,(1146).jpg,Gingivitis,Training
E:\Dr. Atef Ismail\Khaled Dental\Paper2\archive (10)\Gingivitis\(2179).jpg,(2179).jpg,Gingivitis,Training
E:\Dr. Atef Ismail\Khaled Dental\Paper2\archive (10)\Gingivitis\(2157).jpg,(2157).jpg,Gingivitis,Training
E:\Dr. Atef Ismail\Khaled Dental\Paper2\archive (10)\Mouth Ulcer\Mouth_Ulcer_0_3188.jpeg,Mouth_Ulcer_0_3188.jpeg,Mouth Ulcer,Training
E:\Dr. Atef Ismail\Khaled Dental\Paper2\archive (10)\Mouth Ulcer\Mouth_Ulcer_0_9629.jpeg,Mouth_Ulcer_0_9629.jpeg,Mouth Ulcer,Training
E:\Dr. Atef Ismail\Khaled Dental\Paper2\archive (10)\Mouth Ulcer\Mouth_Ulcer_0_9920.jpeg,Mouth_Ulcer_0_9920.jpeg,Mouth Ulcer,Training
E:\Dr. Atef Ismail\Khaled Dental\Paper2\archive (10)\Caries_Gingivitus\180.jpg,180.jpg,Caries-Gingivitis,Training
E:\Dr. Atef Ismail\Khaled Dental\Paper2\archive (10)\Tooth Discoloration\Tooth_Discoloration_0_7064.jpeg,Tooth_Discoloration_0_7064.jpeg,Tooth Discoloration,Training
E:\Dr. Atef Ismail\Khaled Dental\Paper2\archive (10)\Calculus\(209).jpg,(209).jpg,Calculus,Training
E:\Dr. Atef Ismail\Khaled Dental\Paper2\archive (10)\Calculus\(768).jpg,(768).jpg,Calculus,Training
E:\Dr. Atef Ismail\Khaled Dental\Paper2\archive (10)\Gingivitis\(59).jpg,(59).jpg,Gingivitis,Training
E:\Dr. Atef Ismail\Khaled Dental\Paper2\archive (10)\Caries_Gingivitus\caries_0_4542.jpeg,caries_0_4542.jpeg,Caries-Gingivitis,Training
E:\Dr. Atef Ismail\Khaled Dental\Paper2\archive (10)\Caries_Gingivitus\40.jpg,40.jpg,Caries-Gingivitis,Training
E:\Dr. Atef Ismail\Khaled Dental\Paper2\archive (10)\hypodontia\(212).JPG,(212).JPG,Hypodontia,Training
E:\Dr. Atef Ismail\Khaled Dental\Paper2\archive (10)\Mouth Ulcer\Mouth_Ulcer_0_6998.jpeg,Mouth_Ulcer_0_6998.jpeg,Mouth Ulcer,Training
E:\Dr. Atef Ismail\Khaled Dental\Paper2\archive (10)\hypodontia\(658).jpg,(658).jpg,Hypodontia,Training
E:\Dr. Atef Ismail\Khaled Dental\Paper2\archive (10)\Tooth Discoloration\Tooth_Discoloration_0_5005.jpeg,Tooth_Discoloration_0_5005.jpeg,Tooth Discoloration,Training
E:\Dr. Atef Ismail\Khaled Dental\Paper2\archive (10)\Caries_Gingivitus\(200).jpg,(200).jpg,Caries-Gingivitis,Training
E:\Dr. Atef Ismail\Khaled Dental\Paper2\archive (10)\hypodontia\(10).JPG,(10).JPG,Hypodontia,Training
E:\Dr. Atef Ismail\Khaled Dental\Paper2\archive (10)\Caries_Gingivitus\399.jpg,399.jpg,Caries-Gingivitis,Training
E:\Dr. Atef Ismail\Khaled Dental\Paper2\archive (10)\Mouth Ulcer\Mouth_Ulcer_0_5126.jpeg,Mouth_Ulcer_0_5126.jpeg,Mouth Ulcer,Training
E:\Dr. Atef Ismail\Khaled Dental\Paper2\archive (10)\Tooth Discoloration\Tooth_Discoloration_0_176.jpeg,Tooth_Discoloration_0_176.jpeg,Tooth Discoloration,Training
E:\Dr. Atef Ismail\Khaled Dental\Paper2\archive (10)\Caries_Gingivitus\caries_0_4955.jpeg,caries_0_4955.jpeg,Caries-Gingivitis,Training
E:\Dr. Atef Ismail\Khaled Dental\Paper2\archive (10)\Caries_Gingivitus\405.jpg,405.jpg,Caries-Gingivitis,Training
E:\Dr. Atef Ismail\Khaled Dental\Paper2\archive (10)\hypodontia\(42).JPG,(42).JPG,Hypodontia,Training
E:\Dr. Atef Ismail\Khaled Dental\Paper2\archive (10)\Gingivitis\(2221).jpg,(2221).jpg,Gingivitis,Training
E:\Dr. Atef Ismail\Khaled Dental\Paper2\archive (10)\hypodontia\(547).jpg,(547).jpg,Hypodontia,Training
E:\Dr. Atef Ismail\Khaled Dental\Paper2\archive (10)\Calculus\(1027).jpg,(1027).jpg,Calculus,Training
E:\Dr. Atef Ismail\Khaled Dental\Paper2\archive (10)\Caries_Gingivitus\250.jpg,250.jpg,Caries-Gingivitis,Training
E:\Dr. Atef Ismail\Khaled Dental\Paper2\archive (10)\Tooth Discoloration\Tooth_Discoloration_0_1392.jpeg,Tooth_Discoloration_0_1392.jpeg,Tooth Discoloration,Training
E:\Dr. Atef Ismail\Khaled Dental\Paper2\archive (10)\hypodontia\(524).jpg,(524).jpg,Hypodontia,Training
E:\Dr. Atef Ismail\Khaled Dental\Paper2\archive (10)\Tooth Discoloration\Tooth_Discoloration_0_2144.jpeg,Tooth_Discoloration_0_2144.jpeg,Tooth Discoloration,Training
E:\Dr. Atef Ismail\Khaled Dental\Paper2\archive (10)\Mouth Ulcer\Mouth_Ulcer_0_7576.jpeg,Mouth_Ulcer_0_7576.jpeg,Mouth Ulcer,Training
E:\Dr. Atef Ismail\Khaled Dental\Paper2\archive (10)\Mouth Ulcer\Mouth_Ulcer_0_1972.jpeg,Mouth_Ulcer_0_1972.jpeg,Mouth Ulcer,Training
E:\Dr. Atef Ismail\Khaled Dental\Paper2\archive (10)\Gingivitis\(2039).jpg,(2039).jpg,Gingivitis,Training
E:\Dr. Atef Ismail\Khaled Dental\Paper2\archive (10)\Gingivitis\(698).jpg,(698).jpg,Gingivitis,Training
E:\Dr. Atef Ismail\Khaled Dental\Paper2\archive (10)\Tooth Discoloration\Tooth_Discoloration_0_3989.jpeg,Tooth_Discoloration_0_3989.jpeg,Tooth Discoloration,Training
E:\Dr. Atef Ismail\Khaled Dental\Paper2\archive (10)\Gingivitis\(2269).jpg,(2269).jpg,Gingivitis,Training
E:\Dr. Atef Ismail\Khaled Dental\Paper2\archive (10)\Gingivitis\(2285).jpg,(2285).jpg,Gingivitis,Training
E:\Dr. Atef Ismail\Khaled Dental\Paper2\archive (10)\Calculus\(136).jpg,(136).jpg,Calculus,Training
E:\Dr. Atef Ismail\Khaled Dental\Paper2\archive (10)\Calculus\(796).jpg,(796).jpg,Calculus,Training
E:\Dr. Atef Ismail\Khaled Dental\Paper2\archive (10)\Tooth Discoloration\Tooth_Discoloration_0_8302.jpeg,Tooth_Discoloration_0_8302.jpeg,Tooth Discoloration,Training
E:\Dr. Atef Ismail\Khaled Dental\Paper2\archive (10)\Gingivitis\(855).jpg,(855).jpg,Gingivitis,Training
E:\Dr. Atef Ismail\Khaled Dental\Paper2\archive (10)\Caries_Gingivitus\145.jpg,145.jpg,Caries-Gingivitis,Training
E:\Dr. Atef Ismail\Khaled Dental\Paper2\archive (10)\Caries_Gingivitus\caries_0_3280.jpeg,caries_0_3280.jpeg,Caries-Gingivitis,Training
E:\Dr. Atef Ismail\Khaled Dental\Paper2\archive (10)\Caries_Gingivitus\caries_0_29.jpeg,caries_0_29.jpeg,Caries-Gingivitis,Training
E:\Dr. Atef Ismail\Khaled Dental\Paper2\archive (10)\Tooth Discoloration\Tooth_Discoloration_0_7896.jpeg,Tooth_Discoloration_0_7896.jpeg,Tooth Discoloration,Training
E:\Dr. Atef Ismail\Khaled Dental\Paper2\archive (10)\Calculus\(379).jpg,(379).jpg,Calculus,Training
E:\Dr. Atef Ismail\Khaled Dental\Paper2\archive (10)\Mouth Ulcer\Mouth_Ulcer_0_8342.jpeg,Mouth_Ulcer_0_8342.jpeg,Mouth Ulcer,Training
E:\Dr. Atef Ismail\Khaled Dental\Paper2\archive (10)\Mouth Ulcer\Mouth_Ulcer_0_3089.jpeg,Mouth_Ulcer_0_3089.jpeg,Mouth Ulcer,Training
E:\Dr. Atef Ismail\Khaled Dental\Paper2\archive (10)\Mouth Ulcer\Mouth_Ulcer_0_8043.jpeg,Mouth_Ulcer_0_8043.jpeg,Mouth Ulcer,Training
E:\Dr. Atef Ismail\Khaled Dental\Paper2\archive (10)\Calculus\(1095).jpg,(1095).jpg,Calculus,Training
E:\Dr. Atef Ismail\Khaled Dental\Paper2\archive (10)\hypodontia\(57).JPG,(57).JPG,Hypodontia,Training
E:\Dr. Atef Ismail\Khaled Dental\Paper2\archive (10)\Gingivitis\(1351).jpg,(1351).jpg,Gingivitis,Training
E:\Dr. Atef Ismail\Khaled Dental\Paper2\archive (10)\Mouth Ulcer\Mouth_Ulcer_0_7774.jpeg,Mouth_Ulcer_0_7774.jpeg,Mouth Ulcer,Training
E:\Dr. Atef Ismail\Khaled Dental\Paper2\archive (10)\Gingivitis\(1672).jpg,(1672).jpg,Gingivitis,Training
E:\Dr. Atef Ismail\Khaled Dental\Paper2\archive (10)\Gingivitis\(1659).jpg,(1659).jpg,Gingivitis,Training
E:\Dr. Atef Ismail\Khaled Dental\Paper2\archive (10)\Gingivitis\(1464).jpg,(1464).jpg,Gingivitis,Training
E:\Dr. Atef Ismail\Khaled Dental\Paper2\archive (10)\Mouth Ulcer\Mouth_Ulcer_0_9899.jpeg,Mouth_Ulcer_0_9899.jpeg,Mouth Ulcer,Training
E:\Dr. Atef Ismail\Khaled Dental\Paper2\archive (10)\Caries_Gingivitus\caries_0_4617.jpeg,caries_0_4617.jpeg,Caries-Gingivitis,Training
E:\Dr. Atef Ismail\Khaled Dental\Paper2\archive (10)\Gingivitis\(297).jpg,(297).jpg,Gingivitis,Training
E:\Dr. Atef Ismail\Khaled Dental\Paper2\archive (10)\hypodontia\(233).JPG,(233).JPG,Hypodontia,Training
E:\Dr. Atef Ismail\Khaled Dental\Paper2\archive (10)\Gingivitis\(1681).jpg,(1681).jpg,Gingivitis,Training
E:\Dr. Atef Ismail\Khaled Dental\Paper2\archive (10)\hypodontia\(807).jpg,(807).jpg,Hypodontia,Training
E:\Dr. Atef Ismail\Khaled Dental\Paper2\archive (10)\Gingivitis\(1662).jpg,(1662).jpg,Gingivitis,Training
E:\Dr. Atef Ismail\Khaled Dental\Paper2\archive (10)\Mouth Ulcer\Mouth_Ulcer_0_5080.jpeg,Mouth_Ulcer_0_5080.jpeg,Mouth Ulcer,Training
E:\Dr. Atef Ismail\Khaled Dental\Paper2\archive (10)\Gingivitis\(66).jpg,(66).jpg,Gingivitis,Training
E:\Dr. Atef Ismail\Khaled Dental\Paper2\archive (10)\Caries_Gingivitus\caries_0_4230.jpeg,caries_0_4230.jpeg,Caries-Gingivitis,Training
E:\Dr. Atef Ismail\Khaled Dental\Paper2\archive (10)\Caries_Gingivitus\303.jpg,303.jpg,Caries-Gingivitis,Training
E:\Dr. Atef Ismail\Khaled Dental\Paper2\archive (10)\Caries_Gingivitus\588.jpg,588.jpg,Caries-Gingivitis,Training
E:\Dr. Atef Ismail\Khaled Dental\Paper2\archive (10)\Caries_Gingivitus\caries_0_5151.jpeg,caries_0_5151.jpeg,Caries-Gingivitis,Training
E:\Dr. Atef Ismail\Khaled Dental\Paper2\archive (10)\Mouth Ulcer\Mouth_Ulcer_0_7804.jpeg,Mouth_Ulcer_0_7804.jpeg,Mouth Ulcer,Training
E:\Dr. Atef Ismail\Khaled Dental\Paper2\archive (10)\hypodontia\(276).jpg,(276).jpg,Hypodontia,Training
E:\Dr. Atef Ismail\Khaled Dental\Paper2\archive (10)\Mouth Ulcer\Mouth_Ulcer_0_5471.jpeg,Mouth_Ulcer_0_5471.jpeg,Mouth Ulcer,Training
E:\Dr. Atef Ismail\Khaled Dental\Paper2\archive (10)\Calculus\(310).jpg,(310).jpg,Calculus,Training
E:\Dr. Atef Ismail\Khaled Dental\Paper2\archive (10)\Mouth Ulcer\Mouth_Ulcer_0_7280.jpeg,Mouth_Ulcer_0_7280.jpeg,Mouth Ulcer,Training
E:\Dr. Atef Ismail\Khaled Dental\Paper2\archive (10)\Calculus\(145).jpg,(145).jpg,Calculus,Training
E:\Dr. Atef Ismail\Khaled Dental\Paper2\archive (10)\Tooth Discoloration\Tooth_Discoloration_0_3343.jpeg,Tooth_Discoloration_0_3343.jpeg,Tooth Discoloration,Training
E:\Dr. Atef Ismail\Khaled Dental\Paper2\archive (10)\Gingivitis\(762).jpg,(762).jpg,Gingivitis,Training
E:\Dr. Atef Ismail\Khaled Dental\Paper2\archive (10)\Tooth Discoloration\Tooth_Discoloration_0_2206.jpeg,Tooth_Discoloration_0_2206.jpeg,Tooth Discoloration,Training
E:\Dr. Atef Ismail\Khaled Dental\Paper2\archive (10)\hypodontia\(875).JPG,(875).JPG,Hypodontia,Training
E:\Dr. Atef Ismail\Khaled Dental\Paper2\archive (10)\Tooth Discoloration\Tooth_Discoloration_0_9706.jpeg,Tooth_Discoloration_0_9706.jpeg,Tooth Discoloration,Training
E:\Dr. Atef Ismail\Khaled Dental\Paper2\archive (10)\Mouth Ulcer\Mouth_Ulcer_0_6748.jpeg,Mouth_Ulcer_0_6748.jpeg,Mouth Ulcer,Training
E:\Dr. Atef Ismail\Khaled Dental\Paper2\archive (10)\Gingivitis\(2144).jpg,(2144).jpg,Gingivitis,Training
E:\Dr. Atef Ismail\Khaled Dental\Paper2\archive (10)\Gingivitis\(652).jpg,(652).jpg,Gingivitis,Training
E:\Dr. Atef Ismail\Khaled Dental\Paper2\archive (10)\Mouth Ulcer\Mouth_Ulcer_0_9149.jpeg,Mouth_Ulcer_0_9149.jpeg,Mouth Ulcer,Training
E:\Dr. Atef Ismail\Khaled Dental\Paper2\archive (10)\Gingivitis\(1155).jpg,(1155).jpg,Gingivitis,Training
E:\Dr. Atef Ismail\Khaled Dental\Paper2\archive (10)\Gingivitis\(1969).jpg,(1969).jpg,Gingivitis,Training
E:\Dr. Atef Ismail\Khaled Dental\Paper2\archive (10)\hypodontia\(1088).JPG,(1088).JPG,Hypodontia,Training
E:\Dr. Atef Ismail\Khaled Dental\Paper2\archive (10)\Gingivitis\(1382).jpg,(1382).jpg,Gingivitis,Training
E:\Dr. Atef Ismail\Khaled Dental\Paper2\archive (10)\Mouth Ulcer\Mouth_Ulcer_0_686.jpeg,Mouth_Ulcer_0_686.jpeg,Mouth Ulcer,Training
E:\Dr. Atef Ismail\Khaled Dental\Paper2\archive (10)\hypodontia\(881).JPG,(881).JPG,Hypodontia,Training
E:\Dr. Atef Ismail\Khaled Dental\Paper2\archive (10)\Mouth Ulcer\Mouth_Ulcer_0_3152.jpeg,Mouth_Ulcer_0_3152.jpeg,Mouth Ulcer,Training
E:\Dr. Atef Ismail\Khaled Dental\Paper2\archive (10)\Gingivitis\(1537).jpg,(1537).jpg,Gingivitis,Training
E:\Dr. Atef Ismail\Khaled Dental\Paper2\archive (10)\Caries_Gingivitus\8.jpg,8.jpg,Caries-Gingivitis,Training
E:\Dr. Atef Ismail\Khaled Dental\Paper2\archive (10)\Mouth Ulcer\Mouth_Ulcer_0_2602.jpeg,Mouth_Ulcer_0_2602.jpeg,Mouth Ulcer,Training
E:\Dr. Atef Ismail\Khaled Dental\Paper2\archive (10)\Mouth Ulcer\Mouth_Ulcer_0_1709.jpeg,Mouth_Ulcer_0_1709.jpeg,Mouth Ulcer,Training
E:\Dr. Atef Ismail\Khaled Dental\Paper2\archive (10)\Calculus\(264).jpg,(264).jpg,Calculus,Training
E:\Dr. Atef Ismail\Khaled Dental\Paper2\archive (10)\Gingivitis\(475).jpg,(475).jpg,Gingivitis,Training
E:\Dr. Atef Ismail\Khaled Dental\Paper2\archive (10)\Tooth Discoloration\Tooth_Discoloration_0_1421.jpeg,Tooth_Discoloration_0_1421.jpeg,Tooth Discoloration,Training
E:\Dr. Atef Ismail\Khaled Dental\Paper2\archive (10)\Gingivitis\(1970).jpg,(1970).jpg,Gingivitis,Training
E:\Dr. Atef Ismail\Khaled Dental\Paper2\archive (10)\Mouth Ulcer\Mouth_Ulcer_0_8583.jpeg,Mouth_Ulcer_0_8583.jpeg,Mouth Ulcer,Training
E:\Dr. Atef Ismail\Khaled Dental\Paper2\archive (10)\Mouth Ulcer\Mouth_Ulcer_0_1341.jpeg,Mouth_Ulcer_0_1341.jpeg,Mouth Ulcer,Training
E:\Dr. Atef Ismail\Khaled Dental\Paper2\archive (10)\Mouth Ulcer\Mouth_Ulcer_0_7759.jpeg,Mouth_Ulcer_0_7759.jpeg,Mouth Ulcer,Training
E:\Dr. Atef Ismail\Khaled Dental\Paper2\archive (10)\hypodontia\(486).jpg,(486).jpg,Hypodontia,Training
E:\Dr. Atef Ismail\Khaled Dental\Paper2\archive (10)\Tooth Discoloration\Tooth_Discoloration_0_9431.jpeg,Tooth_Discoloration_0_9431.jpeg,Tooth Discoloration,Training
E:\Dr. Atef Ismail\Khaled Dental\Paper2\archive (10)\Caries_Gingivitus\caries_0_624.jpeg,caries_0_624.jpeg,Caries-Gingivitis,Training
E:\Dr. Atef Ismail\Khaled Dental\Paper2\archive (10)\Gingivitis\(557).jpg,(557).jpg,Gingivitis,Training
E:\Dr. Atef Ismail\Khaled Dental\Paper2\archive (10)\hypodontia\(162).JPG,(162).JPG,Hypodontia,Training
E:\Dr. Atef Ismail\Khaled Dental\Paper2\archive (10)\hypodontia\(917).JPG,(917).JPG,Hypodontia,Training
E:\Dr. Atef Ismail\Khaled Dental\Paper2\archive (10)\Calculus\(677).jpg,(677).jpg,Calculus,Training
E:\Dr. Atef Ismail\Khaled Dental\Paper2\archive (10)\Gingivitis\(1339).jpg,(1339).jpg,Gingivitis,Training
E:\Dr. Atef Ismail\Khaled Dental\Paper2\archive (10)\hypodontia\(1051).JPG,(1051).JPG,Hypodontia,Training
E:\Dr. Atef Ismail\Khaled Dental\Paper2\archive (10)\Tooth Discoloration\Tooth_Discoloration_0_3757.jpeg,Tooth_Discoloration_0_3757.jpeg,Tooth Discoloration,Training
E:\Dr. Atef Ismail\Khaled Dental\Paper2\archive (10)\Caries_Gingivitus\203.jpg,203.jpg,Caries-Gingivitis,Training
E:\Dr. Atef Ismail\Khaled Dental\Paper2\archive (10)\Gingivitis\(1299).jpg,(1299).jpg,Gingivitis,Training
E:\Dr. Atef Ismail\Khaled Dental\Paper2\archive (10)\hypodontia\(384).jpg,(384).jpg,Hypodontia,Training
E:\Dr. Atef Ismail\Khaled Dental\Paper2\archive (10)\Gingivitis\(1761).jpg,(1761).jpg,Gingivitis,Training
E:\Dr. Atef Ismail\Khaled Dental\Paper2\archive (10)\Gingivitis\(870).jpg,(870).jpg,Gingivitis,Training
E:\Dr. Atef Ismail\Khaled Dental\Paper2\archive (10)\Gingivitis\(193).jpg,(193).jpg,Gingivitis,Training
E:\Dr. Atef Ismail\Khaled Dental\Paper2\archive (10)\Mouth Ulcer\Mouth_Ulcer_0_452.jpeg,Mouth_Ulcer_0_452.jpeg,Mouth Ulcer,Training
E:\Dr. Atef Ismail\Khaled Dental\Paper2\archive (10)\Tooth Discoloration\Tooth_Discoloration_0_8554.jpeg,Tooth_Discoloration_0_8554.jpeg,Tooth Discoloration,Training
E:\Dr. Atef Ismail\Khaled Dental\Paper2\archive (10)\Gingivitis\(1804).jpg,(1804).jpg,Gingivitis,Training
E:\Dr. Atef Ismail\Khaled Dental\Paper2\archive (10)\Caries_Gingivitus\313.jpg,313.jpg,Caries-Gingivitis,Training
E:\Dr. Atef Ismail\Khaled Dental\Paper2\archive (10)\Tooth Discoloration\Tooth_Discoloration_0_2597.jpeg,Tooth_Discoloration_0_2597.jpeg,Tooth Discoloration,Training
E:\Dr. Atef Ismail\Khaled Dental\Paper2\archive (10)\Calculus\(1048).jpg,(1048).jpg,Calculus,Training
E:\Dr. Atef Ismail\Khaled Dental\Paper2\archive (10)\Gingivitis\(1649).jpg,(1649).jpg,Gingivitis,Training
E:\Dr. Atef Ismail\Khaled Dental\Paper2\archive (10)\Mouth Ulcer\Mouth_Ulcer_0_495.jpeg,Mouth_Ulcer_0_495.jpeg,Mouth Ulcer,Training
E:\Dr. Atef Ismail\Khaled Dental\Paper2\archive (10)\hypodontia\(1194).JPG,(1194).JPG,Hypodontia,Training
E:\Dr. Atef Ismail\Khaled Dental\Paper2\archive (10)\Calculus\(417).jpg,(417).jpg,Calculus,Training
E:\Dr. Atef Ismail\Khaled Dental\Paper2\archive (10)\hypodontia\(717).JPG,(717).JPG,Hypodontia,Training
E:\Dr. Atef Ismail\Khaled Dental\Paper2\archive (10)\Caries_Gingivitus\caries_0_3943.jpeg,caries_0_3943.jpeg,Caries-Gingivitis,Training
E:\Dr. Atef Ismail\Khaled Dental\Paper2\archive (10)\Mouth Ulcer\Mouth_Ulcer_0_3442.jpeg,Mouth_Ulcer_0_3442.jpeg,Mouth Ulcer,Training
E:\Dr. Atef Ismail\Khaled Dental\Paper2\archive (10)\hypodontia\(686).jpg,(686).jpg,Hypodontia,Training
E:\Dr. Atef Ismail\Khaled Dental\Paper2\archive (10)\Caries_Gingivitus\615.jpg,615.jpg,Caries-Gingivitis,Training
E:\Dr. Atef Ismail\Khaled Dental\Paper2\archive (10)\Mouth Ulcer\Mouth_Ulcer_0_3000.jpeg,Mouth_Ulcer_0_3000.jpeg,Mouth Ulcer,Training
E:\Dr. Atef Ismail\Khaled Dental\Paper2\archive (10)\Tooth Discoloration\Tooth_Discoloration_0_3845.jpeg,Tooth_Discoloration_0_3845.jpeg,Tooth Discoloration,Training
E:\Dr. Atef Ismail\Khaled Dental\Paper2\archive (10)\Tooth Discoloration\Tooth_Discoloration_0_3527.jpeg,Tooth_Discoloration_0_3527.jpeg,Tooth Discoloration,Training
E:\Dr. Atef Ismail\Khaled Dental\Paper2\archive (10)\Tooth Discoloration\Tooth_Discoloration_0_148.jpeg,Tooth_Discoloration_0_148.jpeg,Tooth Discoloration,Training
E:\Dr. Atef Ismail\Khaled Dental\Paper2\archive (10)\Calculus\(820).jpg,(820).jpg,Calculus,Training
E:\Dr. Atef Ismail\Khaled Dental\Paper2\archive (10)\Mouth Ulcer\Mouth_Ulcer_0_7532.jpeg,Mouth_Ulcer_0_7532.jpeg,Mouth Ulcer,Training
E:\Dr. Atef Ismail\Khaled Dental\Paper2\archive (10)\Mouth Ulcer\Mouth_Ulcer_0_6956.jpeg,Mouth_Ulcer_0_6956.jpeg,Mouth Ulcer,Training
E:\Dr. Atef Ismail\Khaled Dental\Paper2\archive (10)\Tooth Discoloration\Tooth_Discoloration_0_261.jpeg,Tooth_Discoloration_0_261.jpeg,Tooth Discoloration,Training
E:\Dr. Atef Ismail\Khaled Dental\Paper2\archive (10)\Mouth Ulcer\Mouth_Ulcer_0_577.jpeg,Mouth_Ulcer_0_577.jpeg,Mouth Ulcer,Training
E:\Dr. Atef Ismail\Khaled Dental\Paper2\archive (10)\Tooth Discoloration\Tooth_Discoloration_0_6472.jpeg,Tooth_Discoloration_0_6472.jpeg,Tooth Discoloration,Training
E:\Dr. Atef Ismail\Khaled Dental\Paper2\archive (10)\Gingivitis\(1832).jpg,(1832).jpg,Gingivitis,Training
E:\Dr. Atef Ismail\Khaled Dental\Paper2\archive (10)\Gingivitis\(1118).jpg,(1118).jpg,Gingivitis,Training
E:\Dr. Atef Ismail\Khaled Dental\Paper2\archive (10)\Gingivitis\(1492).jpg,(1492).jpg,Gingivitis,Training
E:\Dr. Atef Ismail\Khaled Dental\Paper2\archive (10)\Caries_Gingivitus\435.jpg,435.jpg,Caries-Gingivitis,Training
E:\Dr. Atef Ismail\Khaled Dental\Paper2\archive (10)\Calculus\(247).jpg,(247).jpg,Calculus,Training
E:\Dr. Atef Ismail\Khaled Dental\Paper2\archive (10)\Caries_Gingivitus\(122).jpg,(122).jpg,Caries-Gingivitis,Training
E:\Dr. Atef Ismail\Khaled Dental\Paper2\archive (10)\Gingivitis\(1514).jpg,(1514).jpg,Gingivitis,Training
E:\Dr. Atef Ismail\Khaled Dental\Paper2\archive (10)\Calculus\(115).jpg,(115).jpg,Calculus,Training
E:\Dr. Atef Ismail\Khaled Dental\Paper2\archive (10)\Mouth Ulcer\Mouth_Ulcer_0_1436.jpeg,Mouth_Ulcer_0_1436.jpeg,Mouth Ulcer,Training
E:\Dr. Atef Ismail\Khaled Dental\Paper2\archive (10)\Tooth Discoloration\Tooth_Discoloration_0_1254.jpeg,Tooth_Discoloration_0_1254.jpeg,Tooth Discoloration,Training
E:\Dr. Atef Ismail\Khaled Dental\Paper2\archive (10)\Caries_Gingivitus\caries_0_3767.jpeg,caries_0_3767.jpeg,Caries-Gingivitis,Training
E:\Dr. Atef Ismail\Khaled Dental\Paper2\archive (10)\Mouth Ulcer\Mouth_Ulcer_0_1547.jpeg,Mouth_Ulcer_0_1547.jpeg,Mouth Ulcer,Training
E:\Dr. Atef Ismail\Khaled Dental\Paper2\archive (10)\Gingivitis\(1697).jpg,(1697).jpg,Gingivitis,Training
E:\Dr. Atef Ismail\Khaled Dental\Paper2\archive (10)\Calculus\(331).jpg,(331).jpg,Calculus,Training
E:\Dr. Atef Ismail\Khaled Dental\Paper2\archive (10)\Caries_Gingivitus\(94).jpg,(94).jpg,Caries-Gingivitis,Training
E:\Dr. Atef Ismail\Khaled Dental\Paper2\archive (10)\Caries_Gingivitus\32.jpg,32.jpg,Caries-Gingivitis,Training
E:\Dr. Atef Ismail\Khaled Dental\Paper2\archive (10)\Caries_Gingivitus\310.jpg,310.jpg,Caries-Gingivitis,Training
E:\Dr. Atef Ismail\Khaled Dental\Paper2\archive (10)\hypodontia\(1122).JPG,(1122).JPG,Hypodontia,Training
E:\Dr. Atef Ismail\Khaled Dental\Paper2\archive (10)\Tooth Discoloration\Tooth_Discoloration_0_8772.jpeg,Tooth_Discoloration_0_8772.jpeg,Tooth Discoloration,Training
E:\Dr. Atef Ismail\Khaled Dental\Paper2\archive (10)\Tooth Discoloration\Tooth_Discoloration_0_8899.jpeg,Tooth_Discoloration_0_8899.jpeg,Tooth Discoloration,Training
E:\Dr. Atef Ismail\Khaled Dental\Paper2\archive (10)\Caries_Gingivitus\126.jpg,126.jpg,Caries-Gingivitis,Training
E:\Dr. Atef Ismail\Khaled Dental\Paper2\archive (10)\Gingivitis\(905).jpg,(905).jpg,Gingivitis,Training
E:\Dr. Atef Ismail\Khaled Dental\Paper2\archive (10)\Calculus\(1171).jpg,(1171).jpg,Calculus,Training
E:\Dr. Atef Ismail\Khaled Dental\Paper2\archive (10)\Gingivitis\(435).jpg,(435).jpg,Gingivitis,Training
E:\Dr. Atef Ismail\Khaled Dental\Paper2\archive (10)\Caries_Gingivitus\81.jpg,81.jpg,Caries-Gingivitis,Training
E:\Dr. Atef Ismail\Khaled Dental\Paper2\archive (10)\Caries_Gingivitus\caries_0_4701.jpeg,caries_0_4701.jpeg,Caries-Gingivitis,Training
E:\Dr. Atef Ismail\Khaled Dental\Paper2\archive (10)\Mouth Ulcer\Mouth_Ulcer_0_4345.jpeg,Mouth_Ulcer_0_4345.jpeg,Mouth Ulcer,Training
E:\Dr. Atef Ismail\Khaled Dental\Paper2\archive (10)\Gingivitis\(1084).jpg,(1084).jpg,Gingivitis,Training
E:\Dr. Atef Ismail\Khaled Dental\Paper2\archive (10)\Gingivitis\(686).jpg,(686).jpg,Gingivitis,Training
E:\Dr. Atef Ismail\Khaled Dental\Paper2\archive (10)\Mouth Ulcer\Mouth_Ulcer_0_6622.jpeg,Mouth_Ulcer_0_6622.jpeg,Mouth Ulcer,Training
E:\Dr. Atef Ismail\Khaled Dental\Paper2\archive (10)\hypodontia\(453).JPG,(453).JPG,Hypodontia,Training
E:\Dr. Atef Ismail\Khaled Dental\Paper2\archive (10)\Gingivitis\(897).jpg,(897).jpg,Gingivitis,Training
E:\Dr. Atef Ismail\Khaled Dental\Paper2\archive (10)\Mouth Ulcer\Mouth_Ulcer_0_917.jpeg,Mouth_Ulcer_0_917.jpeg,Mouth Ulcer,Training
E:\Dr. Atef Ismail\Khaled Dental\Paper2\archive (10)\Caries_Gingivitus\caries_0_308.jpeg,caries_0_308.jpeg,Caries-Gingivitis,Training
E:\Dr. Atef Ismail\Khaled Dental\Paper2\archive (10)\Caries_Gingivitus\caries_0_219.jpeg,caries_0_219.jpeg,Caries-Gingivitis,Training
E:\Dr. Atef Ismail\Khaled Dental\Paper2\archive (10)\Mouth Ulcer\Mouth_Ulcer_0_5304.jpeg,Mouth_Ulcer_0_5304.jpeg,Mouth Ulcer,Training
E:\Dr. Atef Ismail\Khaled Dental\Paper2\archive (10)\Caries_Gingivitus\caries_0_431.jpeg,caries_0_431.jpeg,Caries-Gingivitis,Training
E:\Dr. Atef Ismail\Khaled Dental\Paper2\archive (10)\Tooth Discoloration\Tooth_Discoloration_0_7463.jpeg,Tooth_Discoloration_0_7463.jpeg,Tooth Discoloration,Training
E:\Dr. Atef Ismail\Khaled Dental\Paper2\archive (10)\Calculus\(238).jpg,(238).jpg,Calculus,Training
E:\Dr. Atef Ismail\Khaled Dental\Paper2\archive (10)\Tooth Discoloration\Tooth_Discoloration_0_6024.jpeg,Tooth_Discoloration_0_6024.jpeg,Tooth Discoloration,Training
E:\Dr. Atef Ismail\Khaled Dental\Paper2\archive (10)\Gingivitis\(1011).jpg,(1011).jpg,Gingivitis,Training
E:\Dr. Atef Ismail\Khaled Dental\Paper2\archive (10)\Caries_Gingivitus\595.jpg,595.jpg,Caries-Gingivitis,Training
E:\Dr. Atef Ismail\Khaled Dental\Paper2\archive (10)\Mouth Ulcer\Mouth_Ulcer_0_9992.jpeg,Mouth_Ulcer_0_9992.jpeg,Mouth Ulcer,Training
E:\Dr. Atef Ismail\Khaled Dental\Paper2\archive (10)\Mouth Ulcer\Mouth_Ulcer_0_5557.jpeg,Mouth_Ulcer_0_5557.jpeg,Mouth Ulcer,Training
E:\Dr. Atef Ismail\Khaled Dental\Paper2\archive (10)\Caries_Gingivitus\caries_0_5021.jpeg,caries_0_5021.jpeg,Caries-Gingivitis,Training
E:\Dr. Atef Ismail\Khaled Dental\Paper2\archive (10)\Mouth Ulcer\Mouth_Ulcer_0_4732.jpeg,Mouth_Ulcer_0_4732.jpeg,Mouth Ulcer,Training
E:\Dr. Atef Ismail\Khaled Dental\Paper2\archive (10)\Calculus\(673).jpg,(673).jpg,Calculus,Training
E:\Dr. Atef Ismail\Khaled Dental\Paper2\archive (10)\Mouth Ulcer\Mouth_Ulcer_0_9145.jpeg,Mouth_Ulcer_0_9145.jpeg,Mouth Ulcer,Training
E:\Dr. Atef Ismail\Khaled Dental\Paper2\archive (10)\Mouth Ulcer\Mouth_Ulcer_0_3251.jpeg,Mouth_Ulcer_0_3251.jpeg,Mouth Ulcer,Training
E:\Dr. Atef Ismail\Khaled Dental\Paper2\archive (10)\Tooth Discoloration\Tooth_Discoloration_0_8449.jpeg,Tooth_Discoloration_0_8449.jpeg,Tooth Discoloration,Training
E:\Dr. Atef Ismail\Khaled Dental\Paper2\archive (10)\Caries_Gingivitus\(19).jpg,(19).jpg,Caries-Gingivitis,Training
E:\Dr. Atef Ismail\Khaled Dental\Paper2\archive (10)\Gingivitis\(1229).jpg,(1229).jpg,Gingivitis,Training
E:\Dr. Atef Ismail\Khaled Dental\Paper2\archive (10)\Caries_Gingivitus\556.jpg,556.jpg,Caries-Gingivitis,Training
E:\Dr. Atef Ismail\Khaled Dental\Paper2\archive (10)\Mouth Ulcer\Mouth_Ulcer_0_8136.jpeg,Mouth_Ulcer_0_8136.jpeg,Mouth Ulcer,Training
E:\Dr. Atef Ismail\Khaled Dental\Paper2\archive (10)\Mouth Ulcer\Mouth_Ulcer_0_3830.jpeg,Mouth_Ulcer_0_3830.jpeg,Mouth Ulcer,Training
E:\Dr. Atef Ismail\Khaled Dental\Paper2\archive (10)\hypodontia\(1073).JPG,(1073).JPG,Hypodontia,Training
E:\Dr. Atef Ismail\Khaled Dental\Paper2\archive (10)\Calculus\(163).jpg,(163).jpg,Calculus,Training
E:\Dr. Atef Ismail\Khaled Dental\Paper2\archive (10)\Mouth Ulcer\Mouth_Ulcer_0_1004.jpeg,Mouth_Ulcer_0_1004.jpeg,Mouth Ulcer,Training
E:\Dr. Atef Ismail\Khaled Dental\Paper2\archive (10)\Caries_Gingivitus\caries_0_416.jpeg,caries_0_416.jpeg,Caries-Gingivitis,Training
E:\Dr. Atef Ismail\Khaled Dental\Paper2\archive (10)\Mouth Ulcer\Mouth_Ulcer_0_5866.jpeg,Mouth_Ulcer_0_5866.jpeg,Mouth Ulcer,Training
E:\Dr. Atef Ismail\Khaled Dental\Paper2\archive (10)\hypodontia\(203).JPG,(203).JPG,Hypodontia,Training
E:\Dr. Atef Ismail\Khaled Dental\Paper2\archive (10)\Gingivitis\(2183).jpg,(2183).jpg,Gingivitis,Training
E:\Dr. Atef Ismail\Khaled Dental\Paper2\archive (10)\Caries_Gingivitus\caries_0_4071.jpeg,caries_0_4071.jpeg,Caries-Gingivitis,Training
E:\Dr. Atef Ismail\Khaled Dental\Paper2\archive (10)\Tooth Discoloration\Tooth_Discoloration_0_3400.jpeg,Tooth_Discoloration_0_3400.jpeg,Tooth Discoloration,Training
E:\Dr. Atef Ismail\Khaled Dental\Paper2\archive (10)\Gingivitis\(1538).jpg,(1538).jpg,Gingivitis,Training
E:\Dr. Atef Ismail\Khaled Dental\Paper2\archive (10)\hypodontia\(492).JPG,(492).JPG,Hypodontia,Training
E:\Dr. Atef Ismail\Khaled Dental\Paper2\archive (10)\hypodontia\(958).jpg,(958).jpg,Hypodontia,Training
E:\Dr. Atef Ismail\Khaled Dental\Paper2\archive (10)\Gingivitis\(2312).jpg,(2312).jpg,Gingivitis,Training
E:\Dr. Atef Ismail\Khaled Dental\Paper2\archive (10)\Mouth Ulcer\Mouth_Ulcer_0_3606.jpeg,Mouth_Ulcer_0_3606.jpeg,Mouth Ulcer,Training
E:\Dr. Atef Ismail\Khaled Dental\Paper2\archive (10)\Caries_Gingivitus\caries_0_5091.jpeg,caries_0_5091.jpeg,Caries-Gingivitis,Training
E:\Dr. Atef Ismail\Khaled Dental\Paper2\archive (10)\Tooth Discoloration\Tooth_Discoloration_0_2062.jpeg,Tooth_Discoloration_0_2062.jpeg,Tooth Discoloration,Training
E:\Dr. Atef Ismail\Khaled Dental\Paper2\archive (10)\Tooth Discoloration\Tooth_Discoloration_0_5678.jpeg,Tooth_Discoloration_0_5678.jpeg,Tooth Discoloration,Training
E:\Dr. Atef Ismail\Khaled Dental\Paper2\archive (10)\Caries_Gingivitus\183.jpg,183.jpg,Caries-Gingivitis,Training
E:\Dr. Atef Ismail\Khaled Dental\Paper2\archive (10)\Mouth Ulcer\Mouth_Ulcer_0_9151.jpeg,Mouth_Ulcer_0_9151.jpeg,Mouth Ulcer,Training
E:\Dr. Atef Ismail\Khaled Dental\Paper2\archive (10)\hypodontia\(311).JPG,(311).JPG,Hypodontia,Training
E:\Dr. Atef Ismail\Khaled Dental\Paper2\archive (10)\Caries_Gingivitus\caries_0_4194.jpeg,caries_0_4194.jpeg,Caries-Gingivitis,Training
E:\Dr. Atef Ismail\Khaled Dental\Paper2\archive (10)\Tooth Discoloration\Tooth_Discoloration_0_8534.jpeg,Tooth_Discoloration_0_8534.jpeg,Tooth Discoloration,Training
E:\Dr. Atef Ismail\Khaled Dental\Paper2\archive (10)\Mouth Ulcer\Mouth_Ulcer_0_6463.jpeg,Mouth_Ulcer_0_6463.jpeg,Mouth Ulcer,Training
E:\Dr. Atef Ismail\Khaled Dental\Paper2\archive (10)\Tooth Discoloration\Tooth_Discoloration_0_4996.jpeg,Tooth_Discoloration_0_4996.jpeg,Tooth Discoloration,Training
E:\Dr. Atef Ismail\Khaled Dental\Paper2\archive (10)\Gingivitis\(2236).jpg,(2236).jpg,Gingivitis,Training
E:\Dr. Atef Ismail\Khaled Dental\Paper2\archive (10)\Mouth Ulcer\Mouth_Ulcer_0_8882.jpeg,Mouth_Ulcer_0_8882.jpeg,Mouth Ulcer,Training
E:\Dr. Atef Ismail\Khaled Dental\Paper2\archive (10)\Gingivitis\(1599).jpg,(1599).jpg,Gingivitis,Training
E:\Dr. Atef Ismail\Khaled Dental\Paper2\archive (10)\Gingivitis\(1611).jpg,(1611).jpg,Gingivitis,Training
E:\Dr. Atef Ismail\Khaled Dental\Paper2\archive (10)\Caries_Gingivitus\caries_0_4688.jpeg,caries_0_4688.jpeg,Caries-Gingivitis,Training
E:\Dr. Atef Ismail\Khaled Dental\Paper2\archive (10)\Tooth Discoloration\Tooth_Discoloration_0_8693.jpeg,Tooth_Discoloration_0_8693.jpeg,Tooth Discoloration,Training
E:\Dr. Atef Ismail\Khaled Dental\Paper2\archive (10)\hypodontia\(963).jpg,(963).jpg,Hypodontia,Training
E:\Dr. Atef Ismail\Khaled Dental\Paper2\archive (10)\Tooth Discoloration\Tooth_Discoloration_0_1785.jpeg,Tooth_Discoloration_0_1785.jpeg,Tooth Discoloration,Training
E:\Dr. Atef Ismail\Khaled Dental\Paper2\archive (10)\Mouth Ulcer\Mouth_Ulcer_0_8377.jpeg,Mouth_Ulcer_0_8377.jpeg,Mouth Ulcer,Training
E:\Dr. Atef Ismail\Khaled Dental\Paper2\archive (10)\Calculus\(405).jpg,(405).jpg,Calculus,Training
E:\Dr. Atef Ismail\Khaled Dental\Paper2\archive (10)\Tooth Discoloration\Tooth_Discoloration_0_1973.jpeg,Tooth_Discoloration_0_1973.jpeg,Tooth Discoloration,Training
E:\Dr. Atef Ismail\Khaled Dental\Paper2\archive (10)\hypodontia\(803).jpg,(803).jpg,Hypodontia,Training
E:\Dr. Atef Ismail\Khaled Dental\Paper2\archive (10)\hypodontia\(679).jpg,(679).jpg,Hypodontia,Training
E:\Dr. Atef Ismail\Khaled Dental\Paper2\archive (10)\Gingivitis\(1605).jpg,(1605).jpg,Gingivitis,Training
E:\Dr. Atef Ismail\Khaled Dental\Paper2\archive (10)\Calculus\(975).jpg,(975).jpg,Calculus,Training
E:\Dr. Atef Ismail\Khaled Dental\Paper2\archive (10)\Gingivitis\(2215).jpg,(2215).jpg,Gingivitis,Training
E:\Dr. Atef Ismail\Khaled Dental\Paper2\archive (10)\hypodontia\(407).jpg,(407).jpg,Hypodontia,Training
E:\Dr. Atef Ismail\Khaled Dental\Paper2\archive (10)\Gingivitis\(815).jpg,(815).jpg,Gingivitis,Training
E:\Dr. Atef Ismail\Khaled Dental\Paper2\archive (10)\hypodontia\(1023).JPG,(1023).JPG,Hypodontia,Training
E:\Dr. Atef Ismail\Khaled Dental\Paper2\archive (10)\hypodontia\(104).jpg,(104).jpg,Hypodontia,Training
E:\Dr. Atef Ismail\Khaled Dental\Paper2\archive (10)\Caries_Gingivitus\593.jpg,593.jpg,Caries-Gingivitis,Training
E:\Dr. Atef Ismail\Khaled Dental\Paper2\archive (10)\Mouth Ulcer\Mouth_Ulcer_0_4808.jpeg,Mouth_Ulcer_0_4808.jpeg,Mouth Ulcer,Training
E:\Dr. Atef Ismail\Khaled Dental\Paper2\archive (10)\hypodontia\(805).jpg,(805).jpg,Hypodontia,Training
E:\Dr. Atef Ismail\Khaled Dental\Paper2\archive (10)\Mouth Ulcer\Mouth_Ulcer_0_1694.jpeg,Mouth_Ulcer_0_1694.jpeg,Mouth Ulcer,Training
E:\Dr. Atef Ismail\Khaled Dental\Paper2\archive (10)\Tooth Discoloration\Tooth_Discoloration_0_8553.jpeg,Tooth_Discoloration_0_8553.jpeg,Tooth Discoloration,Training
E:\Dr. Atef Ismail\Khaled Dental\Paper2\archive (10)\Gingivitis\(2062).jpg,(2062).jpg,Gingivitis,Training
E:\Dr. Atef Ismail\Khaled Dental\Paper2\archive (10)\Caries_Gingivitus\caries_0_4655.jpeg,caries_0_4655.jpeg,Caries-Gingivitis,Training
E:\Dr. Atef Ismail\Khaled Dental\Paper2\archive (10)\Tooth Discoloration\Tooth_Discoloration_0_5673.jpeg,Tooth_Discoloration_0_5673.jpeg,Tooth Discoloration,Training
E:\Dr. Atef Ismail\Khaled Dental\Paper2\archive (10)\hypodontia\(1174).JPG,(1174).JPG,Hypodontia,Training
E:\Dr. Atef Ismail\Khaled Dental\Paper2\archive (10)\Gingivitis\(2327).jpg,(2327).jpg,Gingivitis,Training
E:\Dr. Atef Ismail\Khaled Dental\Paper2\archive (10)\hypodontia\(542).jpg,(542).jpg,Hypodontia,Training
E:\Dr. Atef Ismail\Khaled Dental\Paper2\archive (10)\Calculus\(1073).jpg,(1073).jpg,Calculus,Training
E:\Dr. Atef Ismail\Khaled Dental\Paper2\archive (10)\Calculus\(1011).jpg,(1011).jpg,Calculus,Training
E:\Dr. Atef Ismail\Khaled Dental\Paper2\archive (10)\Gingivitis\(1809).jpg,(1809).jpg,Gingivitis,Training
E:\Dr. Atef Ismail\Khaled Dental\Paper2\archive (10)\hypodontia\(288).JPG,(288).JPG,Hypodontia,Training
E:\Dr. Atef Ismail\Khaled Dental\Paper2\archive (10)\hypodontia\(964).jpg,(964).jpg,Hypodontia,Training
E:\Dr. Atef Ismail\Khaled Dental\Paper2\archive (10)\Gingivitis\(1828).jpg,(1828).jpg,Gingivitis,Training
E:\Dr. Atef Ismail\Khaled Dental\Paper2\archive (10)\Gingivitis\(109).jpg,(109).jpg,Gingivitis,Training
E:\Dr. Atef Ismail\Khaled Dental\Paper2\archive (10)\Caries_Gingivitus\caries_0_5195.jpeg,caries_0_5195.jpeg,Caries-Gingivitis,Training
E:\Dr. Atef Ismail\Khaled Dental\Paper2\archive (10)\hypodontia\(610).JPG,(610).JPG,Hypodontia,Training
E:\Dr. Atef Ismail\Khaled Dental\Paper2\archive (10)\Calculus\(134).jpg,(134).jpg,Calculus,Training
E:\Dr. Atef Ismail\Khaled Dental\Paper2\archive (10)\Gingivitis\(1108).jpg,(1108).jpg,Gingivitis,Training
E:\Dr. Atef Ismail\Khaled Dental\Paper2\archive (10)\Gingivitis\(769).jpg,(769).jpg,Gingivitis,Training
E:\Dr. Atef Ismail\Khaled Dental\Paper2\archive (10)\Calculus\(1283).jpg,(1283).jpg,Calculus,Training
E:\Dr. Atef Ismail\Khaled Dental\Paper2\archive (10)\Mouth Ulcer\Mouth_Ulcer_0_5060.jpeg,Mouth_Ulcer_0_5060.jpeg,Mouth Ulcer,Training
E:\Dr. Atef Ismail\Khaled Dental\Paper2\archive (10)\hypodontia\(706).JPG,(706).JPG,Hypodontia,Training
E:\Dr. Atef Ismail\Khaled Dental\Paper2\archive (10)\Tooth Discoloration\Tooth_Discoloration_0_1948.jpeg,Tooth_Discoloration_0_1948.jpeg,Tooth Discoloration,Training
E:\Dr. Atef Ismail\Khaled Dental\Paper2\archive (10)\Calculus\(25).jpg,(25).jpg,Calculus,Training
E:\Dr. Atef Ismail\Khaled Dental\Paper2\archive (10)\hypodontia\(332).JPG,(332).JPG,Hypodontia,Training
E:\Dr. Atef Ismail\Khaled Dental\Paper2\archive (10)\Mouth Ulcer\Mouth_Ulcer_0_3564.jpeg,Mouth_Ulcer_0_3564.jpeg,Mouth Ulcer,Training
E:\Dr. Atef Ismail\Khaled Dental\Paper2\archive (10)\Tooth Discoloration\Tooth_Discoloration_0_7196.jpeg,Tooth_Discoloration_0_7196.jpeg,Tooth Discoloration,Training
E:\Dr. Atef Ismail\Khaled Dental\Paper2\archive (10)\Gingivitis\(1795).jpg,(1795).jpg,Gingivitis,Training
E:\Dr. Atef Ismail\Khaled Dental\Paper2\archive (10)\Gingivitis\(2305).jpg,(2305).jpg,Gingivitis,Training
E:\Dr. Atef Ismail\Khaled Dental\Paper2\archive (10)\Mouth Ulcer\Mouth_Ulcer_0_5797.jpeg,Mouth_Ulcer_0_5797.jpeg,Mouth Ulcer,Training
E:\Dr. Atef Ismail\Khaled Dental\Paper2\archive (10)\Mouth Ulcer\Mouth_Ulcer_0_3596.jpeg,Mouth_Ulcer_0_3596.jpeg,Mouth Ulcer,Training
E:\Dr. Atef Ismail\Khaled Dental\Paper2\archive (10)\Mouth Ulcer\Mouth_Ulcer_0_1252.jpeg,Mouth_Ulcer_0_1252.jpeg,Mouth Ulcer,Training
E:\Dr. Atef Ismail\Khaled Dental\Paper2\archive (10)\hypodontia\(1206).JPG,(1206).JPG,Hypodontia,Training
E:\Dr. Atef Ismail\Khaled Dental\Paper2\archive (10)\Mouth Ulcer\Mouth_Ulcer_0_1223.jpeg,Mouth_Ulcer_0_1223.jpeg,Mouth Ulcer,Training
E:\Dr. Atef Ismail\Khaled Dental\Paper2\archive (10)\Tooth Discoloration\Tooth_Discoloration_0_9629.jpeg,Tooth_Discoloration_0_9629.jpeg,Tooth Discoloration,Training
E:\Dr. Atef Ismail\Khaled Dental\Paper2\archive (10)\Calculus\(875).jpg,(875).jpg,Calculus,Training
E:\Dr. Atef Ismail\Khaled Dental\Paper2\archive (10)\hypodontia\(778).JPG,(778).JPG,Hypodontia,Training
E:\Dr. Atef Ismail\Khaled Dental\Paper2\archive (10)\hypodontia\(1235).jpg,(1235).jpg,Hypodontia,Training
E:\Dr. Atef Ismail\Khaled Dental\Paper2\archive (10)\Gingivitis\(1002).jpg,(1002).jpg,Gingivitis,Training
E:\Dr. Atef Ismail\Khaled Dental\Paper2\archive (10)\Caries_Gingivitus\caries_0_4042.jpeg,caries_0_4042.jpeg,Caries-Gingivitis,Training
E:\Dr. Atef Ismail\Khaled Dental\Paper2\archive (10)\hypodontia\(1157).JPG,(1157).JPG,Hypodontia,Training
E:\Dr. Atef Ismail\Khaled Dental\Paper2\archive (10)\Gingivitis\(506).jpg,(506).jpg,Gingivitis,Training
E:\Dr. Atef Ismail\Khaled Dental\Paper2\archive (10)\Mouth Ulcer\Mouth_Ulcer_0_517.jpeg,Mouth_Ulcer_0_517.jpeg,Mouth Ulcer,Training
E:\Dr. Atef Ismail\Khaled Dental\Paper2\archive (10)\Mouth Ulcer\Mouth_Ulcer_0_4519.jpeg,Mouth_Ulcer_0_4519.jpeg,Mouth Ulcer,Training
E:\Dr. Atef Ismail\Khaled Dental\Paper2\archive (10)\hypodontia\(906).JPG,(906).JPG,Hypodontia,Training
E:\Dr. Atef Ismail\Khaled Dental\Paper2\archive (10)\Calculus\(70).jpg,(70).jpg,Calculus,Training
E:\Dr. Atef Ismail\Khaled Dental\Paper2\archive (10)\Mouth Ulcer\Mouth_Ulcer_0_1831.jpeg,Mouth_Ulcer_0_1831.jpeg,Mouth Ulcer,Training
E:\Dr. Atef Ismail\Khaled Dental\Paper2\archive (10)\Calculus\(645).jpg,(645).jpg,Calculus,Training
E:\Dr. Atef Ismail\Khaled Dental\Paper2\archive (10)\Gingivitis\(41).jpg,(41).jpg,Gingivitis,Training
E:\Dr. Atef Ismail\Khaled Dental\Paper2\archive (10)\Mouth Ulcer\Mouth_Ulcer_0_194.jpeg,Mouth_Ulcer_0_194.jpeg,Mouth Ulcer,Training
E:\Dr. Atef Ismail\Khaled Dental\Paper2\archive (10)\Gingivitis\(1818).jpg,(1818).jpg,Gingivitis,Training
E:\Dr. Atef Ismail\Khaled Dental\Paper2\archive (10)\Caries_Gingivitus\490.jpg,490.jpg,Caries-Gingivitis,Training
E:\Dr. Atef Ismail\Khaled Dental\Paper2\archive (10)\Mouth Ulcer\Mouth_Ulcer_0_3058.jpeg,Mouth_Ulcer_0_3058.jpeg,Mouth Ulcer,Training
E:\Dr. Atef Ismail\Khaled Dental\Paper2\archive (10)\Caries_Gingivitus\170.jpg,170.jpg,Caries-Gingivitis,Training
E:\Dr. Atef Ismail\Khaled Dental\Paper2\archive (10)\Tooth Discoloration\Tooth_Discoloration_0_9420.jpeg,Tooth_Discoloration_0_9420.jpeg,Tooth Discoloration,Training
E:\Dr. Atef Ismail\Khaled Dental\Paper2\archive (10)\Mouth Ulcer\Mouth_Ulcer_0_9261.jpeg,Mouth_Ulcer_0_9261.jpeg,Mouth Ulcer,Training
E:\Dr. Atef Ismail\Khaled Dental\Paper2\archive (10)\hypodontia\(1243).JPG,(1243).JPG,Hypodontia,Training
E:\Dr. Atef Ismail\Khaled Dental\Paper2\archive (10)\Mouth Ulcer\Mouth_Ulcer_0_8260.jpeg,Mouth_Ulcer_0_8260.jpeg,Mouth Ulcer,Training
E:\Dr. Atef Ismail\Khaled Dental\Paper2\archive (10)\Tooth Discoloration\Tooth_Discoloration_0_2796.jpeg,Tooth_Discoloration_0_2796.jpeg,Tooth Discoloration,Training
E:\Dr. Atef Ismail\Khaled Dental\Paper2\archive (10)\hypodontia\(618).JPG,(618).JPG,Hypodontia,Training
E:\Dr. Atef Ismail\Khaled Dental\Paper2\archive (10)\Mouth Ulcer\Mouth_Ulcer_0_3281.jpeg,Mouth_Ulcer_0_3281.jpeg,Mouth Ulcer,Training
E:\Dr. Atef Ismail\Khaled Dental\Paper2\archive (10)\Gingivitis\(804).jpg,(804).jpg,Gingivitis,Training
E:\Dr. Atef Ismail\Khaled Dental\Paper2\archive (10)\Calculus\(487).jpg,(487).jpg,Calculus,Training
E:\Dr. Atef Ismail\Khaled Dental\Paper2\archive (10)\Calculus\(216).jpg,(216).jpg,Calculus,Training
E:\Dr. Atef Ismail\Khaled Dental\Paper2\archive (10)\Gingivitis\(1245).jpg,(1245).jpg,Gingivitis,Training
E:\Dr. Atef Ismail\Khaled Dental\Paper2\archive (10)\Gingivitis\(1968).jpg,(1968).jpg,Gingivitis,Training
E:\Dr. Atef Ismail\Khaled Dental\Paper2\archive (10)\Tooth Discoloration\Tooth_Discoloration_0_1489.jpeg,Tooth_Discoloration_0_1489.jpeg,Tooth Discoloration,Training
E:\Dr. Atef Ismail\Khaled Dental\Paper2\archive (10)\Caries_Gingivitus\381.jpg,381.jpg,Caries-Gingivitis,Training
E:\Dr. Atef Ismail\Khaled Dental\Paper2\archive (10)\hypodontia\(448).JPG,(448).JPG,Hypodontia,Training
E:\Dr. Atef Ismail\Khaled Dental\Paper2\archive (10)\Gingivitis\(446).jpg,(446).jpg,Gingivitis,Training
E:\Dr. Atef Ismail\Khaled Dental\Paper2\archive (10)\Calculus\(26).jpg,(26).jpg,Calculus,Training
E:\Dr. Atef Ismail\Khaled Dental\Paper2\archive (10)\Calculus\(72).jpg,(72).jpg,Calculus,Training
E:\Dr. Atef Ismail\Khaled Dental\Paper2\archive (10)\Gingivitis\(938).jpg,(938).jpg,Gingivitis,Training
E:\Dr. Atef Ismail\Khaled Dental\Paper2\archive (10)\Tooth Discoloration\Tooth_Discoloration_0_8536.jpeg,Tooth_Discoloration_0_8536.jpeg,Tooth Discoloration,Training
E:\Dr. Atef Ismail\Khaled Dental\Paper2\archive (10)\Gingivitis\(952).jpg,(952).jpg,Gingivitis,Training
E:\Dr. Atef Ismail\Khaled Dental\Paper2\archive (10)\Mouth Ulcer\Mouth_Ulcer_0_9218.jpeg,Mouth_Ulcer_0_9218.jpeg,Mouth Ulcer,Training
E:\Dr. Atef Ismail\Khaled Dental\Paper2\archive (10)\Caries_Gingivitus\caries_0_84.jpeg,caries_0_84.jpeg,Caries-Gingivitis,Training
E:\Dr. Atef Ismail\Khaled Dental\Paper2\archive (10)\Gingivitis\(417).jpg,(417).jpg,Gingivitis,Training
E:\Dr. Atef Ismail\Khaled Dental\Paper2\archive (10)\Caries_Gingivitus\601.jpg,601.jpg,Caries-Gingivitis,Training
E:\Dr. Atef Ismail\Khaled Dental\Paper2\archive (10)\Mouth Ulcer\Mouth_Ulcer_0_5579.jpeg,Mouth_Ulcer_0_5579.jpeg,Mouth Ulcer,Training
E:\Dr. Atef Ismail\Khaled Dental\Paper2\archive (10)\hypodontia\(36).JPG,(36).JPG,Hypodontia,Training
E:\Dr. Atef Ismail\Khaled Dental\Paper2\archive (10)\Mouth Ulcer\Mouth_Ulcer_0_618.jpeg,Mouth_Ulcer_0_618.jpeg,Mouth Ulcer,Training
E:\Dr. Atef Ismail\Khaled Dental\Paper2\archive (10)\Mouth Ulcer\Mouth_Ulcer_0_4546.jpeg,Mouth_Ulcer_0_4546.jpeg,Mouth Ulcer,Training
E:\Dr. Atef Ismail\Khaled Dental\Paper2\archive (10)\Mouth Ulcer\Mouth_Ulcer_0_4812.jpeg,Mouth_Ulcer_0_4812.jpeg,Mouth Ulcer,Training
E:\Dr. Atef Ismail\Khaled Dental\Paper2\archive (10)\hypodontia\(409).JPG,(409).JPG,Hypodontia,Training
E:\Dr. Atef Ismail\Khaled Dental\Paper2\archive (10)\Gingivitis\(2332).jpg,(2332).jpg,Gingivitis,Training
E:\Dr. Atef Ismail\Khaled Dental\Paper2\archive (10)\Gingivitis\(625).jpg,(625).jpg,Gingivitis,Training
E:\Dr. Atef Ismail\Khaled Dental\Paper2\archive (10)\hypodontia\(831).jpg,(831).jpg,Hypodontia,Training
E:\Dr. Atef Ismail\Khaled Dental\Paper2\archive (10)\Caries_Gingivitus\caries_0_532.jpeg,caries_0_532.jpeg,Caries-Gingivitis,Training
E:\Dr. Atef Ismail\Khaled Dental\Paper2\archive (10)\Mouth Ulcer\Mouth_Ulcer_0_2067.jpeg,Mouth_Ulcer_0_2067.jpeg,Mouth Ulcer,Training
E:\Dr. Atef Ismail\Khaled Dental\Paper2\archive (10)\hypodontia\(796).JPG,(796).JPG,Hypodontia,Training
E:\Dr. Atef Ismail\Khaled Dental\Paper2\archive (10)\hypodontia\(373).JPG,(373).JPG,Hypodontia,Training
E:\Dr. Atef Ismail\Khaled Dental\Paper2\archive (10)\Tooth Discoloration\Tooth_Discoloration_0_7946.jpeg,Tooth_Discoloration_0_7946.jpeg,Tooth Discoloration,Training
E:\Dr. Atef Ismail\Khaled Dental\Paper2\archive (10)\Calculus\(542).jpg,(542).jpg,Calculus,Training
E:\Dr. Atef Ismail\Khaled Dental\Paper2\archive (10)\Caries_Gingivitus\caries_0_230.jpeg,caries_0_230.jpeg,Caries-Gingivitis,Training
E:\Dr. Atef Ismail\Khaled Dental\Paper2\archive (10)\Gingivitis\(915).jpg,(915).jpg,Gingivitis,Training
E:\Dr. Atef Ismail\Khaled Dental\Paper2\archive (10)\hypodontia\(1215).JPG,(1215).JPG,Hypodontia,Training
E:\Dr. Atef Ismail\Khaled Dental\Paper2\archive (10)\Calculus\(1094).jpg,(1094).jpg,Calculus,Training
E:\Dr. Atef Ismail\Khaled Dental\Paper2\archive (10)\Tooth Discoloration\Tooth_Discoloration_0_3933.jpeg,Tooth_Discoloration_0_3933.jpeg,Tooth Discoloration,Training
E:\Dr. Atef Ismail\Khaled Dental\Paper2\archive (10)\Mouth Ulcer\Mouth_Ulcer_0_4398.jpeg,Mouth_Ulcer_0_4398.jpeg,Mouth Ulcer,Training
E:\Dr. Atef Ismail\Khaled Dental\Paper2\archive (10)\Gingivitis\(1744).jpg,(1744).jpg,Gingivitis,Training
E:\Dr. Atef Ismail\Khaled Dental\Paper2\archive (10)\Tooth Discoloration\Tooth_Discoloration_0_7082.jpeg,Tooth_Discoloration_0_7082.jpeg,Tooth Discoloration,Training
E:\Dr. Atef Ismail\Khaled Dental\Paper2\archive (10)\Calculus\(560).jpg,(560).jpg,Calculus,Training
E:\Dr. Atef Ismail\Khaled Dental\Paper2\archive (10)\Calculus\(222).jpg,(222).jpg,Calculus,Training
E:\Dr. Atef Ismail\Khaled Dental\Paper2\archive (10)\Tooth Discoloration\Tooth_Discoloration_0_1779.jpeg,Tooth_Discoloration_0_1779.jpeg,Tooth Discoloration,Training
E:\Dr. Atef Ismail\Khaled Dental\Paper2\archive (10)\Tooth Discoloration\Tooth_Discoloration_0_1565.jpeg,Tooth_Discoloration_0_1565.jpeg,Tooth Discoloration,Training
E:\Dr. Atef Ismail\Khaled Dental\Paper2\archive (10)\hypodontia\(513).JPG,(513).JPG,Hypodontia,Training
E:\Dr. Atef Ismail\Khaled Dental\Paper2\archive (10)\Calculus\(1270).jpg,(1270).jpg,Calculus,Training
E:\Dr. Atef Ismail\Khaled Dental\Paper2\archive (10)\Mouth Ulcer\Mouth_Ulcer_0_9182.jpeg,Mouth_Ulcer_0_9182.jpeg,Mouth Ulcer,Training
E:\Dr. Atef Ismail\Khaled Dental\Paper2\archive (10)\Tooth Discoloration\Tooth_Discoloration_0_9220.jpeg,Tooth_Discoloration_0_9220.jpeg,Tooth Discoloration,Training
E:\Dr. Atef Ismail\Khaled Dental\Paper2\archive (10)\hypodontia\(876).JPG,(876).JPG,Hypodontia,Training
E:\Dr. Atef Ismail\Khaled Dental\Paper2\archive (10)\Tooth Discoloration\Tooth_Discoloration_0_8940.jpeg,Tooth_Discoloration_0_8940.jpeg,Tooth Discoloration,Training
E:\Dr. Atef Ismail\Khaled Dental\Paper2\archive (10)\Gingivitis\(1954).jpg,(1954).jpg,Gingivitis,Training
E:\Dr. Atef Ismail\Khaled Dental\Paper2\archive (10)\Calculus\(44).jpg,(44).jpg,Calculus,Training
E:\Dr. Atef Ismail\Khaled Dental\Paper2\archive (10)\Tooth Discoloration\Tooth_Discoloration_0_3363.jpeg,Tooth_Discoloration_0_3363.jpeg,Tooth Discoloration,Training
E:\Dr. Atef Ismail\Khaled Dental\Paper2\archive (10)\Mouth Ulcer\Mouth_Ulcer_0_5732.jpeg,Mouth_Ulcer_0_5732.jpeg,Mouth Ulcer,Training
E:\Dr. Atef Ismail\Khaled Dental\Paper2\archive (10)\Gingivitis\(1587).jpg,(1587).jpg,Gingivitis,Training
E:\Dr. Atef Ismail\Khaled Dental\Paper2\archive (10)\Calculus\(1168).jpg,(1168).jpg,Calculus,Training
E:\Dr. Atef Ismail\Khaled Dental\Paper2\archive (10)\Calculus\(68).jpg,(68).jpg,Calculus,Training
E:\Dr. Atef Ismail\Khaled Dental\Paper2\archive (10)\Gingivitis\(178).jpg,(178).jpg,Gingivitis,Training
E:\Dr. Atef Ismail\Khaled Dental\Paper2\archive (10)\Caries_Gingivitus\158.jpg,158.jpg,Caries-Gingivitis,Training
E:\Dr. Atef Ismail\Khaled Dental\Paper2\archive (10)\Tooth Discoloration\Tooth_Discoloration_0_2171.jpeg,Tooth_Discoloration_0_2171.jpeg,Tooth Discoloration,Training
E:\Dr. Atef Ismail\Khaled Dental\Paper2\archive (10)\Gingivitis\(383).jpg,(383).jpg,Gingivitis,Training
E:\Dr. Atef Ismail\Khaled Dental\Paper2\archive (10)\Calculus\(433).jpg,(433).jpg,Calculus,Training
E:\Dr. Atef Ismail\Khaled Dental\Paper2\archive (10)\hypodontia\(608).JPG,(608).JPG,Hypodontia,Training
E:\Dr. Atef Ismail\Khaled Dental\Paper2\archive (10)\Tooth Discoloration\Tooth_Discoloration_0_2664.jpeg,Tooth_Discoloration_0_2664.jpeg,Tooth Discoloration,Training
E:\Dr. Atef Ismail\Khaled Dental\Paper2\archive (10)\Mouth Ulcer\Mouth_Ulcer_0_7677.jpeg,Mouth_Ulcer_0_7677.jpeg,Mouth Ulcer,Training
E:\Dr. Atef Ismail\Khaled Dental\Paper2\archive (10)\Tooth Discoloration\Tooth_Discoloration_0_3475.jpeg,Tooth_Discoloration_0_3475.jpeg,Tooth Discoloration,Training
E:\Dr. Atef Ismail\Khaled Dental\Paper2\archive (10)\hypodontia\(810).JPG,(810).JPG,Hypodontia,Training
E:\Dr. Atef Ismail\Khaled Dental\Paper2\archive (10)\Gingivitis\(2071).jpg,(2071).jpg,Gingivitis,Training
E:\Dr. Atef Ismail\Khaled Dental\Paper2\archive (10)\Gingivitis\(441).jpg,(441).jpg,Gingivitis,Training
E:\Dr. Atef Ismail\Khaled Dental\Paper2\archive (10)\Caries_Gingivitus\caries_0_4796.jpeg,caries_0_4796.jpeg,Caries-Gingivitis,Training
E:\Dr. Atef Ismail\Khaled Dental\Paper2\archive (10)\Gingivitis\(622).jpg,(622).jpg,Gingivitis,Training
E:\Dr. Atef Ismail\Khaled Dental\Paper2\archive (10)\Gingivitis\(177).jpg,(177).jpg,Gingivitis,Training
E:\Dr. Atef Ismail\Khaled Dental\Paper2\archive (10)\Gingivitis\(1731).jpg,(1731).jpg,Gingivitis,Training
E:\Dr. Atef Ismail\Khaled Dental\Paper2\archive (10)\Caries_Gingivitus\212.jpg,212.jpg,Caries-Gingivitis,Training
E:\Dr. Atef Ismail\Khaled Dental\Paper2\archive (10)\hypodontia\(273).jpg,(273).jpg,Hypodontia,Training
E:\Dr. Atef Ismail\Khaled Dental\Paper2\archive (10)\Caries_Gingivitus\caries_0_86.jpeg,caries_0_86.jpeg,Caries-Gingivitis,Training
E:\Dr. Atef Ismail\Khaled Dental\Paper2\archive (10)\Caries_Gingivitus\(79).jpg,(79).jpg,Caries-Gingivitis,Training
E:\Dr. Atef Ismail\Khaled Dental\Paper2\archive (10)\Caries_Gingivitus\62.jpg,62.jpg,Caries-Gingivitis,Training
E:\Dr. Atef Ismail\Khaled Dental\Paper2\archive (10)\Tooth Discoloration\Tooth_Discoloration_0_350.jpeg,Tooth_Discoloration_0_350.jpeg,Tooth Discoloration,Training
E:\Dr. Atef Ismail\Khaled Dental\Paper2\archive (10)\Caries_Gingivitus\caries_0_3616.jpeg,caries_0_3616.jpeg,Caries-Gingivitis,Training
E:\Dr. Atef Ismail\Khaled Dental\Paper2\archive (10)\Calculus\(80).jpg,(80).jpg,Calculus,Training
E:\Dr. Atef Ismail\Khaled Dental\Paper2\archive (10)\hypodontia\(131).JPG,(131).JPG,Hypodontia,Training
E:\Dr. Atef Ismail\Khaled Dental\Paper2\archive (10)\Gingivitis\(996).jpg,(996).jpg,Gingivitis,Training
E:\Dr. Atef Ismail\Khaled Dental\Paper2\archive (10)\Mouth Ulcer\Mouth_Ulcer_0_3516.jpeg,Mouth_Ulcer_0_3516.jpeg,Mouth Ulcer,Training
E:\Dr. Atef Ismail\Khaled Dental\Paper2\archive (10)\Caries_Gingivitus\392.jpg,392.jpg,Caries-Gingivitis,Training
E:\Dr. Atef Ismail\Khaled Dental\Paper2\archive (10)\hypodontia\(651).JPG,(651).JPG,Hypodontia,Training
E:\Dr. Atef Ismail\Khaled Dental\Paper2\archive (10)\Caries_Gingivitus\caries_0_5184.jpeg,caries_0_5184.jpeg,Caries-Gingivitis,Training
E:\Dr. Atef Ismail\Khaled Dental\Paper2\archive (10)\Gingivitis\(1642).jpg,(1642).jpg,Gingivitis,Training
E:\Dr. Atef Ismail\Khaled Dental\Paper2\archive (10)\Mouth Ulcer\Mouth_Ulcer_0_658.jpeg,Mouth_Ulcer_0_658.jpeg,Mouth Ulcer,Training
E:\Dr. Atef Ismail\Khaled Dental\Paper2\archive (10)\Caries_Gingivitus\(96).jpg,(96).jpg,Caries-Gingivitis,Training
E:\Dr. Atef Ismail\Khaled Dental\Paper2\archive (10)\Caries_Gingivitus\361.jpg,361.jpg,Caries-Gingivitis,Training
E:\Dr. Atef Ismail\Khaled Dental\Paper2\archive (10)\Tooth Discoloration\Tooth_Discoloration_0_3500.jpeg,Tooth_Discoloration_0_3500.jpeg,Tooth Discoloration,Training
E:\Dr. Atef Ismail\Khaled Dental\Paper2\archive (10)\Caries_Gingivitus\caries_0_3782.jpeg,caries_0_3782.jpeg,Caries-Gingivitis,Training
E:\Dr. Atef Ismail\Khaled Dental\Paper2\archive (10)\Calculus\(670).jpg,(670).jpg,Calculus,Training
E:\Dr. Atef Ismail\Khaled Dental\Paper2\archive (10)\Tooth Discoloration\Tooth_Discoloration_0_9721.jpeg,Tooth_Discoloration_0_9721.jpeg,Tooth Discoloration,Training
E:\Dr. Atef Ismail\Khaled Dental\Paper2\archive (10)\hypodontia\(1089).jpg,(1089).jpg,Hypodontia,Training
E:\Dr. Atef Ismail\Khaled Dental\Paper2\archive (10)\hypodontia\(181).JPG,(181).JPG,Hypodontia,Training
E:\Dr. Atef Ismail\Khaled Dental\Paper2\archive (10)\Mouth Ulcer\Mouth_Ulcer_0_7018.jpeg,Mouth_Ulcer_0_7018.jpeg,Mouth Ulcer,Training
E:\Dr. Atef Ismail\Khaled Dental\Paper2\archive (10)\Calculus\(623).jpg,(623).jpg,Calculus,Training
E:\Dr. Atef Ismail\Khaled Dental\Paper2\archive (10)\Gingivitis\(486).jpg,(486).jpg,Gingivitis,Training
E:\Dr. Atef Ismail\Khaled Dental\Paper2\archive (10)\Caries_Gingivitus\355.jpg,355.jpg,Caries-Gingivitis,Training
E:\Dr. Atef Ismail\Khaled Dental\Paper2\archive (10)\Tooth Discoloration\Tooth_Discoloration_0_3132.jpeg,Tooth_Discoloration_0_3132.jpeg,Tooth Discoloration,Training
E:\Dr. Atef Ismail\Khaled Dental\Paper2\archive (10)\Mouth Ulcer\Mouth_Ulcer_0_5005.jpeg,Mouth_Ulcer_0_5005.jpeg,Mouth Ulcer,Training
E:\Dr. Atef Ismail\Khaled Dental\Paper2\archive (10)\Calculus\(993).jpg,(993).jpg,Calculus,Training
E:\Dr. Atef Ismail\Khaled Dental\Paper2\archive (10)\Gingivitis\(2145).jpg,(2145).jpg,Gingivitis,Training
E:\Dr. Atef Ismail\Khaled Dental\Paper2\archive (10)\Calculus\(2).jpg,(2).jpg,Calculus,Training
E:\Dr. Atef Ismail\Khaled Dental\Paper2\archive (10)\hypodontia\(722).JPG,(722).JPG,Hypodontia,Training
E:\Dr. Atef Ismail\Khaled Dental\Paper2\archive (10)\Gingivitis\(38).jpg,(38).jpg,Gingivitis,Training
E:\Dr. Atef Ismail\Khaled Dental\Paper2\archive (10)\hypodontia\(528).jpg,(528).jpg,Hypodontia,Training
E:\Dr. Atef Ismail\Khaled Dental\Paper2\archive (10)\Tooth Discoloration\Tooth_Discoloration_0_4018.jpeg,Tooth_Discoloration_0_4018.jpeg,Tooth Discoloration,Training
E:\Dr. Atef Ismail\Khaled Dental\Paper2\archive (10)\Tooth Discoloration\Tooth_Discoloration_0_1593.jpeg,Tooth_Discoloration_0_1593.jpeg,Tooth Discoloration,Training
E:\Dr. Atef Ismail\Khaled Dental\Paper2\archive (10)\Gingivitis\(336).jpg,(336).jpg,Gingivitis,Training
E:\Dr. Atef Ismail\Khaled Dental\Paper2\archive (10)\Caries_Gingivitus\caries_0_3579.jpeg,caries_0_3579.jpeg,Caries-Gingivitis,Training
E:\Dr. Atef Ismail\Khaled Dental\Paper2\archive (10)\Tooth Discoloration\Tooth_Discoloration_0_3531.jpeg,Tooth_Discoloration_0_3531.jpeg,Tooth Discoloration,Training
E:\Dr. Atef Ismail\Khaled Dental\Paper2\archive (10)\Gingivitis\(315).jpg,(315).jpg,Gingivitis,Training
E:\Dr. Atef Ismail\Khaled Dental\Paper2\archive (10)\hypodontia\(1084).jpg,(1084).jpg,Hypodontia,Training
E:\Dr. Atef Ismail\Khaled Dental\Paper2\archive (10)\Mouth Ulcer\Mouth_Ulcer_0_2546.jpeg,Mouth_Ulcer_0_2546.jpeg,Mouth Ulcer,Training
E:\Dr. Atef Ismail\Khaled Dental\Paper2\archive (10)\Caries_Gingivitus\caries_0_23.jpeg,caries_0_23.jpeg,Caries-Gingivitis,Training
E:\Dr. Atef Ismail\Khaled Dental\Paper2\archive (10)\Gingivitis\(1918).jpg,(1918).jpg,Gingivitis,Training
E:\Dr. Atef Ismail\Khaled Dental\Paper2\archive (10)\Mouth Ulcer\Mouth_Ulcer_0_9990.jpeg,Mouth_Ulcer_0_9990.jpeg,Mouth Ulcer,Training
E:\Dr. Atef Ismail\Khaled Dental\Paper2\archive (10)\Tooth Discoloration\Tooth_Discoloration_0_1394.jpeg,Tooth_Discoloration_0_1394.jpeg,Tooth Discoloration,Training
E:\Dr. Atef Ismail\Khaled Dental\Paper2\archive (10)\Mouth Ulcer\Mouth_Ulcer_0_3349.jpeg,Mouth_Ulcer_0_3349.jpeg,Mouth Ulcer,Training
E:\Dr. Atef Ismail\Khaled Dental\Paper2\archive (10)\Tooth Discoloration\Tooth_Discoloration_0_6852.jpeg,Tooth_Discoloration_0_6852.jpeg,Tooth Discoloration,Training
E:\Dr. Atef Ismail\Khaled Dental\Paper2\archive (10)\Mouth Ulcer\Mouth_Ulcer_0_8762.jpeg,Mouth_Ulcer_0_8762.jpeg,Mouth Ulcer,Training
E:\Dr. Atef Ismail\Khaled Dental\Paper2\archive (10)\Calculus\(971).jpg,(971).jpg,Calculus,Training
E:\Dr. Atef Ismail\Khaled Dental\Paper2\archive (10)\hypodontia\(295).JPG,(295).JPG,Hypodontia,Training
E:\Dr. Atef Ismail\Khaled Dental\Paper2\archive (10)\Mouth Ulcer\Mouth_Ulcer_0_3882.jpeg,Mouth_Ulcer_0_3882.jpeg,Mouth Ulcer,Training
E:\Dr. Atef Ismail\Khaled Dental\Paper2\archive (10)\Calculus\(1206).jpg,(1206).jpg,Calculus,Training
E:\Dr. Atef Ismail\Khaled Dental\Paper2\archive (10)\Tooth Discoloration\Tooth_Discoloration_0_7473.jpeg,Tooth_Discoloration_0_7473.jpeg,Tooth Discoloration,Training
E:\Dr. Atef Ismail\Khaled Dental\Paper2\archive (10)\Mouth Ulcer\Mouth_Ulcer_0_5340.jpeg,Mouth_Ulcer_0_5340.jpeg,Mouth Ulcer,Training
E:\Dr. Atef Ismail\Khaled Dental\Paper2\archive (10)\Tooth Discoloration\Tooth_Discoloration_0_1564.jpeg,Tooth_Discoloration_0_1564.jpeg,Tooth Discoloration,Training
E:\Dr. Atef Ismail\Khaled Dental\Paper2\archive (10)\Mouth Ulcer\Mouth_Ulcer_0_9397.jpeg,Mouth_Ulcer_0_9397.jpeg,Mouth Ulcer,Training
E:\Dr. Atef Ismail\Khaled Dental\Paper2\archive (10)\Tooth Discoloration\Tooth_Discoloration_0_2839.jpeg,Tooth_Discoloration_0_2839.jpeg,Tooth Discoloration,Training
E:\Dr. Atef Ismail\Khaled Dental\Paper2\archive (10)\Tooth Discoloration\Tooth_Discoloration_0_7935.jpeg,Tooth_Discoloration_0_7935.jpeg,Tooth Discoloration,Training
E:\Dr. Atef Ismail\Khaled Dental\Paper2\archive (10)\Mouth Ulcer\Mouth_Ulcer_0_6409.jpeg,Mouth_Ulcer_0_6409.jpeg,Mouth Ulcer,Training
E:\Dr. Atef Ismail\Khaled Dental\Paper2\archive (10)\Calculus\(240).jpg,(240).jpg,Calculus,Training
E:\Dr. Atef Ismail\Khaled Dental\Paper2\archive (10)\Mouth Ulcer\Mouth_Ulcer_0_6605.jpeg,Mouth_Ulcer_0_6605.jpeg,Mouth Ulcer,Training
E:\Dr. Atef Ismail\Khaled Dental\Paper2\archive (10)\Mouth Ulcer\Mouth_Ulcer_0_6680.jpeg,Mouth_Ulcer_0_6680.jpeg,Mouth Ulcer,Training
E:\Dr. Atef Ismail\Khaled Dental\Paper2\archive (10)\Gingivitis\(2287).jpg,(2287).jpg,Gingivitis,Training
E:\Dr. Atef Ismail\Khaled Dental\Paper2\archive (10)\Mouth Ulcer\Mouth_Ulcer_0_3198.jpeg,Mouth_Ulcer_0_3198.jpeg,Mouth Ulcer,Training
E:\Dr. Atef Ismail\Khaled Dental\Paper2\archive (10)\Gingivitis\(144).jpg,(144).jpg,Gingivitis,Training
E:\Dr. Atef Ismail\Khaled Dental\Paper2\archive (10)\Mouth Ulcer\Mouth_Ulcer_0_50.jpeg,Mouth_Ulcer_0_50.jpeg,Mouth Ulcer,Training
E:\Dr. Atef Ismail\Khaled Dental\Paper2\archive (10)\Mouth Ulcer\Mouth_Ulcer_0_4686.jpeg,Mouth_Ulcer_0_4686.jpeg,Mouth Ulcer,Training
E:\Dr. Atef Ismail\Khaled Dental\Paper2\archive (10)\Mouth Ulcer\Mouth_Ulcer_0_6610.jpeg,Mouth_Ulcer_0_6610.jpeg,Mouth Ulcer,Training
E:\Dr. Atef Ismail\Khaled Dental\Paper2\archive (10)\hypodontia\(716).JPG,(716).JPG,Hypodontia,Training
E:\Dr. Atef Ismail\Khaled Dental\Paper2\archive (10)\Mouth Ulcer\Mouth_Ulcer_0_8876.jpeg,Mouth_Ulcer_0_8876.jpeg,Mouth Ulcer,Training
E:\Dr. Atef Ismail\Khaled Dental\Paper2\archive (10)\Tooth Discoloration\Tooth_Discoloration_0_5982.jpeg,Tooth_Discoloration_0_5982.jpeg,Tooth Discoloration,Training
E:\Dr. Atef Ismail\Khaled Dental\Paper2\archive (10)\Calculus\(335).jpg,(335).jpg,Calculus,Training
E:\Dr. Atef Ismail\Khaled Dental\Paper2\archive (10)\Gingivitis\(709).jpg,(709).jpg,Gingivitis,Training
E:\Dr. Atef Ismail\Khaled Dental\Paper2\archive (10)\Mouth Ulcer\Mouth_Ulcer_0_4278.jpeg,Mouth_Ulcer_0_4278.jpeg,Mouth Ulcer,Training
E:\Dr. Atef Ismail\Khaled Dental\Paper2\archive (10)\Caries_Gingivitus\14.jpg,14.jpg,Caries-Gingivitis,Training
E:\Dr. Atef Ismail\Khaled Dental\Paper2\archive (10)\hypodontia\(1249).jpg,(1249).jpg,Hypodontia,Training
E:\Dr. Atef Ismail\Khaled Dental\Paper2\archive (10)\Gingivitis\(614).jpg,(614).jpg,Gingivitis,Training
E:\Dr. Atef Ismail\Khaled Dental\Paper2\archive (10)\hypodontia\(395).jpg,(395).jpg,Hypodontia,Training
E:\Dr. Atef Ismail\Khaled Dental\Paper2\archive (10)\Mouth Ulcer\Mouth_Ulcer_0_9686.jpeg,Mouth_Ulcer_0_9686.jpeg,Mouth Ulcer,Training
E:\Dr. Atef Ismail\Khaled Dental\Paper2\archive (10)\Gingivitis\(82).jpg,(82).jpg,Gingivitis,Training
E:\Dr. Atef Ismail\Khaled Dental\Paper2\archive (10)\Mouth Ulcer\Mouth_Ulcer_0_8053.jpeg,Mouth_Ulcer_0_8053.jpeg,Mouth Ulcer,Training
E:\Dr. Atef Ismail\Khaled Dental\Paper2\archive (10)\hypodontia\(184).JPG,(184).JPG,Hypodontia,Training
E:\Dr. Atef Ismail\Khaled Dental\Paper2\archive (10)\Gingivitis\(1591).jpg,(1591).jpg,Gingivitis,Training
E:\Dr. Atef Ismail\Khaled Dental\Paper2\archive (10)\Gingivitis\(896).jpg,(896).jpg,Gingivitis,Training
E:\Dr. Atef Ismail\Khaled Dental\Paper2\archive (10)\Tooth Discoloration\Tooth_Discoloration_0_8307.jpeg,Tooth_Discoloration_0_8307.jpeg,Tooth Discoloration,Training
E:\Dr. Atef Ismail\Khaled Dental\Paper2\archive (10)\Gingivitis\(1855).jpg,(1855).jpg,Gingivitis,Training
E:\Dr. Atef Ismail\Khaled Dental\Paper2\archive (10)\Tooth Discoloration\Tooth_Discoloration_0_1266.jpeg,Tooth_Discoloration_0_1266.jpeg,Tooth Discoloration,Training
E:\Dr. Atef Ismail\Khaled Dental\Paper2\archive (10)\hypodontia\(473).JPG,(473).JPG,Hypodontia,Training
E:\Dr. Atef Ismail\Khaled Dental\Paper2\archive (10)\Gingivitis\(1184).jpg,(1184).jpg,Gingivitis,Training
E:\Dr. Atef Ismail\Khaled Dental\Paper2\archive (10)\hypodontia\(152).JPG,(152).JPG,Hypodontia,Training
E:\Dr. Atef Ismail\Khaled Dental\Paper2\archive (10)\Caries_Gingivitus\111.jpg,111.jpg,Caries-Gingivitis,Training
E:\Dr. Atef Ismail\Khaled Dental\Paper2\archive (10)\Caries_Gingivitus\259.jpg,259.jpg,Caries-Gingivitis,Training
E:\Dr. Atef Ismail\Khaled Dental\Paper2\archive (10)\Mouth Ulcer\Mouth_Ulcer_0_3156.jpeg,Mouth_Ulcer_0_3156.jpeg,Mouth Ulcer,Training
E:\Dr. Atef Ismail\Khaled Dental\Paper2\archive (10)\Tooth Discoloration\Tooth_Discoloration_0_3315.jpeg,Tooth_Discoloration_0_3315.jpeg,Tooth Discoloration,Training
E:\Dr. Atef Ismail\Khaled Dental\Paper2\archive (10)\Tooth Discoloration\Tooth_Discoloration_0_2468.jpeg,Tooth_Discoloration_0_2468.jpeg,Tooth Discoloration,Training
E:\Dr. Atef Ismail\Khaled Dental\Paper2\archive (10)\Mouth Ulcer\Mouth_Ulcer_0_7840.jpeg,Mouth_Ulcer_0_7840.jpeg,Mouth Ulcer,Training
E:\Dr. Atef Ismail\Khaled Dental\Paper2\archive (10)\Caries_Gingivitus\(115).jpg,(115).jpg,Caries-Gingivitis,Training
E:\Dr. Atef Ismail\Khaled Dental\Paper2\archive (10)\Tooth Discoloration\Tooth_Discoloration_0_3246.jpeg,Tooth_Discoloration_0_3246.jpeg,Tooth Discoloration,Training
E:\Dr. Atef Ismail\Khaled Dental\Paper2\archive (10)\Tooth Discoloration\Tooth_Discoloration_0_8238.jpeg,Tooth_Discoloration_0_8238.jpeg,Tooth Discoloration,Training
E:\Dr. Atef Ismail\Khaled Dental\Paper2\archive (10)\Caries_Gingivitus\163.jpg,163.jpg,Caries-Gingivitis,Training
E:\Dr. Atef Ismail\Khaled Dental\Paper2\archive (10)\Calculus\(610).jpg,(610).jpg,Calculus,Training
E:\Dr. Atef Ismail\Khaled Dental\Paper2\archive (10)\Tooth Discoloration\Tooth_Discoloration_0_7924.jpeg,Tooth_Discoloration_0_7924.jpeg,Tooth Discoloration,Training
E:\Dr. Atef Ismail\Khaled Dental\Paper2\archive (10)\Caries_Gingivitus\35.jpg,35.jpg,Caries-Gingivitis,Training
E:\Dr. Atef Ismail\Khaled Dental\Paper2\archive (10)\Gingivitis\(2301).jpg,(2301).jpg,Gingivitis,Training
E:\Dr. Atef Ismail\Khaled Dental\Paper2\archive (10)\Caries_Gingivitus\caries_0_118.jpeg,caries_0_118.jpeg,Caries-Gingivitis,Training
E:\Dr. Atef Ismail\Khaled Dental\Paper2\archive (10)\Tooth Discoloration\Tooth_Discoloration_0_1361.jpeg,Tooth_Discoloration_0_1361.jpeg,Tooth Discoloration,Training
E:\Dr. Atef Ismail\Khaled Dental\Paper2\archive (10)\Mouth Ulcer\Mouth_Ulcer_0_7107.jpeg,Mouth_Ulcer_0_7107.jpeg,Mouth Ulcer,Training
E:\Dr. Atef Ismail\Khaled Dental\Paper2\archive (10)\Mouth Ulcer\Mouth_Ulcer_0_5933.jpeg,Mouth_Ulcer_0_5933.jpeg,Mouth Ulcer,Training
E:\Dr. Atef Ismail\Khaled Dental\Paper2\archive (10)\Gingivitis\(114).jpg,(114).jpg,Gingivitis,Training
E:\Dr. Atef Ismail\Khaled Dental\Paper2\archive (10)\Tooth Discoloration\Tooth_Discoloration_0_6343.jpeg,Tooth_Discoloration_0_6343.jpeg,Tooth Discoloration,Training
E:\Dr. Atef Ismail\Khaled Dental\Paper2\archive (10)\Caries_Gingivitus\(39).jpg,(39).jpg,Caries-Gingivitis,Training
E:\Dr. Atef Ismail\Khaled Dental\Paper2\archive (10)\Mouth Ulcer\Mouth_Ulcer_0_4005.jpeg,Mouth_Ulcer_0_4005.jpeg,Mouth Ulcer,Training
E:\Dr. Atef Ismail\Khaled Dental\Paper2\archive (10)\Tooth Discoloration\Tooth_Discoloration_0_6980.jpeg,Tooth_Discoloration_0_6980.jpeg,Tooth Discoloration,Training
E:\Dr. Atef Ismail\Khaled Dental\Paper2\archive (10)\Mouth Ulcer\Mouth_Ulcer_0_3790.jpeg,Mouth_Ulcer_0_3790.jpeg,Mouth Ulcer,Training
E:\Dr. Atef Ismail\Khaled Dental\Paper2\archive (10)\Gingivitis\(455).jpg,(455).jpg,Gingivitis,Training
E:\Dr. Atef Ismail\Khaled Dental\Paper2\archive (10)\Calculus\(916).jpg,(916).jpg,Calculus,Training
E:\Dr. Atef Ismail\Khaled Dental\Paper2\archive (10)\Mouth Ulcer\Mouth_Ulcer_0_7155.jpeg,Mouth_Ulcer_0_7155.jpeg,Mouth Ulcer,Training
E:\Dr. Atef Ismail\Khaled Dental\Paper2\archive (10)\Caries_Gingivitus\448.jpg,448.jpg,Caries-Gingivitis,Training
E:\Dr. Atef Ismail\Khaled Dental\Paper2\archive (10)\Caries_Gingivitus\(68).jpg,(68).jpg,Caries-Gingivitis,Training
E:\Dr. Atef Ismail\Khaled Dental\Paper2\archive (10)\Caries_Gingivitus\414.jpg,414.jpg,Caries-Gingivitis,Training
E:\Dr. Atef Ismail\Khaled Dental\Paper2\archive (10)\Tooth Discoloration\Tooth_Discoloration_0_2044.jpeg,Tooth_Discoloration_0_2044.jpeg,Tooth Discoloration,Training
E:\Dr. Atef Ismail\Khaled Dental\Paper2\archive (10)\hypodontia\(74).JPG,(74).JPG,Hypodontia,Training
E:\Dr. Atef Ismail\Khaled Dental\Paper2\archive (10)\Gingivitis\(128).jpg,(128).jpg,Gingivitis,Training
E:\Dr. Atef Ismail\Khaled Dental\Paper2\archive (10)\hypodontia\(353).JPG,(353).JPG,Hypodontia,Training
E:\Dr. Atef Ismail\Khaled Dental\Paper2\archive (10)\Calculus\(604).jpg,(604).jpg,Calculus,Training
E:\Dr. Atef Ismail\Khaled Dental\Paper2\archive (10)\Mouth Ulcer\Mouth_Ulcer_0_796.jpeg,Mouth_Ulcer_0_796.jpeg,Mouth Ulcer,Training
E:\Dr. Atef Ismail\Khaled Dental\Paper2\archive (10)\Caries_Gingivitus\caries_0_3698.jpeg,caries_0_3698.jpeg,Caries-Gingivitis,Training
E:\Dr. Atef Ismail\Khaled Dental\Paper2\archive (10)\Gingivitis\(1884).jpg,(1884).jpg,Gingivitis,Training
E:\Dr. Atef Ismail\Khaled Dental\Paper2\archive (10)\Gingivitis\(2139).jpg,(2139).jpg,Gingivitis,Training
E:\Dr. Atef Ismail\Khaled Dental\Paper2\archive (10)\Gingivitis\(505).jpg,(505).jpg,Gingivitis,Training
E:\Dr. Atef Ismail\Khaled Dental\Paper2\archive (10)\Calculus\(562).jpg,(562).jpg,Calculus,Training
E:\Dr. Atef Ismail\Khaled Dental\Paper2\archive (10)\Mouth Ulcer\Mouth_Ulcer_0_6936.jpeg,Mouth_Ulcer_0_6936.jpeg,Mouth Ulcer,Training
E:\Dr. Atef Ismail\Khaled Dental\Paper2\archive (10)\Caries_Gingivitus\512.jpg,512.jpg,Caries-Gingivitis,Training
E:\Dr. Atef Ismail\Khaled Dental\Paper2\archive (10)\Gingivitis\(2191).jpg,(2191).jpg,Gingivitis,Training
E:\Dr. Atef Ismail\Khaled Dental\Paper2\archive (10)\hypodontia\(1056).JPG,(1056).JPG,Hypodontia,Training
E:\Dr. Atef Ismail\Khaled Dental\Paper2\archive (10)\Gingivitis\(901).jpg,(901).jpg,Gingivitis,Training
E:\Dr. Atef Ismail\Khaled Dental\Paper2\archive (10)\Gingivitis\(980).jpg,(980).jpg,Gingivitis,Training
E:\Dr. Atef Ismail\Khaled Dental\Paper2\archive (10)\hypodontia\(507).JPG,(507).JPG,Hypodontia,Training
E:\Dr. Atef Ismail\Khaled Dental\Paper2\archive (10)\Gingivitis\(1401).jpg,(1401).jpg,Gingivitis,Training
E:\Dr. Atef Ismail\Khaled Dental\Paper2\archive (10)\Tooth Discoloration\Tooth_Discoloration_0_1226.jpeg,Tooth_Discoloration_0_1226.jpeg,Tooth Discoloration,Training
E:\Dr. Atef Ismail\Khaled Dental\Paper2\archive (10)\Caries_Gingivitus\caries_0_4260.jpeg,caries_0_4260.jpeg,Caries-Gingivitis,Training
E:\Dr. Atef Ismail\Khaled Dental\Paper2\archive (10)\Tooth Discoloration\Tooth_Discoloration_0_9995.jpeg,Tooth_Discoloration_0_9995.jpeg,Tooth Discoloration,Training
E:\Dr. Atef Ismail\Khaled Dental\Paper2\archive (10)\Gingivitis\(433).jpg,(433).jpg,Gingivitis,Training
E:\Dr. Atef Ismail\Khaled Dental\Paper2\archive (10)\Caries_Gingivitus\346.jpg,346.jpg,Caries-Gingivitis,Training
E:\Dr. Atef Ismail\Khaled Dental\Paper2\archive (10)\Mouth Ulcer\Mouth_Ulcer_0_1293.jpeg,Mouth_Ulcer_0_1293.jpeg,Mouth Ulcer,Training
E:\Dr. Atef Ismail\Khaled Dental\Paper2\archive (10)\Tooth Discoloration\Tooth_Discoloration_0_2799.jpeg,Tooth_Discoloration_0_2799.jpeg,Tooth Discoloration,Training
E:\Dr. Atef Ismail\Khaled Dental\Paper2\archive (10)\hypodontia\(683).jpg,(683).jpg,Hypodontia,Training
E:\Dr. Atef Ismail\Khaled Dental\Paper2\archive (10)\Calculus\(27).jpg,(27).jpg,Calculus,Training
E:\Dr. Atef Ismail\Khaled Dental\Paper2\archive (10)\Caries_Gingivitus\416.jpg,416.jpg,Caries-Gingivitis,Training
E:\Dr. Atef Ismail\Khaled Dental\Paper2\archive (10)\hypodontia\(1078).jpg,(1078).jpg,Hypodontia,Training
E:\Dr. Atef Ismail\Khaled Dental\Paper2\archive (10)\Mouth Ulcer\Mouth_Ulcer_0_5898.jpeg,Mouth_Ulcer_0_5898.jpeg,Mouth Ulcer,Training
E:\Dr. Atef Ismail\Khaled Dental\Paper2\archive (10)\Mouth Ulcer\Mouth_Ulcer_0_8598.jpeg,Mouth_Ulcer_0_8598.jpeg,Mouth Ulcer,Training
E:\Dr. Atef Ismail\Khaled Dental\Paper2\archive (10)\Mouth Ulcer\Mouth_Ulcer_0_3351.jpeg,Mouth_Ulcer_0_3351.jpeg,Mouth Ulcer,Training
E:\Dr. Atef Ismail\Khaled Dental\Paper2\archive (10)\Tooth Discoloration\Tooth_Discoloration_0_2701.jpeg,Tooth_Discoloration_0_2701.jpeg,Tooth Discoloration,Training
E:\Dr. Atef Ismail\Khaled Dental\Paper2\archive (10)\hypodontia\(860).JPG,(860).JPG,Hypodontia,Training
E:\Dr. Atef Ismail\Khaled Dental\Paper2\archive (10)\Gingivitis\(462).jpg,(462).jpg,Gingivitis,Training
E:\Dr. Atef Ismail\Khaled Dental\Paper2\archive (10)\Caries_Gingivitus\247.jpg,247.jpg,Caries-Gingivitis,Training
E:\Dr. Atef Ismail\Khaled Dental\Paper2\archive (10)\Mouth Ulcer\Mouth_Ulcer_0_1207.jpeg,Mouth_Ulcer_0_1207.jpeg,Mouth Ulcer,Training
E:\Dr. Atef Ismail\Khaled Dental\Paper2\archive (10)\Tooth Discoloration\Tooth_Discoloration_0_3493.jpeg,Tooth_Discoloration_0_3493.jpeg,Tooth Discoloration,Training
E:\Dr. Atef Ismail\Khaled Dental\Paper2\archive (10)\Calculus\(841).jpg,(841).jpg,Calculus,Training
E:\Dr. Atef Ismail\Khaled Dental\Paper2\archive (10)\Calculus\(1195).jpg,(1195).jpg,Calculus,Training
E:\Dr. Atef Ismail\Khaled Dental\Paper2\archive (10)\hypodontia\(90).JPG,(90).JPG,Hypodontia,Training
E:\Dr. Atef Ismail\Khaled Dental\Paper2\archive (10)\Tooth Discoloration\Tooth_Discoloration_0_732.jpeg,Tooth_Discoloration_0_732.jpeg,Tooth Discoloration,Training
E:\Dr. Atef Ismail\Khaled Dental\Paper2\archive (10)\hypodontia\(575).JPG,(575).JPG,Hypodontia,Training
E:\Dr. Atef Ismail\Khaled Dental\Paper2\archive (10)\Calculus\(1100).jpg,(1100).jpg,Calculus,Training
E:\Dr. Atef Ismail\Khaled Dental\Paper2\archive (10)\Gingivitis\(1656).jpg,(1656).jpg,Gingivitis,Training
E:\Dr. Atef Ismail\Khaled Dental\Paper2\archive (10)\Tooth Discoloration\Tooth_Discoloration_0_2341.jpeg,Tooth_Discoloration_0_2341.jpeg,Tooth Discoloration,Training
E:\Dr. Atef Ismail\Khaled Dental\Paper2\archive (10)\Tooth Discoloration\Tooth_Discoloration_0_8659.jpeg,Tooth_Discoloration_0_8659.jpeg,Tooth Discoloration,Training
E:\Dr. Atef Ismail\Khaled Dental\Paper2\archive (10)\Tooth Discoloration\Tooth_Discoloration_0_2375.jpeg,Tooth_Discoloration_0_2375.jpeg,Tooth Discoloration,Training
E:\Dr. Atef Ismail\Khaled Dental\Paper2\archive (10)\Mouth Ulcer\Mouth_Ulcer_0_4921.jpeg,Mouth_Ulcer_0_4921.jpeg,Mouth Ulcer,Training
E:\Dr. Atef Ismail\Khaled Dental\Paper2\archive (10)\Mouth Ulcer\Mouth_Ulcer_0_851.jpeg,Mouth_Ulcer_0_851.jpeg,Mouth Ulcer,Training
E:\Dr. Atef Ismail\Khaled Dental\Paper2\archive (10)\Caries_Gingivitus\caries_0_5213.jpeg,caries_0_5213.jpeg,Caries-Gingivitis,Training
E:\Dr. Atef Ismail\Khaled Dental\Paper2\archive (10)\Gingivitis\(1413).jpg,(1413).jpg,Gingivitis,Training
E:\Dr. Atef Ismail\Khaled Dental\Paper2\archive (10)\Gingivitis\(615).jpg,(615).jpg,Gingivitis,Training
E:\Dr. Atef Ismail\Khaled Dental\Paper2\archive (10)\Gingivitis\(2076).jpg,(2076).jpg,Gingivitis,Training
E:\Dr. Atef Ismail\Khaled Dental\Paper2\archive (10)\Mouth Ulcer\Mouth_Ulcer_0_7070.jpeg,Mouth_Ulcer_0_7070.jpeg,Mouth Ulcer,Training
E:\Dr. Atef Ismail\Khaled Dental\Paper2\archive (10)\Mouth Ulcer\Mouth_Ulcer_0_4111.jpeg,Mouth_Ulcer_0_4111.jpeg,Mouth Ulcer,Training
E:\Dr. Atef Ismail\Khaled Dental\Paper2\archive (10)\Caries_Gingivitus\489.jpg,489.jpg,Caries-Gingivitis,Training
E:\Dr. Atef Ismail\Khaled Dental\Paper2\archive (10)\Mouth Ulcer\Mouth_Ulcer_0_6112.jpeg,Mouth_Ulcer_0_6112.jpeg,Mouth Ulcer,Training
E:\Dr. Atef Ismail\Khaled Dental\Paper2\archive (10)\hypodontia\(781).JPG,(781).JPG,Hypodontia,Training
E:\Dr. Atef Ismail\Khaled Dental\Paper2\archive (10)\hypodontia\(1242).jpg,(1242).jpg,Hypodontia,Training
E:\Dr. Atef Ismail\Khaled Dental\Paper2\archive (10)\Calculus\(587).jpg,(587).jpg,Calculus,Training
E:\Dr. Atef Ismail\Khaled Dental\Paper2\archive (10)\Caries_Gingivitus\caries_0_4083.jpeg,caries_0_4083.jpeg,Caries-Gingivitis,Training
E:\Dr. Atef Ismail\Khaled Dental\Paper2\archive (10)\Caries_Gingivitus\(126).jpg,(126).jpg,Caries-Gingivitis,Training
E:\Dr. Atef Ismail\Khaled Dental\Paper2\archive (10)\Caries_Gingivitus\caries_0_538.jpeg,caries_0_538.jpeg,Caries-Gingivitis,Training
E:\Dr. Atef Ismail\Khaled Dental\Paper2\archive (10)\Caries_Gingivitus\407.jpg,407.jpg,Caries-Gingivitis,Training
E:\Dr. Atef Ismail\Khaled Dental\Paper2\archive (10)\Tooth Discoloration\Tooth_Discoloration_0_9731.jpeg,Tooth_Discoloration_0_9731.jpeg,Tooth Discoloration,Training
E:\Dr. Atef Ismail\Khaled Dental\Paper2\archive (10)\Caries_Gingivitus\caries_0_27.jpeg,caries_0_27.jpeg,Caries-Gingivitis,Training
E:\Dr. Atef Ismail\Khaled Dental\Paper2\archive (10)\Gingivitis\(861).jpg,(861).jpg,Gingivitis,Training
E:\Dr. Atef Ismail\Khaled Dental\Paper2\archive (10)\Gingivitis\(126).jpg,(126).jpg,Gingivitis,Training
E:\Dr. Atef Ismail\Khaled Dental\Paper2\archive (10)\Tooth Discoloration\Tooth_Discoloration_0_3243.jpeg,Tooth_Discoloration_0_3243.jpeg,Tooth Discoloration,Training
E:\Dr. Atef Ismail\Khaled Dental\Paper2\archive (10)\Mouth Ulcer\Mouth_Ulcer_0_2474.jpeg,Mouth_Ulcer_0_2474.jpeg,Mouth Ulcer,Training
E:\Dr. Atef Ismail\Khaled Dental\Paper2\archive (10)\Gingivitis\(194).jpg,(194).jpg,Gingivitis,Training
E:\Dr. Atef Ismail\Khaled Dental\Paper2\archive (10)\Gingivitis\(60).jpg,(60).jpg,Gingivitis,Training
E:\Dr. Atef Ismail\Khaled Dental\Paper2\archive (10)\Gingivitis\(2321).jpg,(2321).jpg,Gingivitis,Training
E:\Dr. Atef Ismail\Khaled Dental\Paper2\archive (10)\Gingivitis\(184).jpg,(184).jpg,Gingivitis,Training
E:\Dr. Atef Ismail\Khaled Dental\Paper2\archive (10)\Tooth Discoloration\Tooth_Discoloration_0_9577.jpeg,Tooth_Discoloration_0_9577.jpeg,Tooth Discoloration,Training
E:\Dr. Atef Ismail\Khaled Dental\Paper2\archive (10)\Gingivitis\(1127).jpg,(1127).jpg,Gingivitis,Training
E:\Dr. Atef Ismail\Khaled Dental\Paper2\archive (10)\Mouth Ulcer\Mouth_Ulcer_0_8919.jpeg,Mouth_Ulcer_0_8919.jpeg,Mouth Ulcer,Training
E:\Dr. Atef Ismail\Khaled Dental\Paper2\archive (10)\Gingivitis\(1670).jpg,(1670).jpg,Gingivitis,Training
E:\Dr. Atef Ismail\Khaled Dental\Paper2\archive (10)\Caries_Gingivitus\caries_0_3345.jpeg,caries_0_3345.jpeg,Caries-Gingivitis,Training
E:\Dr. Atef Ismail\Khaled Dental\Paper2\archive (10)\Gingivitis\(2227).jpg,(2227).jpg,Gingivitis,Training
E:\Dr. Atef Ismail\Khaled Dental\Paper2\archive (10)\Gingivitis\(1415).jpg,(1415).jpg,Gingivitis,Training
E:\Dr. Atef Ismail\Khaled Dental\Paper2\archive (10)\Calculus\(977).jpg,(977).jpg,Calculus,Training
E:\Dr. Atef Ismail\Khaled Dental\Paper2\archive (10)\Mouth Ulcer\Mouth_Ulcer_0_4568.jpeg,Mouth_Ulcer_0_4568.jpeg,Mouth Ulcer,Training
E:\Dr. Atef Ismail\Khaled Dental\Paper2\archive (10)\Mouth Ulcer\Mouth_Ulcer_0_9436.jpeg,Mouth_Ulcer_0_9436.jpeg,Mouth Ulcer,Training
E:\Dr. Atef Ismail\Khaled Dental\Paper2\archive (10)\Mouth Ulcer\Mouth_Ulcer_0_9628.jpeg,Mouth_Ulcer_0_9628.jpeg,Mouth Ulcer,Training
E:\Dr. Atef Ismail\Khaled Dental\Paper2\archive (10)\hypodontia\(293).JPG,(293).JPG,Hypodontia,Training
E:\Dr. Atef Ismail\Khaled Dental\Paper2\archive (10)\hypodontia\(819).jpg,(819).jpg,Hypodontia,Training
E:\Dr. Atef Ismail\Khaled Dental\Paper2\archive (10)\Caries_Gingivitus\caries_0_4432.jpeg,caries_0_4432.jpeg,Caries-Gingivitis,Training
E:\Dr. Atef Ismail\Khaled Dental\Paper2\archive (10)\Mouth Ulcer\Mouth_Ulcer_0_4860.jpeg,Mouth_Ulcer_0_4860.jpeg,Mouth Ulcer,Training
E:\Dr. Atef Ismail\Khaled Dental\Paper2\archive (10)\Caries_Gingivitus\(166).jpg,(166).jpg,Caries-Gingivitis,Training
E:\Dr. Atef Ismail\Khaled Dental\Paper2\archive (10)\Calculus\(778).jpg,(778).jpg,Calculus,Training
E:\Dr. Atef Ismail\Khaled Dental\Paper2\archive (10)\Tooth Discoloration\Tooth_Discoloration_0_2356.jpeg,Tooth_Discoloration_0_2356.jpeg,Tooth Discoloration,Training
E:\Dr. Atef Ismail\Khaled Dental\Paper2\archive (10)\Tooth Discoloration\Tooth_Discoloration_0_4641.jpeg,Tooth_Discoloration_0_4641.jpeg,Tooth Discoloration,Training
E:\Dr. Atef Ismail\Khaled Dental\Paper2\archive (10)\Gingivitis\(147).jpg,(147).jpg,Gingivitis,Training
E:\Dr. Atef Ismail\Khaled Dental\Paper2\archive (10)\Calculus\(1161).jpg,(1161).jpg,Calculus,Training
E:\Dr. Atef Ismail\Khaled Dental\Paper2\archive (10)\Caries_Gingivitus\caries_0_4634.jpeg,caries_0_4634.jpeg,Caries-Gingivitis,Training
E:\Dr. Atef Ismail\Khaled Dental\Paper2\archive (10)\Gingivitis\(1859).jpg,(1859).jpg,Gingivitis,Training
E:\Dr. Atef Ismail\Khaled Dental\Paper2\archive (10)\hypodontia\(159).JPG,(159).JPG,Hypodontia,Training
E:\Dr. Atef Ismail\Khaled Dental\Paper2\archive (10)\Mouth Ulcer\Mouth_Ulcer_0_5220.jpeg,Mouth_Ulcer_0_5220.jpeg,Mouth Ulcer,Training
E:\Dr. Atef Ismail\Khaled Dental\Paper2\archive (10)\Mouth Ulcer\Mouth_Ulcer_0_9599.jpeg,Mouth_Ulcer_0_9599.jpeg,Mouth Ulcer,Training
E:\Dr. Atef Ismail\Khaled Dental\Paper2\archive (10)\Mouth Ulcer\Mouth_Ulcer_0_7963.jpeg,Mouth_Ulcer_0_7963.jpeg,Mouth Ulcer,Training
E:\Dr. Atef Ismail\Khaled Dental\Paper2\archive (10)\Tooth Discoloration\Tooth_Discoloration_0_136.jpeg,Tooth_Discoloration_0_136.jpeg,Tooth Discoloration,Training
E:\Dr. Atef Ismail\Khaled Dental\Paper2\archive (10)\Tooth Discoloration\Tooth_Discoloration_0_7024.jpeg,Tooth_Discoloration_0_7024.jpeg,Tooth Discoloration,Training
E:\Dr. Atef Ismail\Khaled Dental\Paper2\archive (10)\Gingivitis\(1025).jpg,(1025).jpg,Gingivitis,Training
E:\Dr. Atef Ismail\Khaled Dental\Paper2\archive (10)\Gingivitis\(1477).jpg,(1477).jpg,Gingivitis,Training
E:\Dr. Atef Ismail\Khaled Dental\Paper2\archive (10)\Mouth Ulcer\Mouth_Ulcer_0_6640.jpeg,Mouth_Ulcer_0_6640.jpeg,Mouth Ulcer,Training
E:\Dr. Atef Ismail\Khaled Dental\Paper2\archive (10)\Caries_Gingivitus\532.jpg,532.jpg,Caries-Gingivitis,Training
E:\Dr. Atef Ismail\Khaled Dental\Paper2\archive (10)\Gingivitis\(20).jpg,(20).jpg,Gingivitis,Training
E:\Dr. Atef Ismail\Khaled Dental\Paper2\archive (10)\Tooth Discoloration\Tooth_Discoloration_0_4232.jpeg,Tooth_Discoloration_0_4232.jpeg,Tooth Discoloration,Training
E:\Dr. Atef Ismail\Khaled Dental\Paper2\archive (10)\Calculus\(851).jpg,(851).jpg,Calculus,Training
E:\Dr. Atef Ismail\Khaled Dental\Paper2\archive (10)\Gingivitis\(543).jpg,(543).jpg,Gingivitis,Training
E:\Dr. Atef Ismail\Khaled Dental\Paper2\archive (10)\Calculus\(1139).jpg,(1139).jpg,Calculus,Training
E:\Dr. Atef Ismail\Khaled Dental\Paper2\archive (10)\Mouth Ulcer\Mouth_Ulcer_0_2555.jpeg,Mouth_Ulcer_0_2555.jpeg,Mouth Ulcer,Training
E:\Dr. Atef Ismail\Khaled Dental\Paper2\archive (10)\Mouth Ulcer\Mouth_Ulcer_0_8931.jpeg,Mouth_Ulcer_0_8931.jpeg,Mouth Ulcer,Training
E:\Dr. Atef Ismail\Khaled Dental\Paper2\archive (10)\hypodontia\(349).JPG,(349).JPG,Hypodontia,Training
E:\Dr. Atef Ismail\Khaled Dental\Paper2\archive (10)\Gingivitis\(2284).jpg,(2284).jpg,Gingivitis,Training
E:\Dr. Atef Ismail\Khaled Dental\Paper2\archive (10)\hypodontia\(234).JPG,(234).JPG,Hypodontia,Training
E:\Dr. Atef Ismail\Khaled Dental\Paper2\archive (10)\Mouth Ulcer\Mouth_Ulcer_0_6714.jpeg,Mouth_Ulcer_0_6714.jpeg,Mouth Ulcer,Training
E:\Dr. Atef Ismail\Khaled Dental\Paper2\archive (10)\Tooth Discoloration\Tooth_Discoloration_0_1219.jpeg,Tooth_Discoloration_0_1219.jpeg,Tooth Discoloration,Training
E:\Dr. Atef Ismail\Khaled Dental\Paper2\archive (10)\Caries_Gingivitus\caries_0_3778.jpeg,caries_0_3778.jpeg,Caries-Gingivitis,Training
E:\Dr. Atef Ismail\Khaled Dental\Paper2\archive (10)\Mouth Ulcer\Mouth_Ulcer_0_6464.jpeg,Mouth_Ulcer_0_6464.jpeg,Mouth Ulcer,Training
E:\Dr. Atef Ismail\Khaled Dental\Paper2\archive (10)\Mouth Ulcer\Mouth_Ulcer_0_410.jpeg,Mouth_Ulcer_0_410.jpeg,Mouth Ulcer,Training
E:\Dr. Atef Ismail\Khaled Dental\Paper2\archive (10)\Mouth Ulcer\Mouth_Ulcer_0_9714.jpeg,Mouth_Ulcer_0_9714.jpeg,Mouth Ulcer,Training
E:\Dr. Atef Ismail\Khaled Dental\Paper2\archive (10)\Tooth Discoloration\Tooth_Discoloration_0_8713.jpeg,Tooth_Discoloration_0_8713.jpeg,Tooth Discoloration,Training
E:\Dr. Atef Ismail\Khaled Dental\Paper2\archive (10)\hypodontia\(228).JPG,(228).JPG,Hypodontia,Training
E:\Dr. Atef Ismail\Khaled Dental\Paper2\archive (10)\hypodontia\(678).jpg,(678).jpg,Hypodontia,Training
E:\Dr. Atef Ismail\Khaled Dental\Paper2\archive (10)\Calculus\(981).jpg,(981).jpg,Calculus,Training
E:\Dr. Atef Ismail\Khaled Dental\Paper2\archive (10)\hypodontia\(1204).jpg,(1204).jpg,Hypodontia,Training
E:\Dr. Atef Ismail\Khaled Dental\Paper2\archive (10)\Gingivitis\(1230).jpg,(1230).jpg,Gingivitis,Training
E:\Dr. Atef Ismail\Khaled Dental\Paper2\archive (10)\Gingivitis\(1175).jpg,(1175).jpg,Gingivitis,Training
E:\Dr. Atef Ismail\Khaled Dental\Paper2\archive (10)\Caries_Gingivitus\caries_0_661.jpeg,caries_0_661.jpeg,Caries-Gingivitis,Training
E:\Dr. Atef Ismail\Khaled Dental\Paper2\archive (10)\Mouth Ulcer\Mouth_Ulcer_0_8221.jpeg,Mouth_Ulcer_0_8221.jpeg,Mouth Ulcer,Training
E:\Dr. Atef Ismail\Khaled Dental\Paper2\archive (10)\Mouth Ulcer\Mouth_Ulcer_0_5071.jpeg,Mouth_Ulcer_0_5071.jpeg,Mouth Ulcer,Training
E:\Dr. Atef Ismail\Khaled Dental\Paper2\archive (10)\Mouth Ulcer\Mouth_Ulcer_0_2053.jpeg,Mouth_Ulcer_0_2053.jpeg,Mouth Ulcer,Training
E:\Dr. Atef Ismail\Khaled Dental\Paper2\archive (10)\Gingivitis\(1343).jpg,(1343).jpg,Gingivitis,Training
E:\Dr. Atef Ismail\Khaled Dental\Paper2\archive (10)\Gingivitis\(2249).jpg,(2249).jpg,Gingivitis,Training
E:\Dr. Atef Ismail\Khaled Dental\Paper2\archive (10)\Mouth Ulcer\Mouth_Ulcer_0_821.jpeg,Mouth_Ulcer_0_821.jpeg,Mouth Ulcer,Training
E:\Dr. Atef Ismail\Khaled Dental\Paper2\archive (10)\Gingivitis\(444).jpg,(444).jpg,Gingivitis,Training
E:\Dr. Atef Ismail\Khaled Dental\Paper2\archive (10)\Gingivitis\(768).jpg,(768).jpg,Gingivitis,Training
E:\Dr. Atef Ismail\Khaled Dental\Paper2\archive (10)\Caries_Gingivitus\564.jpg,564.jpg,Caries-Gingivitis,Training
E:\Dr. Atef Ismail\Khaled Dental\Paper2\archive (10)\Mouth Ulcer\Mouth_Ulcer_0_220.jpeg,Mouth_Ulcer_0_220.jpeg,Mouth Ulcer,Training
E:\Dr. Atef Ismail\Khaled Dental\Paper2\archive (10)\Caries_Gingivitus\70.jpg,70.jpg,Caries-Gingivitis,Training
E:\Dr. Atef Ismail\Khaled Dental\Paper2\archive (10)\Tooth Discoloration\Tooth_Discoloration_0_4550.jpeg,Tooth_Discoloration_0_4550.jpeg,Tooth Discoloration,Training
E:\Dr. Atef Ismail\Khaled Dental\Paper2\archive (10)\Mouth Ulcer\Mouth_Ulcer_0_5018.jpeg,Mouth_Ulcer_0_5018.jpeg,Mouth Ulcer,Training
E:\Dr. Atef Ismail\Khaled Dental\Paper2\archive (10)\Mouth Ulcer\Mouth_Ulcer_0_5468.jpeg,Mouth_Ulcer_0_5468.jpeg,Mouth Ulcer,Training
E:\Dr. Atef Ismail\Khaled Dental\Paper2\archive (10)\hypodontia\(747).JPG,(747).JPG,Hypodontia,Training
E:\Dr. Atef Ismail\Khaled Dental\Paper2\archive (10)\hypodontia\(56).JPG,(56).JPG,Hypodontia,Training
E:\Dr. Atef Ismail\Khaled Dental\Paper2\archive (10)\Caries_Gingivitus\348.jpg,348.jpg,Caries-Gingivitis,Training
E:\Dr. Atef Ismail\Khaled Dental\Paper2\archive (10)\Mouth Ulcer\Mouth_Ulcer_0_1839.jpeg,Mouth_Ulcer_0_1839.jpeg,Mouth Ulcer,Training
E:\Dr. Atef Ismail\Khaled Dental\Paper2\archive (10)\Mouth Ulcer\Mouth_Ulcer_0_7177.jpeg,Mouth_Ulcer_0_7177.jpeg,Mouth Ulcer,Training
E:\Dr. Atef Ismail\Khaled Dental\Paper2\archive (10)\Gingivitis\(97).jpg,(97).jpg,Gingivitis,Training
E:\Dr. Atef Ismail\Khaled Dental\Paper2\archive (10)\Caries_Gingivitus\88.jpg,88.jpg,Caries-Gingivitis,Training
E:\Dr. Atef Ismail\Khaled Dental\Paper2\archive (10)\Caries_Gingivitus\(173).jpg,(173).jpg,Caries-Gingivitis,Training
E:\Dr. Atef Ismail\Khaled Dental\Paper2\archive (10)\Gingivitis\(1976).jpg,(1976).jpg,Gingivitis,Training
E:\Dr. Atef Ismail\Khaled Dental\Paper2\archive (10)\Mouth Ulcer\Mouth_Ulcer_0_4145.jpeg,Mouth_Ulcer_0_4145.jpeg,Mouth Ulcer,Training
E:\Dr. Atef Ismail\Khaled Dental\Paper2\archive (10)\Caries_Gingivitus\(214).jpg,(214).jpg,Caries-Gingivitis,Training
E:\Dr. Atef Ismail\Khaled Dental\Paper2\archive (10)\Tooth Discoloration\Tooth_Discoloration_0_1991.jpeg,Tooth_Discoloration_0_1991.jpeg,Tooth Discoloration,Training
E:\Dr. Atef Ismail\Khaled Dental\Paper2\archive (10)\Mouth Ulcer\Mouth_Ulcer_0_8094.jpeg,Mouth_Ulcer_0_8094.jpeg,Mouth Ulcer,Training
E:\Dr. Atef Ismail\Khaled Dental\Paper2\archive (10)\Gingivitis\(337).jpg,(337).jpg,Gingivitis,Training
E:\Dr. Atef Ismail\Khaled Dental\Paper2\archive (10)\Mouth Ulcer\Mouth_Ulcer_0_3548.jpeg,Mouth_Ulcer_0_3548.jpeg,Mouth Ulcer,Training
E:\Dr. Atef Ismail\Khaled Dental\Paper2\archive (10)\Gingivitis\(363).jpg,(363).jpg,Gingivitis,Training
E:\Dr. Atef Ismail\Khaled Dental\Paper2\archive (10)\Mouth Ulcer\Mouth_Ulcer_0_4480.jpeg,Mouth_Ulcer_0_4480.jpeg,Mouth Ulcer,Training
E:\Dr. Atef Ismail\Khaled Dental\Paper2\archive (10)\Calculus\(567).jpg,(567).jpg,Calculus,Training
E:\Dr. Atef Ismail\Khaled Dental\Paper2\archive (10)\hypodontia\(346).JPG,(346).JPG,Hypodontia,Training
E:\Dr. Atef Ismail\Khaled Dental\Paper2\archive (10)\Mouth Ulcer\Mouth_Ulcer_0_846.jpeg,Mouth_Ulcer_0_846.jpeg,Mouth Ulcer,Training
E:\Dr. Atef Ismail\Khaled Dental\Paper2\archive (10)\Calculus\(1147).jpg,(1147).jpg,Calculus,Training
E:\Dr. Atef Ismail\Khaled Dental\Paper2\archive (10)\Mouth Ulcer\Mouth_Ulcer_0_5170.jpeg,Mouth_Ulcer_0_5170.jpeg,Mouth Ulcer,Training
E:\Dr. Atef Ismail\Khaled Dental\Paper2\archive (10)\Calculus\(244).jpg,(244).jpg,Calculus,Training
E:\Dr. Atef Ismail\Khaled Dental\Paper2\archive (10)\Caries_Gingivitus\(11).jpg,(11).jpg,Caries-Gingivitis,Training
E:\Dr. Atef Ismail\Khaled Dental\Paper2\archive (10)\Gingivitis\(887).jpg,(887).jpg,Gingivitis,Training
E:\Dr. Atef Ismail\Khaled Dental\Paper2\archive (10)\hypodontia\(959).jpg,(959).jpg,Hypodontia,Training
E:\Dr. Atef Ismail\Khaled Dental\Paper2\archive (10)\Gingivitis\(2264).jpg,(2264).jpg,Gingivitis,Training
E:\Dr. Atef Ismail\Khaled Dental\Paper2\archive (10)\Mouth Ulcer\Mouth_Ulcer_0_2188.jpeg,Mouth_Ulcer_0_2188.jpeg,Mouth Ulcer,Training
E:\Dr. Atef Ismail\Khaled Dental\Paper2\archive (10)\Calculus\(1062).jpg,(1062).jpg,Calculus,Training
E:\Dr. Atef Ismail\Khaled Dental\Paper2\archive (10)\Gingivitis\(491).jpg,(491).jpg,Gingivitis,Training
E:\Dr. Atef Ismail\Khaled Dental\Paper2\archive (10)\Gingivitis\(715).jpg,(715).jpg,Gingivitis,Training
E:\Dr. Atef Ismail\Khaled Dental\Paper2\archive (10)\Mouth Ulcer\Mouth_Ulcer_0_7775.jpeg,Mouth_Ulcer_0_7775.jpeg,Mouth Ulcer,Training
E:\Dr. Atef Ismail\Khaled Dental\Paper2\archive (10)\hypodontia\(1070).JPG,(1070).JPG,Hypodontia,Training
E:\Dr. Atef Ismail\Khaled Dental\Paper2\archive (10)\Tooth Discoloration\Tooth_Discoloration_0_4776.jpeg,Tooth_Discoloration_0_4776.jpeg,Tooth Discoloration,Training
E:\Dr. Atef Ismail\Khaled Dental\Paper2\archive (10)\Calculus\(983).jpg,(983).jpg,Calculus,Training
E:\Dr. Atef Ismail\Khaled Dental\Paper2\archive (10)\Tooth Discoloration\Tooth_Discoloration_0_6783.jpeg,Tooth_Discoloration_0_6783.jpeg,Tooth Discoloration,Training
E:\Dr. Atef Ismail\Khaled Dental\Paper2\archive (10)\Tooth Discoloration\Tooth_Discoloration_0_6107.jpeg,Tooth_Discoloration_0_6107.jpeg,Tooth Discoloration,Training
E:\Dr. Atef Ismail\Khaled Dental\Paper2\archive (10)\Gingivitis\(592).jpg,(592).jpg,Gingivitis,Training
E:\Dr. Atef Ismail\Khaled Dental\Paper2\archive (10)\Gingivitis\(107).jpg,(107).jpg,Gingivitis,Training
E:\Dr. Atef Ismail\Khaled Dental\Paper2\archive (10)\Gingivitis\(988).jpg,(988).jpg,Gingivitis,Training
E:\Dr. Atef Ismail\Khaled Dental\Paper2\archive (10)\Gingivitis\(1873).jpg,(1873).jpg,Gingivitis,Training
E:\Dr. Atef Ismail\Khaled Dental\Paper2\archive (10)\hypodontia\(1059).JPG,(1059).JPG,Hypodontia,Training
E:\Dr. Atef Ismail\Khaled Dental\Paper2\archive (10)\hypodontia\(122).jpg,(122).jpg,Hypodontia,Training
E:\Dr. Atef Ismail\Khaled Dental\Paper2\archive (10)\Mouth Ulcer\Mouth_Ulcer_0_4529.jpeg,Mouth_Ulcer_0_4529.jpeg,Mouth Ulcer,Training
E:\Dr. Atef Ismail\Khaled Dental\Paper2\archive (10)\Calculus\(965).jpg,(965).jpg,Calculus,Training
E:\Dr. Atef Ismail\Khaled Dental\Paper2\archive (10)\Tooth Discoloration\Tooth_Discoloration_0_7456.jpeg,Tooth_Discoloration_0_7456.jpeg,Tooth Discoloration,Training
E:\Dr. Atef Ismail\Khaled Dental\Paper2\archive (10)\Calculus\(301).jpg,(301).jpg,Calculus,Training
E:\Dr. Atef Ismail\Khaled Dental\Paper2\archive (10)\Mouth Ulcer\Mouth_Ulcer_0_8255.jpeg,Mouth_Ulcer_0_8255.jpeg,Mouth Ulcer,Training
E:\Dr. Atef Ismail\Khaled Dental\Paper2\archive (10)\Tooth Discoloration\Tooth_Discoloration_0_9153.jpeg,Tooth_Discoloration_0_9153.jpeg,Tooth Discoloration,Training
E:\Dr. Atef Ismail\Khaled Dental\Paper2\archive (10)\Gingivitis\(847).jpg,(847).jpg,Gingivitis,Training
E:\Dr. Atef Ismail\Khaled Dental\Paper2\archive (10)\Tooth Discoloration\Tooth_Discoloration_0_7607.jpeg,Tooth_Discoloration_0_7607.jpeg,Tooth Discoloration,Training
E:\Dr. Atef Ismail\Khaled Dental\Paper2\archive (10)\hypodontia\(1209).JPG,(1209).JPG,Hypodontia,Training
E:\Dr. Atef Ismail\Khaled Dental\Paper2\archive (10)\Calculus\(416).jpg,(416).jpg,Calculus,Training
E:\Dr. Atef Ismail\Khaled Dental\Paper2\archive (10)\Mouth Ulcer\Mouth_Ulcer_0_4274.jpeg,Mouth_Ulcer_0_4274.jpeg,Mouth Ulcer,Training
E:\Dr. Atef Ismail\Khaled Dental\Paper2\archive (10)\Tooth Discoloration\Tooth_Discoloration_0_811.jpeg,Tooth_Discoloration_0_811.jpeg,Tooth Discoloration,Training
E:\Dr. Atef Ismail\Khaled Dental\Paper2\archive (10)\hypodontia\(1227).JPG,(1227).JPG,Hypodontia,Training
E:\Dr. Atef Ismail\Khaled Dental\Paper2\archive (10)\Tooth Discoloration\Tooth_Discoloration_0_1184.jpeg,Tooth_Discoloration_0_1184.jpeg,Tooth Discoloration,Training
E:\Dr. Atef Ismail\Khaled Dental\Paper2\archive (10)\Gingivitis\(1236).jpg,(1236).jpg,Gingivitis,Training
E:\Dr. Atef Ismail\Khaled Dental\Paper2\archive (10)\Gingivitis\(1945).jpg,(1945).jpg,Gingivitis,Training
E:\Dr. Atef Ismail\Khaled Dental\Paper2\archive (10)\Mouth Ulcer\Mouth_Ulcer_0_4261.jpeg,Mouth_Ulcer_0_4261.jpeg,Mouth Ulcer,Training
E:\Dr. Atef Ismail\Khaled Dental\Paper2\archive (10)\Mouth Ulcer\Mouth_Ulcer_0_2938.jpeg,Mouth_Ulcer_0_2938.jpeg,Mouth Ulcer,Training
E:\Dr. Atef Ismail\Khaled Dental\Paper2\archive (10)\Mouth Ulcer\Mouth_Ulcer_0_558.jpeg,Mouth_Ulcer_0_558.jpeg,Mouth Ulcer,Training
E:\Dr. Atef Ismail\Khaled Dental\Paper2\archive (10)\Tooth Discoloration\Tooth_Discoloration_0_8784.jpeg,Tooth_Discoloration_0_8784.jpeg,Tooth Discoloration,Training
E:\Dr. Atef Ismail\Khaled Dental\Paper2\archive (10)\Mouth Ulcer\Mouth_Ulcer_0_5527.jpeg,Mouth_Ulcer_0_5527.jpeg,Mouth Ulcer,Training
E:\Dr. Atef Ismail\Khaled Dental\Paper2\archive (10)\Mouth Ulcer\Mouth_Ulcer_0_5470.jpeg,Mouth_Ulcer_0_5470.jpeg,Mouth Ulcer,Training
E:\Dr. Atef Ismail\Khaled Dental\Paper2\archive (10)\Gingivitis\(798).jpg,(798).jpg,Gingivitis,Training
E:\Dr. Atef Ismail\Khaled Dental\Paper2\archive (10)\Mouth Ulcer\Mouth_Ulcer_0_9535.jpeg,Mouth_Ulcer_0_9535.jpeg,Mouth Ulcer,Training
E:\Dr. Atef Ismail\Khaled Dental\Paper2\archive (10)\Mouth Ulcer\Mouth_Ulcer_0_5466.jpeg,Mouth_Ulcer_0_5466.jpeg,Mouth Ulcer,Training
E:\Dr. Atef Ismail\Khaled Dental\Paper2\archive (10)\Gingivitis\(1516).jpg,(1516).jpg,Gingivitis,Training
E:\Dr. Atef Ismail\Khaled Dental\Paper2\archive (10)\hypodontia\(431).JPG,(431).JPG,Hypodontia,Training
E:\Dr. Atef Ismail\Khaled Dental\Paper2\archive (10)\Mouth Ulcer\Mouth_Ulcer_0_1327.jpeg,Mouth_Ulcer_0_1327.jpeg,Mouth Ulcer,Training
E:\Dr. Atef Ismail\Khaled Dental\Paper2\archive (10)\Caries_Gingivitus\caries_0_3665.jpeg,caries_0_3665.jpeg,Caries-Gingivitis,Training
E:\Dr. Atef Ismail\Khaled Dental\Paper2\archive (10)\Caries_Gingivitus\83.jpg,83.jpg,Caries-Gingivitis,Training
E:\Dr. Atef Ismail\Khaled Dental\Paper2\archive (10)\Gingivitis\(1265).jpg,(1265).jpg,Gingivitis,Training
E:\Dr. Atef Ismail\Khaled Dental\Paper2\archive (10)\Caries_Gingivitus\59.jpg,59.jpg,Caries-Gingivitis,Training
E:\Dr. Atef Ismail\Khaled Dental\Paper2\archive (10)\Mouth Ulcer\Mouth_Ulcer_0_5525.jpeg,Mouth_Ulcer_0_5525.jpeg,Mouth Ulcer,Training
E:\Dr. Atef Ismail\Khaled Dental\Paper2\archive (10)\hypodontia\(93).JPG,(93).JPG,Hypodontia,Training
E:\Dr. Atef Ismail\Khaled Dental\Paper2\archive (10)\Gingivitis\(660).jpg,(660).jpg,Gingivitis,Training
E:\Dr. Atef Ismail\Khaled Dental\Paper2\archive (10)\hypodontia\(1239).jpg,(1239).jpg,Hypodontia,Training
E:\Dr. Atef Ismail\Khaled Dental\Paper2\archive (10)\Tooth Discoloration\Tooth_Discoloration_0_1031.jpeg,Tooth_Discoloration_0_1031.jpeg,Tooth Discoloration,Training
E:\Dr. Atef Ismail\Khaled Dental\Paper2\archive (10)\Gingivitis\(2319).jpg,(2319).jpg,Gingivitis,Training
E:\Dr. Atef Ismail\Khaled Dental\Paper2\archive (10)\hypodontia\(266).jpg,(266).jpg,Hypodontia,Training
E:\Dr. Atef Ismail\Khaled Dental\Paper2\archive (10)\Mouth Ulcer\Mouth_Ulcer_0_4837.jpeg,Mouth_Ulcer_0_4837.jpeg,Mouth Ulcer,Training
E:\Dr. Atef Ismail\Khaled Dental\Paper2\archive (10)\Calculus\(933).jpg,(933).jpg,Calculus,Training
E:\Dr. Atef Ismail\Khaled Dental\Paper2\archive (10)\hypodontia\(257).jpg,(257).jpg,Hypodontia,Training
E:\Dr. Atef Ismail\Khaled Dental\Paper2\archive (10)\Gingivitis\(1879).jpg,(1879).jpg,Gingivitis,Training
E:\Dr. Atef Ismail\Khaled Dental\Paper2\archive (10)\Caries_Gingivitus\caries_0_3656.jpeg,caries_0_3656.jpeg,Caries-Gingivitis,Training
E:\Dr. Atef Ismail\Khaled Dental\Paper2\archive (10)\Calculus\(535).jpg,(535).jpg,Calculus,Training
E:\Dr. Atef Ismail\Khaled Dental\Paper2\archive (10)\Caries_Gingivitus\340.jpg,340.jpg,Caries-Gingivitis,Training
E:\Dr. Atef Ismail\Khaled Dental\Paper2\archive (10)\hypodontia\(942).jpg,(942).jpg,Hypodontia,Training
E:\Dr. Atef Ismail\Khaled Dental\Paper2\archive (10)\Tooth Discoloration\Tooth_Discoloration_0_5510.jpeg,Tooth_Discoloration_0_5510.jpeg,Tooth Discoloration,Training
E:\Dr. Atef Ismail\Khaled Dental\Paper2\archive (10)\Tooth Discoloration\Tooth_Discoloration_0_4925.jpeg,Tooth_Discoloration_0_4925.jpeg,Tooth Discoloration,Training
E:\Dr. Atef Ismail\Khaled Dental\Paper2\archive (10)\Mouth Ulcer\Mouth_Ulcer_0_3801.jpeg,Mouth_Ulcer_0_3801.jpeg,Mouth Ulcer,Training
E:\Dr. Atef Ismail\Khaled Dental\Paper2\archive (10)\Tooth Discoloration\Tooth_Discoloration_0_358.jpeg,Tooth_Discoloration_0_358.jpeg,Tooth Discoloration,Training
E:\Dr. Atef Ismail\Khaled Dental\Paper2\archive (10)\hypodontia\(186).JPG,(186).JPG,Hypodontia,Training
E:\Dr. Atef Ismail\Khaled Dental\Paper2\archive (10)\Calculus\(374).jpg,(374).jpg,Calculus,Training
E:\Dr. Atef Ismail\Khaled Dental\Paper2\archive (10)\Gingivitis\(28).jpg,(28).jpg,Gingivitis,Training
E:\Dr. Atef Ismail\Khaled Dental\Paper2\archive (10)\Tooth Discoloration\Tooth_Discoloration_0_1136.jpeg,Tooth_Discoloration_0_1136.jpeg,Tooth Discoloration,Training
E:\Dr. Atef Ismail\Khaled Dental\Paper2\archive (10)\hypodontia\(267).jpg,(267).jpg,Hypodontia,Training
E:\Dr. Atef Ismail\Khaled Dental\Paper2\archive (10)\Mouth Ulcer\Mouth_Ulcer_0_9293.jpeg,Mouth_Ulcer_0_9293.jpeg,Mouth Ulcer,Training
E:\Dr. Atef Ismail\Khaled Dental\Paper2\archive (10)\hypodontia\(960).jpg,(960).jpg,Hypodontia,Training
E:\Dr. Atef Ismail\Khaled Dental\Paper2\archive (10)\Tooth Discoloration\Tooth_Discoloration_0_6711.jpeg,Tooth_Discoloration_0_6711.jpeg,Tooth Discoloration,Training
E:\Dr. Atef Ismail\Khaled Dental\Paper2\archive (10)\Caries_Gingivitus\caries_0_4886.jpeg,caries_0_4886.jpeg,Caries-Gingivitis,Training
E:\Dr. Atef Ismail\Khaled Dental\Paper2\archive (10)\Gingivitis\(859).jpg,(859).jpg,Gingivitis,Training
E:\Dr. Atef Ismail\Khaled Dental\Paper2\archive (10)\Gingivitis\(1022).jpg,(1022).jpg,Gingivitis,Training
E:\Dr. Atef Ismail\Khaled Dental\Paper2\archive (10)\Tooth Discoloration\Tooth_Discoloration_0_1912.jpeg,Tooth_Discoloration_0_1912.jpeg,Tooth Discoloration,Training
E:\Dr. Atef Ismail\Khaled Dental\Paper2\archive (10)\hypodontia\(382).jpg,(382).jpg,Hypodontia,Training
E:\Dr. Atef Ismail\Khaled Dental\Paper2\archive (10)\Gingivitis\(355).jpg,(355).jpg,Gingivitis,Training
E:\Dr. Atef Ismail\Khaled Dental\Paper2\archive (10)\Gingivitis\(1982).jpg,(1982).jpg,Gingivitis,Training
E:\Dr. Atef Ismail\Khaled Dental\Paper2\archive (10)\hypodontia\(976).JPG,(976).JPG,Hypodontia,Training
E:\Dr. Atef Ismail\Khaled Dental\Paper2\archive (10)\hypodontia\(972).JPG,(972).JPG,Hypodontia,Training
E:\Dr. Atef Ismail\Khaled Dental\Paper2\archive (10)\Caries_Gingivitus\caries_0_3824.jpeg,caries_0_3824.jpeg,Caries-Gingivitis,Training
E:\Dr. Atef Ismail\Khaled Dental\Paper2\archive (10)\hypodontia\(897).JPG,(897).JPG,Hypodontia,Training
E:\Dr. Atef Ismail\Khaled Dental\Paper2\archive (10)\Tooth Discoloration\Tooth_Discoloration_0_5552.jpeg,Tooth_Discoloration_0_5552.jpeg,Tooth Discoloration,Training
E:\Dr. Atef Ismail\Khaled Dental\Paper2\archive (10)\Calculus\(186).jpg,(186).jpg,Calculus,Training
E:\Dr. Atef Ismail\Khaled Dental\Paper2\archive (10)\Tooth Discoloration\Tooth_Discoloration_0_1336.jpeg,Tooth_Discoloration_0_1336.jpeg,Tooth Discoloration,Training
E:\Dr. Atef Ismail\Khaled Dental\Paper2\archive (10)\Tooth Discoloration\Tooth_Discoloration_0_4265.jpeg,Tooth_Discoloration_0_4265.jpeg,Tooth Discoloration,Training
E:\Dr. Atef Ismail\Khaled Dental\Paper2\archive (10)\Calculus\(334).jpg,(334).jpg,Calculus,Training
E:\Dr. Atef Ismail\Khaled Dental\Paper2\archive (10)\Caries_Gingivitus\320.jpg,320.jpg,Caries-Gingivitis,Training
E:\Dr. Atef Ismail\Khaled Dental\Paper2\archive (10)\Gingivitis\(90).jpg,(90).jpg,Gingivitis,Training
E:\Dr. Atef Ismail\Khaled Dental\Paper2\archive (10)\hypodontia\(1185).JPG,(1185).JPG,Hypodontia,Training
E:\Dr. Atef Ismail\Khaled Dental\Paper2\archive (10)\Caries_Gingivitus\caries_0_673.jpeg,caries_0_673.jpeg,Caries-Gingivitis,Training
E:\Dr. Atef Ismail\Khaled Dental\Paper2\archive (10)\Gingivitis\(1914).jpg,(1914).jpg,Gingivitis,Training
E:\Dr. Atef Ismail\Khaled Dental\Paper2\archive (10)\Tooth Discoloration\Tooth_Discoloration_0_5347.jpeg,Tooth_Discoloration_0_5347.jpeg,Tooth Discoloration,Training
E:\Dr. Atef Ismail\Khaled Dental\Paper2\archive (10)\Caries_Gingivitus\caries_0_4373.jpeg,caries_0_4373.jpeg,Caries-Gingivitis,Training
E:\Dr. Atef Ismail\Khaled Dental\Paper2\archive (10)\Tooth Discoloration\Tooth_Discoloration_0_7739.jpeg,Tooth_Discoloration_0_7739.jpeg,Tooth Discoloration,Training
E:\Dr. Atef Ismail\Khaled Dental\Paper2\archive (10)\Mouth Ulcer\Mouth_Ulcer_0_6631.jpeg,Mouth_Ulcer_0_6631.jpeg,Mouth Ulcer,Training
E:\Dr. Atef Ismail\Khaled Dental\Paper2\archive (10)\Caries_Gingivitus\308.jpg,308.jpg,Caries-Gingivitis,Training
E:\Dr. Atef Ismail\Khaled Dental\Paper2\archive (10)\Tooth Discoloration\Tooth_Discoloration_0_6924.jpeg,Tooth_Discoloration_0_6924.jpeg,Tooth Discoloration,Training
E:\Dr. Atef Ismail\Khaled Dental\Paper2\archive (10)\Mouth Ulcer\Mouth_Ulcer_0_3530.jpeg,Mouth_Ulcer_0_3530.jpeg,Mouth Ulcer,Training
E:\Dr. Atef Ismail\Khaled Dental\Paper2\archive (10)\Mouth Ulcer\Mouth_Ulcer_0_6597.jpeg,Mouth_Ulcer_0_6597.jpeg,Mouth Ulcer,Training
E:\Dr. Atef Ismail\Khaled Dental\Paper2\archive (10)\Calculus\(591).jpg,(591).jpg,Calculus,Training
E:\Dr. Atef Ismail\Khaled Dental\Paper2\archive (10)\Caries_Gingivitus\605.jpg,605.jpg,Caries-Gingivitis,Training
E:\Dr. Atef Ismail\Khaled Dental\Paper2\archive (10)\Calculus\(939).jpg,(939).jpg,Calculus,Training
E:\Dr. Atef Ismail\Khaled Dental\Paper2\archive (10)\hypodontia\(92).jpg,(92).jpg,Hypodontia,Training
E:\Dr. Atef Ismail\Khaled Dental\Paper2\archive (10)\Tooth Discoloration\Tooth_Discoloration_0_1945.jpeg,Tooth_Discoloration_0_1945.jpeg,Tooth Discoloration,Training
E:\Dr. Atef Ismail\Khaled Dental\Paper2\archive (10)\Tooth Discoloration\Tooth_Discoloration_0_7127.jpeg,Tooth_Discoloration_0_7127.jpeg,Tooth Discoloration,Training
E:\Dr. Atef Ismail\Khaled Dental\Paper2\archive (10)\Mouth Ulcer\Mouth_Ulcer_0_651.jpeg,Mouth_Ulcer_0_651.jpeg,Mouth Ulcer,Training
E:\Dr. Atef Ismail\Khaled Dental\Paper2\archive (10)\Calculus\(649).jpg,(649).jpg,Calculus,Training
E:\Dr. Atef Ismail\Khaled Dental\Paper2\archive (10)\Calculus\(923).jpg,(923).jpg,Calculus,Training
E:\Dr. Atef Ismail\Khaled Dental\Paper2\archive (10)\Mouth Ulcer\Mouth_Ulcer_0_2331.jpeg,Mouth_Ulcer_0_2331.jpeg,Mouth Ulcer,Training
E:\Dr. Atef Ismail\Khaled Dental\Paper2\archive (10)\Tooth Discoloration\Tooth_Discoloration_0_44.jpeg,Tooth_Discoloration_0_44.jpeg,Tooth Discoloration,Training
E:\Dr. Atef Ismail\Khaled Dental\Paper2\archive (10)\Mouth Ulcer\Mouth_Ulcer_0_1740.jpeg,Mouth_Ulcer_0_1740.jpeg,Mouth Ulcer,Training
E:\Dr. Atef Ismail\Khaled Dental\Paper2\archive (10)\Mouth Ulcer\Mouth_Ulcer_0_9252.jpeg,Mouth_Ulcer_0_9252.jpeg,Mouth Ulcer,Training
E:\Dr. Atef Ismail\Khaled Dental\Paper2\archive (10)\Caries_Gingivitus\480.jpg,480.jpg,Caries-Gingivitis,Training
E:\Dr. Atef Ismail\Khaled Dental\Paper2\archive (10)\Tooth Discoloration\Tooth_Discoloration_0_9256.jpeg,Tooth_Discoloration_0_9256.jpeg,Tooth Discoloration,Training
E:\Dr. Atef Ismail\Khaled Dental\Paper2\archive (10)\Calculus\(995).jpg,(995).jpg,Calculus,Training
E:\Dr. Atef Ismail\Khaled Dental\Paper2\archive (10)\hypodontia\(1035).JPG,(1035).JPG,Hypodontia,Training
E:\Dr. Atef Ismail\Khaled Dental\Paper2\archive (10)\Gingivitis\(978).jpg,(978).jpg,Gingivitis,Training
E:\Dr. Atef Ismail\Khaled Dental\Paper2\archive (10)\Caries_Gingivitus\(165).jpg,(165).jpg,Caries-Gingivitis,Training
E:\Dr. Atef Ismail\Khaled Dental\Paper2\archive (10)\Gingivitis\(711).jpg,(711).jpg,Gingivitis,Training
E:\Dr. Atef Ismail\Khaled Dental\Paper2\archive (10)\Calculus\(700).jpg,(700).jpg,Calculus,Training
E:\Dr. Atef Ismail\Khaled Dental\Paper2\archive (10)\Gingivitis\(2128).jpg,(2128).jpg,Gingivitis,Training
E:\Dr. Atef Ismail\Khaled Dental\Paper2\archive (10)\Gingivitis\(1428).jpg,(1428).jpg,Gingivitis,Training
E:\Dr. Atef Ismail\Khaled Dental\Paper2\archive (10)\Calculus\(23).jpg,(23).jpg,Calculus,Training
E:\Dr. Atef Ismail\Khaled Dental\Paper2\archive (10)\Tooth Discoloration\Tooth_Discoloration_0_5260.jpeg,Tooth_Discoloration_0_5260.jpeg,Tooth Discoloration,Training
E:\Dr. Atef Ismail\Khaled Dental\Paper2\archive (10)\Tooth Discoloration\Tooth_Discoloration_0_8993.jpeg,Tooth_Discoloration_0_8993.jpeg,Tooth Discoloration,Training
E:\Dr. Atef Ismail\Khaled Dental\Paper2\archive (10)\Mouth Ulcer\Mouth_Ulcer_0_1981.jpeg,Mouth_Ulcer_0_1981.jpeg,Mouth Ulcer,Training
E:\Dr. Atef Ismail\Khaled Dental\Paper2\archive (10)\hypodontia\(1071).jpg,(1071).jpg,Hypodontia,Training
E:\Dr. Atef Ismail\Khaled Dental\Paper2\archive (10)\Tooth Discoloration\Tooth_Discoloration_0_1757.jpeg,Tooth_Discoloration_0_1757.jpeg,Tooth Discoloration,Training
E:\Dr. Atef Ismail\Khaled Dental\Paper2\archive (10)\hypodontia\(460).JPG,(460).JPG,Hypodontia,Training
E:\Dr. Atef Ismail\Khaled Dental\Paper2\archive (10)\Mouth Ulcer\Mouth_Ulcer_0_1551.jpeg,Mouth_Ulcer_0_1551.jpeg,Mouth Ulcer,Training
E:\Dr. Atef Ismail\Khaled Dental\Paper2\archive (10)\hypodontia\(364).JPG,(364).JPG,Hypodontia,Training
E:\Dr. Atef Ismail\Khaled Dental\Paper2\archive (10)\Gingivitis\(1053).jpg,(1053).jpg,Gingivitis,Training
E:\Dr. Atef Ismail\Khaled Dental\Paper2\archive (10)\hypodontia\(333).JPG,(333).JPG,Hypodontia,Training
E:\Dr. Atef Ismail\Khaled Dental\Paper2\archive (10)\Tooth Discoloration\Tooth_Discoloration_0_2013.jpeg,Tooth_Discoloration_0_2013.jpeg,Tooth Discoloration,Training
E:\Dr. Atef Ismail\Khaled Dental\Paper2\archive (10)\Tooth Discoloration\Tooth_Discoloration_0_2790.jpeg,Tooth_Discoloration_0_2790.jpeg,Tooth Discoloration,Training
E:\Dr. Atef Ismail\Khaled Dental\Paper2\archive (10)\Mouth Ulcer\Mouth_Ulcer_0_8116.jpeg,Mouth_Ulcer_0_8116.jpeg,Mouth Ulcer,Training
E:\Dr. Atef Ismail\Khaled Dental\Paper2\archive (10)\Tooth Discoloration\Tooth_Discoloration_0_5929.jpeg,Tooth_Discoloration_0_5929.jpeg,Tooth Discoloration,Training
E:\Dr. Atef Ismail\Khaled Dental\Paper2\archive (10)\Tooth Discoloration\Tooth_Discoloration_0_4302.jpeg,Tooth_Discoloration_0_4302.jpeg,Tooth Discoloration,Training
E:\Dr. Atef Ismail\Khaled Dental\Paper2\archive (10)\Caries_Gingivitus\(175).jpg,(175).jpg,Caries-Gingivitis,Training
E:\Dr. Atef Ismail\Khaled Dental\Paper2\archive (10)\Gingivitis\(710).jpg,(710).jpg,Gingivitis,Training
E:\Dr. Atef Ismail\Khaled Dental\Paper2\archive (10)\Mouth Ulcer\Mouth_Ulcer_0_4909.jpeg,Mouth_Ulcer_0_4909.jpeg,Mouth Ulcer,Training
E:\Dr. Atef Ismail\Khaled Dental\Paper2\archive (10)\Mouth Ulcer\Mouth_Ulcer_0_5687.jpeg,Mouth_Ulcer_0_5687.jpeg,Mouth Ulcer,Training
E:\Dr. Atef Ismail\Khaled Dental\Paper2\archive (10)\Caries_Gingivitus\538.jpg,538.jpg,Caries-Gingivitis,Training
E:\Dr. Atef Ismail\Khaled Dental\Paper2\archive (10)\hypodontia\(357).JPG,(357).JPG,Hypodontia,Training
E:\Dr. Atef Ismail\Khaled Dental\Paper2\archive (10)\Mouth Ulcer\Mouth_Ulcer_0_3722.jpeg,Mouth_Ulcer_0_3722.jpeg,Mouth Ulcer,Training
E:\Dr. Atef Ismail\Khaled Dental\Paper2\archive (10)\hypodontia\(671).JPG,(671).JPG,Hypodontia,Training
E:\Dr. Atef Ismail\Khaled Dental\Paper2\archive (10)\Tooth Discoloration\Tooth_Discoloration_0_7740.jpeg,Tooth_Discoloration_0_7740.jpeg,Tooth Discoloration,Training
E:\Dr. Atef Ismail\Khaled Dental\Paper2\archive (10)\Tooth Discoloration\Tooth_Discoloration_0_6479.jpeg,Tooth_Discoloration_0_6479.jpeg,Tooth Discoloration,Training
E:\Dr. Atef Ismail\Khaled Dental\Paper2\archive (10)\Gingivitis\(345).jpg,(345).jpg,Gingivitis,Training
E:\Dr. Atef Ismail\Khaled Dental\Paper2\archive (10)\Tooth Discoloration\Tooth_Discoloration_0_7233.jpeg,Tooth_Discoloration_0_7233.jpeg,Tooth Discoloration,Training
E:\Dr. Atef Ismail\Khaled Dental\Paper2\archive (10)\Mouth Ulcer\Mouth_Ulcer_0_9214.jpeg,Mouth_Ulcer_0_9214.jpeg,Mouth Ulcer,Training
E:\Dr. Atef Ismail\Khaled Dental\Paper2\archive (10)\hypodontia\(432).JPG,(432).JPG,Hypodontia,Training
E:\Dr. Atef Ismail\Khaled Dental\Paper2\archive (10)\Calculus\(1117).jpg,(1117).jpg,Calculus,Training
E:\Dr. Atef Ismail\Khaled Dental\Paper2\archive (10)\Mouth Ulcer\Mouth_Ulcer_0_729.jpeg,Mouth_Ulcer_0_729.jpeg,Mouth Ulcer,Training
E:\Dr. Atef Ismail\Khaled Dental\Paper2\archive (10)\Gingivitis\(24).jpg,(24).jpg,Gingivitis,Training
E:\Dr. Atef Ismail\Khaled Dental\Paper2\archive (10)\hypodontia\(605).JPG,(605).JPG,Hypodontia,Training
E:\Dr. Atef Ismail\Khaled Dental\Paper2\archive (10)\Calculus\(601).jpg,(601).jpg,Calculus,Training
E:\Dr. Atef Ismail\Khaled Dental\Paper2\archive (10)\Mouth Ulcer\Mouth_Ulcer_0_576.jpeg,Mouth_Ulcer_0_576.jpeg,Mouth Ulcer,Training
E:\Dr. Atef Ismail\Khaled Dental\Paper2\archive (10)\Mouth Ulcer\Mouth_Ulcer_0_749.jpeg,Mouth_Ulcer_0_749.jpeg,Mouth Ulcer,Training
E:\Dr. Atef Ismail\Khaled Dental\Paper2\archive (10)\Mouth Ulcer\Mouth_Ulcer_0_1074.jpeg,Mouth_Ulcer_0_1074.jpeg,Mouth Ulcer,Training
E:\Dr. Atef Ismail\Khaled Dental\Paper2\archive (10)\Gingivitis\(1607).jpg,(1607).jpg,Gingivitis,Training
E:\Dr. Atef Ismail\Khaled Dental\Paper2\archive (10)\Calculus\(563).jpg,(563).jpg,Calculus,Training
E:\Dr. Atef Ismail\Khaled Dental\Paper2\archive (10)\Mouth Ulcer\Mouth_Ulcer_0_8498.jpeg,Mouth_Ulcer_0_8498.jpeg,Mouth Ulcer,Training
E:\Dr. Atef Ismail\Khaled Dental\Paper2\archive (10)\Mouth Ulcer\Mouth_Ulcer_0_990.jpeg,Mouth_Ulcer_0_990.jpeg,Mouth Ulcer,Training
E:\Dr. Atef Ismail\Khaled Dental\Paper2\archive (10)\hypodontia\(87).jpg,(87).jpg,Hypodontia,Training
E:\Dr. Atef Ismail\Khaled Dental\Paper2\archive (10)\Mouth Ulcer\Mouth_Ulcer_0_3416.jpeg,Mouth_Ulcer_0_3416.jpeg,Mouth Ulcer,Training
E:\Dr. Atef Ismail\Khaled Dental\Paper2\archive (10)\Gingivitis\(2040).JPG,(2040).JPG,Gingivitis,Training
E:\Dr. Atef Ismail\Khaled Dental\Paper2\archive (10)\Tooth Discoloration\Tooth_Discoloration_0_5378.jpeg,Tooth_Discoloration_0_5378.jpeg,Tooth Discoloration,Training
E:\Dr. Atef Ismail\Khaled Dental\Paper2\archive (10)\Tooth Discoloration\Tooth_Discoloration_0_9374.jpeg,Tooth_Discoloration_0_9374.jpeg,Tooth Discoloration,Training
E:\Dr. Atef Ismail\Khaled Dental\Paper2\archive (10)\Tooth Discoloration\Tooth_Discoloration_0_7188.jpeg,Tooth_Discoloration_0_7188.jpeg,Tooth Discoloration,Training
E:\Dr. Atef Ismail\Khaled Dental\Paper2\archive (10)\Tooth Discoloration\Tooth_Discoloration_0_9583.jpeg,Tooth_Discoloration_0_9583.jpeg,Tooth Discoloration,Training
E:\Dr. Atef Ismail\Khaled Dental\Paper2\archive (10)\hypodontia\(2).JPG,(2).JPG,Hypodontia,Training
E:\Dr. Atef Ismail\Khaled Dental\Paper2\archive (10)\hypodontia\(144).JPG,(144).JPG,Hypodontia,Training
E:\Dr. Atef Ismail\Khaled Dental\Paper2\archive (10)\Calculus\(157).jpg,(157).jpg,Calculus,Training
E:\Dr. Atef Ismail\Khaled Dental\Paper2\archive (10)\Tooth Discoloration\Tooth_Discoloration_0_2200.jpeg,Tooth_Discoloration_0_2200.jpeg,Tooth Discoloration,Training
E:\Dr. Atef Ismail\Khaled Dental\Paper2\archive (10)\hypodontia\(863).JPG,(863).JPG,Hypodontia,Training
E:\Dr. Atef Ismail\Khaled Dental\Paper2\archive (10)\Gingivitis\(2085).jpg,(2085).jpg,Gingivitis,Training
E:\Dr. Atef Ismail\Khaled Dental\Paper2\archive (10)\Tooth Discoloration\Tooth_Discoloration_0_4203.jpeg,Tooth_Discoloration_0_4203.jpeg,Tooth Discoloration,Training
E:\Dr. Atef Ismail\Khaled Dental\Paper2\archive (10)\Calculus\(4).jpg,(4).jpg,Calculus,Training
E:\Dr. Atef Ismail\Khaled Dental\Paper2\archive (10)\Mouth Ulcer\Mouth_Ulcer_0_5692.jpeg,Mouth_Ulcer_0_5692.jpeg,Mouth Ulcer,Training
E:\Dr. Atef Ismail\Khaled Dental\Paper2\archive (10)\Mouth Ulcer\Mouth_Ulcer_0_7960.jpeg,Mouth_Ulcer_0_7960.jpeg,Mouth Ulcer,Training
E:\Dr. Atef Ismail\Khaled Dental\Paper2\archive (10)\Tooth Discoloration\Tooth_Discoloration_0_6270.jpeg,Tooth_Discoloration_0_6270.jpeg,Tooth Discoloration,Training
E:\Dr. Atef Ismail\Khaled Dental\Paper2\archive (10)\Tooth Discoloration\Tooth_Discoloration_0_3529.jpeg,Tooth_Discoloration_0_3529.jpeg,Tooth Discoloration,Training
E:\Dr. Atef Ismail\Khaled Dental\Paper2\archive (10)\Mouth Ulcer\Mouth_Ulcer_0_4660.jpeg,Mouth_Ulcer_0_4660.jpeg,Mouth Ulcer,Training
E:\Dr. Atef Ismail\Khaled Dental\Paper2\archive (10)\Gingivitis\(474).jpg,(474).jpg,Gingivitis,Training
E:\Dr. Atef Ismail\Khaled Dental\Paper2\archive (10)\Gingivitis\(2000).jpg,(2000).jpg,Gingivitis,Training
E:\Dr. Atef Ismail\Khaled Dental\Paper2\archive (10)\Caries_Gingivitus\caries_0_3577.jpeg,caries_0_3577.jpeg,Caries-Gingivitis,Training
E:\Dr. Atef Ismail\Khaled Dental\Paper2\archive (10)\Tooth Discoloration\Tooth_Discoloration_0_1205.jpeg,Tooth_Discoloration_0_1205.jpeg,Tooth Discoloration,Training
E:\Dr. Atef Ismail\Khaled Dental\Paper2\archive (10)\Tooth Discoloration\Tooth_Discoloration_0_9190.jpeg,Tooth_Discoloration_0_9190.jpeg,Tooth Discoloration,Training
E:\Dr. Atef Ismail\Khaled Dental\Paper2\archive (10)\Caries_Gingivitus\344.jpg,344.jpg,Caries-Gingivitis,Training
E:\Dr. Atef Ismail\Khaled Dental\Paper2\archive (10)\Calculus\(316).jpg,(316).jpg,Calculus,Training
E:\Dr. Atef Ismail\Khaled Dental\Paper2\archive (10)\Mouth Ulcer\Mouth_Ulcer_0_1332.jpeg,Mouth_Ulcer_0_1332.jpeg,Mouth Ulcer,Training
E:\Dr. Atef Ismail\Khaled Dental\Paper2\archive (10)\Tooth Discoloration\Tooth_Discoloration_0_2120.jpeg,Tooth_Discoloration_0_2120.jpeg,Tooth Discoloration,Training
E:\Dr. Atef Ismail\Khaled Dental\Paper2\archive (10)\Caries_Gingivitus\38.jpg,38.jpg,Caries-Gingivitis,Training
E:\Dr. Atef Ismail\Khaled Dental\Paper2\archive (10)\Mouth Ulcer\Mouth_Ulcer_0_199.jpeg,Mouth_Ulcer_0_199.jpeg,Mouth Ulcer,Training
E:\Dr. Atef Ismail\Khaled Dental\Paper2\archive (10)\Caries_Gingivitus\caries_0_3478.jpeg,caries_0_3478.jpeg,Caries-Gingivitis,Training
E:\Dr. Atef Ismail\Khaled Dental\Paper2\archive (10)\hypodontia\(612).JPG,(612).JPG,Hypodontia,Training
E:\Dr. Atef Ismail\Khaled Dental\Paper2\archive (10)\Gingivitis\(2172).jpg,(2172).jpg,Gingivitis,Training
E:\Dr. Atef Ismail\Khaled Dental\Paper2\archive (10)\Gingivitis\(1877).jpg,(1877).jpg,Gingivitis,Training
E:\Dr. Atef Ismail\Khaled Dental\Paper2\archive (10)\Caries_Gingivitus\(57).jpg,(57).jpg,Caries-Gingivitis,Training
E:\Dr. Atef Ismail\Khaled Dental\Paper2\archive (10)\Mouth Ulcer\Mouth_Ulcer_0_7873.jpeg,Mouth_Ulcer_0_7873.jpeg,Mouth Ulcer,Training
E:\Dr. Atef Ismail\Khaled Dental\Paper2\archive (10)\Mouth Ulcer\Mouth_Ulcer_0_5145.jpeg,Mouth_Ulcer_0_5145.jpeg,Mouth Ulcer,Training
E:\Dr. Atef Ismail\Khaled Dental\Paper2\archive (10)\Gingivitis\(1772).jpg,(1772).jpg,Gingivitis,Training
E:\Dr. Atef Ismail\Khaled Dental\Paper2\archive (10)\Tooth Discoloration\Tooth_Discoloration_0_4555.jpeg,Tooth_Discoloration_0_4555.jpeg,Tooth Discoloration,Training
E:\Dr. Atef Ismail\Khaled Dental\Paper2\archive (10)\Gingivitis\(1082).jpg,(1082).jpg,Gingivitis,Training
E:\Dr. Atef Ismail\Khaled Dental\Paper2\archive (10)\hypodontia\(1154).JPG,(1154).JPG,Hypodontia,Training
E:\Dr. Atef Ismail\Khaled Dental\Paper2\archive (10)\Calculus\(1229).jpg,(1229).jpg,Calculus,Training
E:\Dr. Atef Ismail\Khaled Dental\Paper2\archive (10)\Caries_Gingivitus\caries_0_257.jpeg,caries_0_257.jpeg,Caries-Gingivitis,Training
E:\Dr. Atef Ismail\Khaled Dental\Paper2\archive (10)\Tooth Discoloration\Tooth_Discoloration_0_5037.jpeg,Tooth_Discoloration_0_5037.jpeg,Tooth Discoloration,Training
E:\Dr. Atef Ismail\Khaled Dental\Paper2\archive (10)\Calculus\(990).jpg,(990).jpg,Calculus,Training
E:\Dr. Atef Ismail\Khaled Dental\Paper2\archive (10)\Gingivitis\(984).jpg,(984).jpg,Gingivitis,Training
E:\Dr. Atef Ismail\Khaled Dental\Paper2\archive (10)\Calculus\(827).jpg,(827).jpg,Calculus,Training
E:\Dr. Atef Ismail\Khaled Dental\Paper2\archive (10)\Tooth Discoloration\Tooth_Discoloration_0_2038.jpeg,Tooth_Discoloration_0_2038.jpeg,Tooth Discoloration,Training
E:\Dr. Atef Ismail\Khaled Dental\Paper2\archive (10)\Tooth Discoloration\Tooth_Discoloration_0_6579.jpeg,Tooth_Discoloration_0_6579.jpeg,Tooth Discoloration,Training
E:\Dr. Atef Ismail\Khaled Dental\Paper2\archive (10)\Caries_Gingivitus\caries_0_4777.jpeg,caries_0_4777.jpeg,Caries-Gingivitis,Training
E:\Dr. Atef Ismail\Khaled Dental\Paper2\archive (10)\Calculus\(710).jpg,(710).jpg,Calculus,Training
E:\Dr. Atef Ismail\Khaled Dental\Paper2\archive (10)\Tooth Discoloration\Tooth_Discoloration_0_2877.jpeg,Tooth_Discoloration_0_2877.jpeg,Tooth Discoloration,Training
E:\Dr. Atef Ismail\Khaled Dental\Paper2\archive (10)\Calculus\(656).jpg,(656).jpg,Calculus,Training
E:\Dr. Atef Ismail\Khaled Dental\Paper2\archive (10)\Calculus\(12).jpg,(12).jpg,Calculus,Training
E:\Dr. Atef Ismail\Khaled Dental\Paper2\archive (10)\Caries_Gingivitus\372.jpg,372.jpg,Caries-Gingivitis,Training
E:\Dr. Atef Ismail\Khaled Dental\Paper2\archive (10)\Mouth Ulcer\Mouth_Ulcer_0_528.jpeg,Mouth_Ulcer_0_528.jpeg,Mouth Ulcer,Training
E:\Dr. Atef Ismail\Khaled Dental\Paper2\archive (10)\Mouth Ulcer\Mouth_Ulcer_0_2015.jpeg,Mouth_Ulcer_0_2015.jpeg,Mouth Ulcer,Training
E:\Dr. Atef Ismail\Khaled Dental\Paper2\archive (10)\hypodontia\(25).JPG,(25).JPG,Hypodontia,Training
E:\Dr. Atef Ismail\Khaled Dental\Paper2\archive (10)\Mouth Ulcer\Mouth_Ulcer_0_1047.jpeg,Mouth_Ulcer_0_1047.jpeg,Mouth Ulcer,Training
E:\Dr. Atef Ismail\Khaled Dental\Paper2\archive (10)\Mouth Ulcer\Mouth_Ulcer_0_9922.jpeg,Mouth_Ulcer_0_9922.jpeg,Mouth Ulcer,Training
E:\Dr. Atef Ismail\Khaled Dental\Paper2\archive (10)\Tooth Discoloration\Tooth_Discoloration_0_7745.jpeg,Tooth_Discoloration_0_7745.jpeg,Tooth Discoloration,Training
E:\Dr. Atef Ismail\Khaled Dental\Paper2\archive (10)\Tooth Discoloration\Tooth_Discoloration_0_5521.jpeg,Tooth_Discoloration_0_5521.jpeg,Tooth Discoloration,Training
E:\Dr. Atef Ismail\Khaled Dental\Paper2\archive (10)\Gingivitis\(1264).jpg,(1264).jpg,Gingivitis,Training
E:\Dr. Atef Ismail\Khaled Dental\Paper2\archive (10)\Caries_Gingivitus\323.jpg,323.jpg,Caries-Gingivitis,Training
E:\Dr. Atef Ismail\Khaled Dental\Paper2\archive (10)\Caries_Gingivitus\115.jpg,115.jpg,Caries-Gingivitis,Training
E:\Dr. Atef Ismail\Khaled Dental\Paper2\archive (10)\Mouth Ulcer\Mouth_Ulcer_0_8846.jpeg,Mouth_Ulcer_0_8846.jpeg,Mouth Ulcer,Training
E:\Dr. Atef Ismail\Khaled Dental\Paper2\archive (10)\Gingivitis\(1161).jpg,(1161).jpg,Gingivitis,Training
E:\Dr. Atef Ismail\Khaled Dental\Paper2\archive (10)\Mouth Ulcer\Mouth_Ulcer_0_3207.jpeg,Mouth_Ulcer_0_3207.jpeg,Mouth Ulcer,Training
E:\Dr. Atef Ismail\Khaled Dental\Paper2\archive (10)\Tooth Discoloration\Tooth_Discoloration_0_3459.jpeg,Tooth_Discoloration_0_3459.jpeg,Tooth Discoloration,Training
E:\Dr. Atef Ismail\Khaled Dental\Paper2\archive (10)\Mouth Ulcer\Mouth_Ulcer_0_2535.jpeg,Mouth_Ulcer_0_2535.jpeg,Mouth Ulcer,Training
E:\Dr. Atef Ismail\Khaled Dental\Paper2\archive (10)\Tooth Discoloration\Tooth_Discoloration_0_9352.jpeg,Tooth_Discoloration_0_9352.jpeg,Tooth Discoloration,Training
E:\Dr. Atef Ismail\Khaled Dental\Paper2\archive (10)\Gingivitis\(1253).jpg,(1253).jpg,Gingivitis,Training
E:\Dr. Atef Ismail\Khaled Dental\Paper2\archive (10)\hypodontia\(137).jpg,(137).jpg,Hypodontia,Training
E:\Dr. Atef Ismail\Khaled Dental\Paper2\archive (10)\hypodontia\(309).JPG,(309).JPG,Hypodontia,Training
E:\Dr. Atef Ismail\Khaled Dental\Paper2\archive (10)\Calculus\(288).jpg,(288).jpg,Calculus,Training
E:\Dr. Atef Ismail\Khaled Dental\Paper2\archive (10)\Caries_Gingivitus\caries_0_3451.jpeg,caries_0_3451.jpeg,Caries-Gingivitis,Training
E:\Dr. Atef Ismail\Khaled Dental\Paper2\archive (10)\Tooth Discoloration\Tooth_Discoloration_0_4658.jpeg,Tooth_Discoloration_0_4658.jpeg,Tooth Discoloration,Training
E:\Dr. Atef Ismail\Khaled Dental\Paper2\archive (10)\Tooth Discoloration\Tooth_Discoloration_0_6259.jpeg,Tooth_Discoloration_0_6259.jpeg,Tooth Discoloration,Training
E:\Dr. Atef Ismail\Khaled Dental\Paper2\archive (10)\Tooth Discoloration\Tooth_Discoloration_0_8308.jpeg,Tooth_Discoloration_0_8308.jpeg,Tooth Discoloration,Training
E:\Dr. Atef Ismail\Khaled Dental\Paper2\archive (10)\hypodontia\(1176).JPG,(1176).JPG,Hypodontia,Training
E:\Dr. Atef Ismail\Khaled Dental\Paper2\archive (10)\hypodontia\(754).JPG,(754).JPG,Hypodontia,Training
E:\Dr. Atef Ismail\Khaled Dental\Paper2\archive (10)\Tooth Discoloration\Tooth_Discoloration_0_6186.jpeg,Tooth_Discoloration_0_6186.jpeg,Tooth Discoloration,Training
E:\Dr. Atef Ismail\Khaled Dental\Paper2\archive (10)\hypodontia\(368).JPG,(368).JPG,Hypodontia,Training
E:\Dr. Atef Ismail\Khaled Dental\Paper2\archive (10)\Mouth Ulcer\Mouth_Ulcer_0_2824.jpeg,Mouth_Ulcer_0_2824.jpeg,Mouth Ulcer,Training
E:\Dr. Atef Ismail\Khaled Dental\Paper2\archive (10)\Caries_Gingivitus\354.jpg,354.jpg,Caries-Gingivitis,Training
E:\Dr. Atef Ismail\Khaled Dental\Paper2\archive (10)\Calculus\(299).jpg,(299).jpg,Calculus,Training
E:\Dr. Atef Ismail\Khaled Dental\Paper2\archive (10)\Caries_Gingivitus\377.jpg,377.jpg,Caries-Gingivitis,Training
E:\Dr. Atef Ismail\Khaled Dental\Paper2\archive (10)\Mouth Ulcer\Mouth_Ulcer_0_4822.jpeg,Mouth_Ulcer_0_4822.jpeg,Mouth Ulcer,Training
E:\Dr. Atef Ismail\Khaled Dental\Paper2\archive (10)\Gingivitis\(1476).jpg,(1476).jpg,Gingivitis,Training
E:\Dr. Atef Ismail\Khaled Dental\Paper2\archive (10)\Gingivitis\(708).jpg,(708).jpg,Gingivitis,Training
E:\Dr. Atef Ismail\Khaled Dental\Paper2\archive (10)\Gingivitis\(1007).jpg,(1007).jpg,Gingivitis,Training
E:\Dr. Atef Ismail\Khaled Dental\Paper2\archive (10)\Gingivitis\(2193).jpg,(2193).jpg,Gingivitis,Training
E:\Dr. Atef Ismail\Khaled Dental\Paper2\archive (10)\hypodontia\(889).JPG,(889).JPG,Hypodontia,Training
E:\Dr. Atef Ismail\Khaled Dental\Paper2\archive (10)\Mouth Ulcer\Mouth_Ulcer_0_6219.jpeg,Mouth_Ulcer_0_6219.jpeg,Mouth Ulcer,Training
E:\Dr. Atef Ismail\Khaled Dental\Paper2\archive (10)\Mouth Ulcer\Mouth_Ulcer_0_5426.jpeg,Mouth_Ulcer_0_5426.jpeg,Mouth Ulcer,Training
E:\Dr. Atef Ismail\Khaled Dental\Paper2\archive (10)\Calculus\(569).jpg,(569).jpg,Calculus,Training
E:\Dr. Atef Ismail\Khaled Dental\Paper2\archive (10)\hypodontia\(391).jpg,(391).jpg,Hypodontia,Training
E:\Dr. Atef Ismail\Khaled Dental\Paper2\archive (10)\Gingivitis\(828).jpg,(828).jpg,Gingivitis,Training
E:\Dr. Atef Ismail\Khaled Dental\Paper2\archive (10)\Gingivitis\(48).jpg,(48).jpg,Gingivitis,Training
E:\Dr. Atef Ismail\Khaled Dental\Paper2\archive (10)\Gingivitis\(1047).jpg,(1047).jpg,Gingivitis,Training
E:\Dr. Atef Ismail\Khaled Dental\Paper2\archive (10)\Gingivitis\(1445).jpg,(1445).jpg,Gingivitis,Training
E:\Dr. Atef Ismail\Khaled Dental\Paper2\archive (10)\Calculus\(1175).jpg,(1175).jpg,Calculus,Training
E:\Dr. Atef Ismail\Khaled Dental\Paper2\archive (10)\Mouth Ulcer\Mouth_Ulcer_0_1604.jpeg,Mouth_Ulcer_0_1604.jpeg,Mouth Ulcer,Training
E:\Dr. Atef Ismail\Khaled Dental\Paper2\archive (10)\Tooth Discoloration\Tooth_Discoloration_0_880.jpeg,Tooth_Discoloration_0_880.jpeg,Tooth Discoloration,Training
E:\Dr. Atef Ismail\Khaled Dental\Paper2\archive (10)\hypodontia\(211).JPG,(211).JPG,Hypodontia,Training
E:\Dr. Atef Ismail\Khaled Dental\Paper2\archive (10)\Gingivitis\(358).jpg,(358).jpg,Gingivitis,Training
E:\Dr. Atef Ismail\Khaled Dental\Paper2\archive (10)\Mouth Ulcer\Mouth_Ulcer_0_453.jpeg,Mouth_Ulcer_0_453.jpeg,Mouth Ulcer,Training
E:\Dr. Atef Ismail\Khaled Dental\Paper2\archive (10)\Caries_Gingivitus\482.jpg,482.jpg,Caries-Gingivitis,Training
E:\Dr. Atef Ismail\Khaled Dental\Paper2\archive (10)\Tooth Discoloration\Tooth_Discoloration_0_728.jpeg,Tooth_Discoloration_0_728.jpeg,Tooth Discoloration,Training
E:\Dr. Atef Ismail\Khaled Dental\Paper2\archive (10)\Mouth Ulcer\Mouth_Ulcer_0_8186.jpeg,Mouth_Ulcer_0_8186.jpeg,Mouth Ulcer,Training
E:\Dr. Atef Ismail\Khaled Dental\Paper2\archive (10)\Gingivitis\(975).jpg,(975).jpg,Gingivitis,Training
E:\Dr. Atef Ismail\Khaled Dental\Paper2\archive (10)\Gingivitis\(765).jpg,(765).jpg,Gingivitis,Training
E:\Dr. Atef Ismail\Khaled Dental\Paper2\archive (10)\Caries_Gingivitus\497.jpg,497.jpg,Caries-Gingivitis,Training
E:\Dr. Atef Ismail\Khaled Dental\Paper2\archive (10)\Gingivitis\(637).jpg,(637).jpg,Gingivitis,Training
E:\Dr. Atef Ismail\Khaled Dental\Paper2\archive (10)\Tooth Discoloration\Tooth_Discoloration_0_1298.jpeg,Tooth_Discoloration_0_1298.jpeg,Tooth Discoloration,Training
E:\Dr. Atef Ismail\Khaled Dental\Paper2\archive (10)\hypodontia\(814).jpg,(814).jpg,Hypodontia,Training
E:\Dr. Atef Ismail\Khaled Dental\Paper2\archive (10)\Gingivitis\(68).jpg,(68).jpg,Gingivitis,Training
E:\Dr. Atef Ismail\Khaled Dental\Paper2\archive (10)\Tooth Discoloration\Tooth_Discoloration_0_3481.jpeg,Tooth_Discoloration_0_3481.jpeg,Tooth Discoloration,Training
E:\Dr. Atef Ismail\Khaled Dental\Paper2\archive (10)\Mouth Ulcer\Mouth_Ulcer_0_2326.jpeg,Mouth_Ulcer_0_2326.jpeg,Mouth Ulcer,Training
E:\Dr. Atef Ismail\Khaled Dental\Paper2\archive (10)\Tooth Discoloration\Tooth_Discoloration_0_5755.jpeg,Tooth_Discoloration_0_5755.jpeg,Tooth Discoloration,Training
E:\Dr. Atef Ismail\Khaled Dental\Paper2\archive (10)\Gingivitis\(813).jpg,(813).jpg,Gingivitis,Training
E:\Dr. Atef Ismail\Khaled Dental\Paper2\archive (10)\Caries_Gingivitus\287.jpg,287.jpg,Caries-Gingivitis,Training
E:\Dr. Atef Ismail\Khaled Dental\Paper2\archive (10)\Mouth Ulcer\Mouth_Ulcer_0_1386.jpeg,Mouth_Ulcer_0_1386.jpeg,Mouth Ulcer,Training
E:\Dr. Atef Ismail\Khaled Dental\Paper2\archive (10)\Caries_Gingivitus\498.jpg,498.jpg,Caries-Gingivitis,Training
E:\Dr. Atef Ismail\Khaled Dental\Paper2\archive (10)\Tooth Discoloration\Tooth_Discoloration_0_2166.jpeg,Tooth_Discoloration_0_2166.jpeg,Tooth Discoloration,Training
E:\Dr. Atef Ismail\Khaled Dental\Paper2\archive (10)\Gingivitis\(74).jpg,(74).jpg,Gingivitis,Training
E:\Dr. Atef Ismail\Khaled Dental\Paper2\archive (10)\Mouth Ulcer\Mouth_Ulcer_0_6028.jpeg,Mouth_Ulcer_0_6028.jpeg,Mouth Ulcer,Training
E:\Dr. Atef Ismail\Khaled Dental\Paper2\archive (10)\Tooth Discoloration\Tooth_Discoloration_0_3383.jpeg,Tooth_Discoloration_0_3383.jpeg,Tooth Discoloration,Training
E:\Dr. Atef Ismail\Khaled Dental\Paper2\archive (10)\Tooth Discoloration\Tooth_Discoloration_0_1832.jpeg,Tooth_Discoloration_0_1832.jpeg,Tooth Discoloration,Training
E:\Dr. Atef Ismail\Khaled Dental\Paper2\archive (10)\hypodontia\(161).JPG,(161).JPG,Hypodontia,Training
E:\Dr. Atef Ismail\Khaled Dental\Paper2\archive (10)\Gingivitis\(2017).jpg,(2017).jpg,Gingivitis,Training
E:\Dr. Atef Ismail\Khaled Dental\Paper2\archive (10)\Calculus\(907).jpg,(907).jpg,Calculus,Training
E:\Dr. Atef Ismail\Khaled Dental\Paper2\archive (10)\Tooth Discoloration\Tooth_Discoloration_0_9308.jpeg,Tooth_Discoloration_0_9308.jpeg,Tooth Discoloration,Training
E:\Dr. Atef Ismail\Khaled Dental\Paper2\archive (10)\Mouth Ulcer\Mouth_Ulcer_0_5356.jpeg,Mouth_Ulcer_0_5356.jpeg,Mouth Ulcer,Training
E:\Dr. Atef Ismail\Khaled Dental\Paper2\archive (10)\Gingivitis\(1876).jpg,(1876).jpg,Gingivitis,Training
E:\Dr. Atef Ismail\Khaled Dental\Paper2\archive (10)\Caries_Gingivitus\caries_0_4293.jpeg,caries_0_4293.jpeg,Caries-Gingivitis,Training
E:\Dr. Atef Ismail\Khaled Dental\Paper2\archive (10)\Tooth Discoloration\Tooth_Discoloration_0_4571.jpeg,Tooth_Discoloration_0_4571.jpeg,Tooth Discoloration,Training
E:\Dr. Atef Ismail\Khaled Dental\Paper2\archive (10)\Mouth Ulcer\Mouth_Ulcer_0_7955.jpeg,Mouth_Ulcer_0_7955.jpeg,Mouth Ulcer,Training
E:\Dr. Atef Ismail\Khaled Dental\Paper2\archive (10)\hypodontia\(215).JPG,(215).JPG,Hypodontia,Training
E:\Dr. Atef Ismail\Khaled Dental\Paper2\archive (10)\Gingivitis\(1647).jpg,(1647).jpg,Gingivitis,Training
E:\Dr. Atef Ismail\Khaled Dental\Paper2\archive (10)\Tooth Discoloration\Tooth_Discoloration_0_340.jpeg,Tooth_Discoloration_0_340.jpeg,Tooth Discoloration,Training
E:\Dr. Atef Ismail\Khaled Dental\Paper2\archive (10)\Mouth Ulcer\Mouth_Ulcer_0_3499.jpeg,Mouth_Ulcer_0_3499.jpeg,Mouth Ulcer,Training
E:\Dr. Atef Ismail\Khaled Dental\Paper2\archive (10)\Gingivitis\(912).jpg,(912).jpg,Gingivitis,Training
E:\Dr. Atef Ismail\Khaled Dental\Paper2\archive (10)\Tooth Discoloration\Tooth_Discoloration_0_2188.jpeg,Tooth_Discoloration_0_2188.jpeg,Tooth Discoloration,Training
E:\Dr. Atef Ismail\Khaled Dental\Paper2\archive (10)\hypodontia\(945).jpg,(945).jpg,Hypodontia,Training
E:\Dr. Atef Ismail\Khaled Dental\Paper2\archive (10)\Tooth Discoloration\Tooth_Discoloration_0_9389.jpeg,Tooth_Discoloration_0_9389.jpeg,Tooth Discoloration,Training
E:\Dr. Atef Ismail\Khaled Dental\Paper2\archive (10)\Gingivitis\(1345).jpg,(1345).jpg,Gingivitis,Training
E:\Dr. Atef Ismail\Khaled Dental\Paper2\archive (10)\Caries_Gingivitus\caries_0_5107.jpeg,caries_0_5107.jpeg,Caries-Gingivitis,Training
E:\Dr. Atef Ismail\Khaled Dental\Paper2\archive (10)\Tooth Discoloration\Tooth_Discoloration_0_1309.jpeg,Tooth_Discoloration_0_1309.jpeg,Tooth Discoloration,Training
E:\Dr. Atef Ismail\Khaled Dental\Paper2\archive (10)\Calculus\(354).jpg,(354).jpg,Calculus,Training
E:\Dr. Atef Ismail\Khaled Dental\Paper2\archive (10)\Caries_Gingivitus\caries_0_3441.jpeg,caries_0_3441.jpeg,Caries-Gingivitis,Training
E:\Dr. Atef Ismail\Khaled Dental\Paper2\archive (10)\Mouth Ulcer\Mouth_Ulcer_0_2774.jpeg,Mouth_Ulcer_0_2774.jpeg,Mouth Ulcer,Training
E:\Dr. Atef Ismail\Khaled Dental\Paper2\archive (10)\Gingivitis\(58).jpg,(58).jpg,Gingivitis,Training
E:\Dr. Atef Ismail\Khaled Dental\Paper2\archive (10)\Gingivitis\(779).jpg,(779).jpg,Gingivitis,Training
E:\Dr. Atef Ismail\Khaled Dental\Paper2\archive (10)\hypodontia\(898).JPG,(898).JPG,Hypodontia,Training
E:\Dr. Atef Ismail\Khaled Dental\Paper2\archive (10)\Tooth Discoloration\Tooth_Discoloration_0_4098.jpeg,Tooth_Discoloration_0_4098.jpeg,Tooth Discoloration,Training
E:\Dr. Atef Ismail\Khaled Dental\Paper2\archive (10)\Mouth Ulcer\Mouth_Ulcer_0_3678.jpeg,Mouth_Ulcer_0_3678.jpeg,Mouth Ulcer,Training
E:\Dr. Atef Ismail\Khaled Dental\Paper2\archive (10)\hypodontia\(723).JPG,(723).JPG,Hypodontia,Training
E:\Dr. Atef Ismail\Khaled Dental\Paper2\archive (10)\Mouth Ulcer\Mouth_Ulcer_0_1030.jpeg,Mouth_Ulcer_0_1030.jpeg,Mouth Ulcer,Training
E:\Dr. Atef Ismail\Khaled Dental\Paper2\archive (10)\Caries_Gingivitus\326.jpg,326.jpg,Caries-Gingivitis,Training
E:\Dr. Atef Ismail\Khaled Dental\Paper2\archive (10)\Calculus\(52).jpg,(52).jpg,Calculus,Training
E:\Dr. Atef Ismail\Khaled Dental\Paper2\archive (10)\hypodontia\(598).JPG,(598).JPG,Hypodontia,Training
E:\Dr. Atef Ismail\Khaled Dental\Paper2\archive (10)\Mouth Ulcer\Mouth_Ulcer_0_8797.jpeg,Mouth_Ulcer_0_8797.jpeg,Mouth Ulcer,Training
E:\Dr. Atef Ismail\Khaled Dental\Paper2\archive (10)\Calculus\(153).jpg,(153).jpg,Calculus,Training
E:\Dr. Atef Ismail\Khaled Dental\Paper2\archive (10)\Calculus\(553).jpg,(553).jpg,Calculus,Training
E:\Dr. Atef Ismail\Khaled Dental\Paper2\archive (10)\hypodontia\(174).JPG,(174).JPG,Hypodontia,Training
E:\Dr. Atef Ismail\Khaled Dental\Paper2\archive (10)\Caries_Gingivitus\caries_0_4032.jpeg,caries_0_4032.jpeg,Caries-Gingivitis,Training
E:\Dr. Atef Ismail\Khaled Dental\Paper2\archive (10)\Mouth Ulcer\Mouth_Ulcer_0_9558.jpeg,Mouth_Ulcer_0_9558.jpeg,Mouth Ulcer,Training
E:\Dr. Atef Ismail\Khaled Dental\Paper2\archive (10)\Tooth Discoloration\Tooth_Discoloration_0_1106.jpeg,Tooth_Discoloration_0_1106.jpeg,Tooth Discoloration,Training
E:\Dr. Atef Ismail\Khaled Dental\Paper2\archive (10)\Mouth Ulcer\Mouth_Ulcer_0_7720.jpeg,Mouth_Ulcer_0_7720.jpeg,Mouth Ulcer,Training
E:\Dr. Atef Ismail\Khaled Dental\Paper2\archive (10)\hypodontia\(5).JPG,(5).JPG,Hypodontia,Training
E:\Dr. Atef Ismail\Khaled Dental\Paper2\archive (10)\Tooth Discoloration\Tooth_Discoloration_0_920.jpeg,Tooth_Discoloration_0_920.jpeg,Tooth Discoloration,Training
E:\Dr. Atef Ismail\Khaled Dental\Paper2\archive (10)\Tooth Discoloration\Tooth_Discoloration_0_4180.jpeg,Tooth_Discoloration_0_4180.jpeg,Tooth Discoloration,Training
E:\Dr. Atef Ismail\Khaled Dental\Paper2\archive (10)\Gingivitis\(1834).jpg,(1834).jpg,Gingivitis,Training
E:\Dr. Atef Ismail\Khaled Dental\Paper2\archive (10)\Tooth Discoloration\Tooth_Discoloration_0_5897.jpeg,Tooth_Discoloration_0_5897.jpeg,Tooth Discoloration,Training
E:\Dr. Atef Ismail\Khaled Dental\Paper2\archive (10)\Tooth Discoloration\Tooth_Discoloration_0_758.jpeg,Tooth_Discoloration_0_758.jpeg,Tooth Discoloration,Training
E:\Dr. Atef Ismail\Khaled Dental\Paper2\archive (10)\Tooth Discoloration\Tooth_Discoloration_0_3990.jpeg,Tooth_Discoloration_0_3990.jpeg,Tooth Discoloration,Training
E:\Dr. Atef Ismail\Khaled Dental\Paper2\archive (10)\hypodontia\(146).JPG,(146).JPG,Hypodontia,Training
E:\Dr. Atef Ismail\Khaled Dental\Paper2\archive (10)\Gingivitis\(1409).jpg,(1409).jpg,Gingivitis,Training
E:\Dr. Atef Ismail\Khaled Dental\Paper2\archive (10)\hypodontia\(299).JPG,(299).JPG,Hypodontia,Training
E:\Dr. Atef Ismail\Khaled Dental\Paper2\archive (10)\hypodontia\(406).jpg,(406).jpg,Hypodontia,Training
E:\Dr. Atef Ismail\Khaled Dental\Paper2\archive (10)\Caries_Gingivitus\(130).jpg,(130).jpg,Caries-Gingivitis,Training
E:\Dr. Atef Ismail\Khaled Dental\Paper2\archive (10)\Mouth Ulcer\Mouth_Ulcer_0_3787.jpeg,Mouth_Ulcer_0_3787.jpeg,Mouth Ulcer,Training
E:\Dr. Atef Ismail\Khaled Dental\Paper2\archive (10)\Mouth Ulcer\Mouth_Ulcer_0_909.jpeg,Mouth_Ulcer_0_909.jpeg,Mouth Ulcer,Training
E:\Dr. Atef Ismail\Khaled Dental\Paper2\archive (10)\hypodontia\(474).JPG,(474).JPG,Hypodontia,Training
E:\Dr. Atef Ismail\Khaled Dental\Paper2\archive (10)\Tooth Discoloration\Tooth_Discoloration_0_2607.jpeg,Tooth_Discoloration_0_2607.jpeg,Tooth Discoloration,Training
E:\Dr. Atef Ismail\Khaled Dental\Paper2\archive (10)\Caries_Gingivitus\467.jpg,467.jpg,Caries-Gingivitis,Training
E:\Dr. Atef Ismail\Khaled Dental\Paper2\archive (10)\Gingivitis\(1633).jpg,(1633).jpg,Gingivitis,Training
E:\Dr. Atef Ismail\Khaled Dental\Paper2\archive (10)\Caries_Gingivitus\581.jpg,581.jpg,Caries-Gingivitis,Training
E:\Dr. Atef Ismail\Khaled Dental\Paper2\archive (10)\Caries_Gingivitus\332.jpg,332.jpg,Caries-Gingivitis,Training
E:\Dr. Atef Ismail\Khaled Dental\Paper2\archive (10)\Calculus\(1243).jpg,(1243).jpg,Calculus,Training
E:\Dr. Atef Ismail\Khaled Dental\Paper2\archive (10)\Caries_Gingivitus\293.jpg,293.jpg,Caries-Gingivitis,Training
E:\Dr. Atef Ismail\Khaled Dental\Paper2\archive (10)\Caries_Gingivitus\139.jpg,139.jpg,Caries-Gingivitis,Training
E:\Dr. Atef Ismail\Khaled Dental\Paper2\archive (10)\Caries_Gingivitus\caries_0_377.jpeg,caries_0_377.jpeg,Caries-Gingivitis,Training
E:\Dr. Atef Ismail\Khaled Dental\Paper2\archive (10)\Tooth Discoloration\Tooth_Discoloration_0_9560.jpeg,Tooth_Discoloration_0_9560.jpeg,Tooth Discoloration,Training
E:\Dr. Atef Ismail\Khaled Dental\Paper2\archive (10)\Tooth Discoloration\Tooth_Discoloration_0_7200.jpeg,Tooth_Discoloration_0_7200.jpeg,Tooth Discoloration,Training
E:\Dr. Atef Ismail\Khaled Dental\Paper2\archive (10)\Mouth Ulcer\Mouth_Ulcer_0_4066.jpeg,Mouth_Ulcer_0_4066.jpeg,Mouth Ulcer,Training
E:\Dr. Atef Ismail\Khaled Dental\Paper2\archive (10)\Caries_Gingivitus\caries_0_641.jpeg,caries_0_641.jpeg,Caries-Gingivitis,Training
E:\Dr. Atef Ismail\Khaled Dental\Paper2\archive (10)\Caries_Gingivitus\caries_0_4749.jpeg,caries_0_4749.jpeg,Caries-Gingivitis,Training
E:\Dr. Atef Ismail\Khaled Dental\Paper2\archive (10)\Calculus\(1053).jpg,(1053).jpg,Calculus,Training
E:\Dr. Atef Ismail\Khaled Dental\Paper2\archive (10)\Gingivitis\(1621).jpg,(1621).jpg,Gingivitis,Training
E:\Dr. Atef Ismail\Khaled Dental\Paper2\archive (10)\Tooth Discoloration\Tooth_Discoloration_0_6561.jpeg,Tooth_Discoloration_0_6561.jpeg,Tooth Discoloration,Training
E:\Dr. Atef Ismail\Khaled Dental\Paper2\archive (10)\Gingivitis\(43).jpg,(43).jpg,Gingivitis,Training
E:\Dr. Atef Ismail\Khaled Dental\Paper2\archive (10)\Mouth Ulcer\Mouth_Ulcer_0_2551.jpeg,Mouth_Ulcer_0_2551.jpeg,Mouth Ulcer,Training
E:\Dr. Atef Ismail\Khaled Dental\Paper2\archive (10)\Calculus\(964).jpg,(964).jpg,Calculus,Training
E:\Dr. Atef Ismail\Khaled Dental\Paper2\archive (10)\Tooth Discoloration\Tooth_Discoloration_0_8889.jpeg,Tooth_Discoloration_0_8889.jpeg,Tooth Discoloration,Training
E:\Dr. Atef Ismail\Khaled Dental\Paper2\archive (10)\Gingivitis\(1273).jpg,(1273).jpg,Gingivitis,Training
E:\Dr. Atef Ismail\Khaled Dental\Paper2\archive (10)\hypodontia\(476).JPG,(476).JPG,Hypodontia,Training
E:\Dr. Atef Ismail\Khaled Dental\Paper2\archive (10)\Gingivitis\(837).jpg,(837).jpg,Gingivitis,Training
E:\Dr. Atef Ismail\Khaled Dental\Paper2\archive (10)\Gingivitis\(2).jpg,(2).jpg,Gingivitis,Training
E:\Dr. Atef Ismail\Khaled Dental\Paper2\archive (10)\Calculus\(47).jpg,(47).jpg,Calculus,Training
E:\Dr. Atef Ismail\Khaled Dental\Paper2\archive (10)\Tooth Discoloration\Tooth_Discoloration_0_5280.jpeg,Tooth_Discoloration_0_5280.jpeg,Tooth Discoloration,Training
E:\Dr. Atef Ismail\Khaled Dental\Paper2\archive (10)\Gingivitis\(1028).jpg,(1028).jpg,Gingivitis,Training
E:\Dr. Atef Ismail\Khaled Dental\Paper2\archive (10)\Mouth Ulcer\Mouth_Ulcer_0_9196.jpeg,Mouth_Ulcer_0_9196.jpeg,Mouth Ulcer,Training
E:\Dr. Atef Ismail\Khaled Dental\Paper2\archive (10)\Calculus\(1131).jpg,(1131).jpg,Calculus,Training
E:\Dr. Atef Ismail\Khaled Dental\Paper2\archive (10)\Gingivitis\(665).jpg,(665).jpg,Gingivitis,Training
E:\Dr. Atef Ismail\Khaled Dental\Paper2\archive (10)\Mouth Ulcer\Mouth_Ulcer_0_4470.jpeg,Mouth_Ulcer_0_4470.jpeg,Mouth Ulcer,Training
E:\Dr. Atef Ismail\Khaled Dental\Paper2\archive (10)\Calculus\(833).jpg,(833).jpg,Calculus,Training
E:\Dr. Atef Ismail\Khaled Dental\Paper2\archive (10)\hypodontia\(163).JPG,(163).JPG,Hypodontia,Training
E:\Dr. Atef Ismail\Khaled Dental\Paper2\archive (10)\Mouth Ulcer\Mouth_Ulcer_0_5908.jpeg,Mouth_Ulcer_0_5908.jpeg,Mouth Ulcer,Training
E:\Dr. Atef Ismail\Khaled Dental\Paper2\archive (10)\Tooth Discoloration\Tooth_Discoloration_0_5230.jpeg,Tooth_Discoloration_0_5230.jpeg,Tooth Discoloration,Training
E:\Dr. Atef Ismail\Khaled Dental\Paper2\archive (10)\Mouth Ulcer\Mouth_Ulcer_0_5298.jpeg,Mouth_Ulcer_0_5298.jpeg,Mouth Ulcer,Training
E:\Dr. Atef Ismail\Khaled Dental\Paper2\archive (10)\Tooth Discoloration\Tooth_Discoloration_0_9255.jpeg,Tooth_Discoloration_0_9255.jpeg,Tooth Discoloration,Training
E:\Dr. Atef Ismail\Khaled Dental\Paper2\archive (10)\Calculus\(342).jpg,(342).jpg,Calculus,Training
E:\Dr. Atef Ismail\Khaled Dental\Paper2\archive (10)\Calculus\(782).jpg,(782).jpg,Calculus,Training
E:\Dr. Atef Ismail\Khaled Dental\Paper2\archive (10)\Gingivitis\(1209).jpg,(1209).jpg,Gingivitis,Training
E:\Dr. Atef Ismail\Khaled Dental\Paper2\archive (10)\Calculus\(253).jpg,(253).jpg,Calculus,Training
E:\Dr. Atef Ismail\Khaled Dental\Paper2\archive (10)\Caries_Gingivitus\220.jpg,220.jpg,Caries-Gingivitis,Training
E:\Dr. Atef Ismail\Khaled Dental\Paper2\archive (10)\hypodontia\(1093).JPG,(1093).JPG,Hypodontia,Training
E:\Dr. Atef Ismail\Khaled Dental\Paper2\archive (10)\Gingivitis\(1076).jpg,(1076).jpg,Gingivitis,Training
E:\Dr. Atef Ismail\Khaled Dental\Paper2\archive (10)\hypodontia\(712).JPG,(712).JPG,Hypodontia,Training
E:\Dr. Atef Ismail\Khaled Dental\Paper2\archive (10)\Gingivitis\(1955).jpg,(1955).jpg,Gingivitis,Training
E:\Dr. Atef Ismail\Khaled Dental\Paper2\archive (10)\Mouth Ulcer\Mouth_Ulcer_0_7864.jpeg,Mouth_Ulcer_0_7864.jpeg,Mouth Ulcer,Training
E:\Dr. Atef Ismail\Khaled Dental\Paper2\archive (10)\Mouth Ulcer\Mouth_Ulcer_0_6787.jpeg,Mouth_Ulcer_0_6787.jpeg,Mouth Ulcer,Training
E:\Dr. Atef Ismail\Khaled Dental\Paper2\archive (10)\Caries_Gingivitus\508.jpg,508.jpg,Caries-Gingivitis,Training
E:\Dr. Atef Ismail\Khaled Dental\Paper2\archive (10)\Caries_Gingivitus\caries_0_4320.jpeg,caries_0_4320.jpeg,Caries-Gingivitis,Training
E:\Dr. Atef Ismail\Khaled Dental\Paper2\archive (10)\Calculus\(1163).jpg,(1163).jpg,Calculus,Training
E:\Dr. Atef Ismail\Khaled Dental\Paper2\archive (10)\Gingivitis\(1371).jpg,(1371).jpg,Gingivitis,Training
E:\Dr. Atef Ismail\Khaled Dental\Paper2\archive (10)\Tooth Discoloration\Tooth_Discoloration_0_2146.jpeg,Tooth_Discoloration_0_2146.jpeg,Tooth Discoloration,Training
E:\Dr. Atef Ismail\Khaled Dental\Paper2\archive (10)\Mouth Ulcer\Mouth_Ulcer_0_2946.jpeg,Mouth_Ulcer_0_2946.jpeg,Mouth Ulcer,Training
E:\Dr. Atef Ismail\Khaled Dental\Paper2\archive (10)\Tooth Discoloration\Tooth_Discoloration_0_410.jpeg,Tooth_Discoloration_0_410.jpeg,Tooth Discoloration,Training
E:\Dr. Atef Ismail\Khaled Dental\Paper2\archive (10)\Tooth Discoloration\Tooth_Discoloration_0_210.jpeg,Tooth_Discoloration_0_210.jpeg,Tooth Discoloration,Training
E:\Dr. Atef Ismail\Khaled Dental\Paper2\archive (10)\Caries_Gingivitus\(111).jpg,(111).jpg,Caries-Gingivitis,Training
E:\Dr. Atef Ismail\Khaled Dental\Paper2\archive (10)\Gingivitis\(1782).jpg,(1782).jpg,Gingivitis,Training
E:\Dr. Atef Ismail\Khaled Dental\Paper2\archive (10)\hypodontia\(560).JPG,(560).JPG,Hypodontia,Training
E:\Dr. Atef Ismail\Khaled Dental\Paper2\archive (10)\Calculus\(484).jpg,(484).jpg,Calculus,Training
E:\Dr. Atef Ismail\Khaled Dental\Paper2\archive (10)\Calculus\(628).jpg,(628).jpg,Calculus,Training
E:\Dr. Atef Ismail\Khaled Dental\Paper2\archive (10)\Calculus\(1140).jpg,(1140).jpg,Calculus,Training
E:\Dr. Atef Ismail\Khaled Dental\Paper2\archive (10)\Caries_Gingivitus\caries_0_4480.jpeg,caries_0_4480.jpeg,Caries-Gingivitis,Training
E:\Dr. Atef Ismail\Khaled Dental\Paper2\archive (10)\Gingivitis\(1376).jpg,(1376).jpg,Gingivitis,Training
E:\Dr. Atef Ismail\Khaled Dental\Paper2\archive (10)\Caries_Gingivitus\166.jpg,166.jpg,Caries-Gingivitis,Training
E:\Dr. Atef Ismail\Khaled Dental\Paper2\archive (10)\Calculus\(131).jpg,(131).jpg,Calculus,Training
E:\Dr. Atef Ismail\Khaled Dental\Paper2\archive (10)\hypodontia\(916).JPG,(916).JPG,Hypodontia,Training
E:\Dr. Atef Ismail\Khaled Dental\Paper2\archive (10)\Gingivitis\(1561).jpg,(1561).jpg,Gingivitis,Training
E:\Dr. Atef Ismail\Khaled Dental\Paper2\archive (10)\Gingivitis\(309).jpg,(309).jpg,Gingivitis,Training
E:\Dr. Atef Ismail\Khaled Dental\Paper2\archive (10)\Tooth Discoloration\Tooth_Discoloration_0_4524.jpeg,Tooth_Discoloration_0_4524.jpeg,Tooth Discoloration,Training
E:\Dr. Atef Ismail\Khaled Dental\Paper2\archive (10)\Calculus\(214).jpg,(214).jpg,Calculus,Training
E:\Dr. Atef Ismail\Khaled Dental\Paper2\archive (10)\Calculus\(1285).jpg,(1285).jpg,Calculus,Training
E:\Dr. Atef Ismail\Khaled Dental\Paper2\archive (10)\Tooth Discoloration\Tooth_Discoloration_0_8026.jpeg,Tooth_Discoloration_0_8026.jpeg,Tooth Discoloration,Training
E:\Dr. Atef Ismail\Khaled Dental\Paper2\archive (10)\Tooth Discoloration\Tooth_Discoloration_0_322.jpeg,Tooth_Discoloration_0_322.jpeg,Tooth Discoloration,Training
E:\Dr. Atef Ismail\Khaled Dental\Paper2\archive (10)\Gingivitis\(2328).jpg,(2328).jpg,Gingivitis,Training
E:\Dr. Atef Ismail\Khaled Dental\Paper2\archive (10)\Caries_Gingivitus\(107).jpg,(107).jpg,Caries-Gingivitis,Training
E:\Dr. Atef Ismail\Khaled Dental\Paper2\archive (10)\hypodontia\(1057).JPG,(1057).JPG,Hypodontia,Training
E:\Dr. Atef Ismail\Khaled Dental\Paper2\archive (10)\Gingivitis\(838).jpg,(838).jpg,Gingivitis,Training
E:\Dr. Atef Ismail\Khaled Dental\Paper2\archive (10)\Mouth Ulcer\Mouth_Ulcer_0_2076.jpeg,Mouth_Ulcer_0_2076.jpeg,Mouth Ulcer,Training
E:\Dr. Atef Ismail\Khaled Dental\Paper2\archive (10)\hypodontia\(455).JPG,(455).JPG,Hypodontia,Training
E:\Dr. Atef Ismail\Khaled Dental\Paper2\archive (10)\Caries_Gingivitus\caries_0_5032.jpeg,caries_0_5032.jpeg,Caries-Gingivitis,Training
E:\Dr. Atef Ismail\Khaled Dental\Paper2\archive (10)\Caries_Gingivitus\78.jpg,78.jpg,Caries-Gingivitis,Training
E:\Dr. Atef Ismail\Khaled Dental\Paper2\archive (10)\Gingivitis\(1990).jpg,(1990).jpg,Gingivitis,Training
E:\Dr. Atef Ismail\Khaled Dental\Paper2\archive (10)\Caries_Gingivitus\caries_0_7.jpeg,caries_0_7.jpeg,Caries-Gingivitis,Training
E:\Dr. Atef Ismail\Khaled Dental\Paper2\archive (10)\Caries_Gingivitus\caries_0_5181.jpeg,caries_0_5181.jpeg,Caries-Gingivitis,Training
E:\Dr. Atef Ismail\Khaled Dental\Paper2\archive (10)\Gingivitis\(899).jpg,(899).jpg,Gingivitis,Training
E:\Dr. Atef Ismail\Khaled Dental\Paper2\archive (10)\Gingivitis\(146).jpg,(146).jpg,Gingivitis,Training
E:\Dr. Atef Ismail\Khaled Dental\Paper2\archive (10)\Mouth Ulcer\Mouth_Ulcer_0_2744.jpeg,Mouth_Ulcer_0_2744.jpeg,Mouth Ulcer,Training
E:\Dr. Atef Ismail\Khaled Dental\Paper2\archive (10)\Tooth Discoloration\Tooth_Discoloration_0_9770.jpeg,Tooth_Discoloration_0_9770.jpeg,Tooth Discoloration,Training
E:\Dr. Atef Ismail\Khaled Dental\Paper2\archive (10)\Gingivitis\(1098).jpg,(1098).jpg,Gingivitis,Training
E:\Dr. Atef Ismail\Khaled Dental\Paper2\archive (10)\Mouth Ulcer\Mouth_Ulcer_0_8510.jpeg,Mouth_Ulcer_0_8510.jpeg,Mouth Ulcer,Training
E:\Dr. Atef Ismail\Khaled Dental\Paper2\archive (10)\Tooth Discoloration\Tooth_Discoloration_0_7221.jpeg,Tooth_Discoloration_0_7221.jpeg,Tooth Discoloration,Training
E:\Dr. Atef Ismail\Khaled Dental\Paper2\archive (10)\Mouth Ulcer\Mouth_Ulcer_0_7560.jpeg,Mouth_Ulcer_0_7560.jpeg,Mouth Ulcer,Training
E:\Dr. Atef Ismail\Khaled Dental\Paper2\archive (10)\Mouth Ulcer\Mouth_Ulcer_0_5352.jpeg,Mouth_Ulcer_0_5352.jpeg,Mouth Ulcer,Training
E:\Dr. Atef Ismail\Khaled Dental\Paper2\archive (10)\Calculus\(929).jpg,(929).jpg,Calculus,Training
E:\Dr. Atef Ismail\Khaled Dental\Paper2\archive (10)\Tooth Discoloration\Tooth_Discoloration_0_26.jpeg,Tooth_Discoloration_0_26.jpeg,Tooth Discoloration,Training
E:\Dr. Atef Ismail\Khaled Dental\Paper2\archive (10)\Mouth Ulcer\Mouth_Ulcer_0_3430.jpeg,Mouth_Ulcer_0_3430.jpeg,Mouth Ulcer,Training
E:\Dr. Atef Ismail\Khaled Dental\Paper2\archive (10)\hypodontia\(1229).jpg,(1229).jpg,Hypodontia,Training
E:\Dr. Atef Ismail\Khaled Dental\Paper2\archive (10)\Calculus\(120).jpg,(120).jpg,Calculus,Training
E:\Dr. Atef Ismail\Khaled Dental\Paper2\archive (10)\Gingivitis\(689).jpg,(689).jpg,Gingivitis,Training
E:\Dr. Atef Ismail\Khaled Dental\Paper2\archive (10)\Caries_Gingivitus\288.jpg,288.jpg,Caries-Gingivitis,Training
E:\Dr. Atef Ismail\Khaled Dental\Paper2\archive (10)\Mouth Ulcer\Mouth_Ulcer_0_8005.jpeg,Mouth_Ulcer_0_8005.jpeg,Mouth Ulcer,Training
E:\Dr. Atef Ismail\Khaled Dental\Paper2\archive (10)\Caries_Gingivitus\(185).jpg,(185).jpg,Caries-Gingivitis,Training
E:\Dr. Atef Ismail\Khaled Dental\Paper2\archive (10)\Caries_Gingivitus\caries_0_4899.jpeg,caries_0_4899.jpeg,Caries-Gingivitis,Training
E:\Dr. Atef Ismail\Khaled Dental\Paper2\archive (10)\Gingivitis\(886).jpg,(886).jpg,Gingivitis,Training
E:\Dr. Atef Ismail\Khaled Dental\Paper2\archive (10)\Tooth Discoloration\Tooth_Discoloration_0_482.jpeg,Tooth_Discoloration_0_482.jpeg,Tooth Discoloration,Training
E:\Dr. Atef Ismail\Khaled Dental\Paper2\archive (10)\Gingivitis\(1137).jpg,(1137).jpg,Gingivitis,Training
E:\Dr. Atef Ismail\Khaled Dental\Paper2\archive (10)\Gingivitis\(247).jpg,(247).jpg,Gingivitis,Training
E:\Dr. Atef Ismail\Khaled Dental\Paper2\archive (10)\Caries_Gingivitus\caries_0_4914.jpeg,caries_0_4914.jpeg,Caries-Gingivitis,Training
E:\Dr. Atef Ismail\Khaled Dental\Paper2\archive (10)\Gingivitis\(1949).jpg,(1949).jpg,Gingivitis,Training
E:\Dr. Atef Ismail\Khaled Dental\Paper2\archive (10)\Calculus\(880).jpg,(880).jpg,Calculus,Training
E:\Dr. Atef Ismail\Khaled Dental\Paper2\archive (10)\Tooth Discoloration\Tooth_Discoloration_0_6555.jpeg,Tooth_Discoloration_0_6555.jpeg,Tooth Discoloration,Training
E:\Dr. Atef Ismail\Khaled Dental\Paper2\archive (10)\Tooth Discoloration\Tooth_Discoloration_0_9316.jpeg,Tooth_Discoloration_0_9316.jpeg,Tooth Discoloration,Training
E:\Dr. Atef Ismail\Khaled Dental\Paper2\archive (10)\hypodontia\(701).JPG,(701).JPG,Hypodontia,Training
E:\Dr. Atef Ismail\Khaled Dental\Paper2\archive (10)\Caries_Gingivitus\caries_0_5065.jpeg,caries_0_5065.jpeg,Caries-Gingivitis,Training
E:\Dr. Atef Ismail\Khaled Dental\Paper2\archive (10)\Tooth Discoloration\Tooth_Discoloration_0_955.jpeg,Tooth_Discoloration_0_955.jpeg,Tooth Discoloration,Training
E:\Dr. Atef Ismail\Khaled Dental\Paper2\archive (10)\Calculus\(888).jpg,(888).jpg,Calculus,Training
E:\Dr. Atef Ismail\Khaled Dental\Paper2\archive (10)\hypodontia\(436).JPG,(436).JPG,Hypodontia,Training
E:\Dr. Atef Ismail\Khaled Dental\Paper2\archive (10)\Gingivitis\(679).jpg,(679).jpg,Gingivitis,Training
E:\Dr. Atef Ismail\Khaled Dental\Paper2\archive (10)\Mouth Ulcer\Mouth_Ulcer_0_5735.jpeg,Mouth_Ulcer_0_5735.jpeg,Mouth Ulcer,Training
E:\Dr. Atef Ismail\Khaled Dental\Paper2\archive (10)\Mouth Ulcer\Mouth_Ulcer_0_2276.jpeg,Mouth_Ulcer_0_2276.jpeg,Mouth Ulcer,Training
E:\Dr. Atef Ismail\Khaled Dental\Paper2\archive (10)\Tooth Discoloration\Tooth_Discoloration_0_3695.jpeg,Tooth_Discoloration_0_3695.jpeg,Tooth Discoloration,Training
E:\Dr. Atef Ismail\Khaled Dental\Paper2\archive (10)\Mouth Ulcer\Mouth_Ulcer_0_7500.jpeg,Mouth_Ulcer_0_7500.jpeg,Mouth Ulcer,Training
E:\Dr. Atef Ismail\Khaled Dental\Paper2\archive (10)\Gingivitis\(1509).jpg,(1509).jpg,Gingivitis,Training
E:\Dr. Atef Ismail\Khaled Dental\Paper2\archive (10)\Mouth Ulcer\Mouth_Ulcer_0_4289.jpeg,Mouth_Ulcer_0_4289.jpeg,Mouth Ulcer,Training
E:\Dr. Atef Ismail\Khaled Dental\Paper2\archive (10)\Gingivitis\(914).jpg,(914).jpg,Gingivitis,Training
E:\Dr. Atef Ismail\Khaled Dental\Paper2\archive (10)\Tooth Discoloration\Tooth_Discoloration_0_4581.jpeg,Tooth_Discoloration_0_4581.jpeg,Tooth Discoloration,Training
E:\Dr. Atef Ismail\Khaled Dental\Paper2\archive (10)\Caries_Gingivitus\caries_0_3879.jpeg,caries_0_3879.jpeg,Caries-Gingivitis,Training
E:\Dr. Atef Ismail\Khaled Dental\Paper2\archive (10)\Gingivitis\(1962).jpg,(1962).jpg,Gingivitis,Training
E:\Dr. Atef Ismail\Khaled Dental\Paper2\archive (10)\Caries_Gingivitus\521.jpg,521.jpg,Caries-Gingivitis,Training
E:\Dr. Atef Ismail\Khaled Dental\Paper2\archive (10)\Gingivitis\(206).jpg,(206).jpg,Gingivitis,Training
E:\Dr. Atef Ismail\Khaled Dental\Paper2\archive (10)\Gingivitis\(993).jpg,(993).jpg,Gingivitis,Training
E:\Dr. Atef Ismail\Khaled Dental\Paper2\archive (10)\Mouth Ulcer\Mouth_Ulcer_0_8886.jpeg,Mouth_Ulcer_0_8886.jpeg,Mouth Ulcer,Training
E:\Dr. Atef Ismail\Khaled Dental\Paper2\archive (10)\Calculus\(317).jpg,(317).jpg,Calculus,Training
E:\Dr. Atef Ismail\Khaled Dental\Paper2\archive (10)\Caries_Gingivitus\caries_0_5046.jpeg,caries_0_5046.jpeg,Caries-Gingivitis,Training
E:\Dr. Atef Ismail\Khaled Dental\Paper2\archive (10)\Gingivitis\(2090).jpg,(2090).jpg,Gingivitis,Training
E:\Dr. Atef Ismail\Khaled Dental\Paper2\archive (10)\Calculus\(1037).jpg,(1037).jpg,Calculus,Training
E:\Dr. Atef Ismail\Khaled Dental\Paper2\archive (10)\Gingivitis\(680).jpg,(680).jpg,Gingivitis,Training
E:\Dr. Atef Ismail\Khaled Dental\Paper2\archive (10)\Mouth Ulcer\Mouth_Ulcer_0_7142.jpeg,Mouth_Ulcer_0_7142.jpeg,Mouth Ulcer,Training
E:\Dr. Atef Ismail\Khaled Dental\Paper2\archive (10)\Mouth Ulcer\Mouth_Ulcer_0_1314.jpeg,Mouth_Ulcer_0_1314.jpeg,Mouth Ulcer,Training
E:\Dr. Atef Ismail\Khaled Dental\Paper2\archive (10)\hypodontia\(404).jpg,(404).jpg,Hypodontia,Training
E:\Dr. Atef Ismail\Khaled Dental\Paper2\archive (10)\Calculus\(1158).jpg,(1158).jpg,Calculus,Training
E:\Dr. Atef Ismail\Khaled Dental\Paper2\archive (10)\Caries_Gingivitus\caries_0_5127.jpeg,caries_0_5127.jpeg,Caries-Gingivitis,Training
E:\Dr. Atef Ismail\Khaled Dental\Paper2\archive (10)\Mouth Ulcer\Mouth_Ulcer_0_8326.jpeg,Mouth_Ulcer_0_8326.jpeg,Mouth Ulcer,Training
E:\Dr. Atef Ismail\Khaled Dental\Paper2\archive (10)\Mouth Ulcer\Mouth_Ulcer_0_5899.jpeg,Mouth_Ulcer_0_5899.jpeg,Mouth Ulcer,Training
E:\Dr. Atef Ismail\Khaled Dental\Paper2\archive (10)\Gingivitis\(1614).jpg,(1614).jpg,Gingivitis,Training
E:\Dr. Atef Ismail\Khaled Dental\Paper2\archive (10)\hypodontia\(757).JPG,(757).JPG,Hypodontia,Training
E:\Dr. Atef Ismail\Khaled Dental\Paper2\archive (10)\hypodontia\(1224).jpg,(1224).jpg,Hypodontia,Training
E:\Dr. Atef Ismail\Khaled Dental\Paper2\archive (10)\Gingivitis\(552).jpg,(552).jpg,Gingivitis,Training
E:\Dr. Atef Ismail\Khaled Dental\Paper2\archive (10)\Gingivitis\(2217).jpg,(2217).jpg,Gingivitis,Training
E:\Dr. Atef Ismail\Khaled Dental\Paper2\archive (10)\Caries_Gingivitus\caries_0_4487.jpeg,caries_0_4487.jpeg,Caries-Gingivitis,Training
E:\Dr. Atef Ismail\Khaled Dental\Paper2\archive (10)\Gingivitis\(1596).jpg,(1596).jpg,Gingivitis,Training
E:\Dr. Atef Ismail\Khaled Dental\Paper2\archive (10)\Mouth Ulcer\Mouth_Ulcer_0_3522.jpeg,Mouth_Ulcer_0_3522.jpeg,Mouth Ulcer,Training
E:\Dr. Atef Ismail\Khaled Dental\Paper2\archive (10)\Gingivitis\(620).jpg,(620).jpg,Gingivitis,Training
E:\Dr. Atef Ismail\Khaled Dental\Paper2\archive (10)\Mouth Ulcer\Mouth_Ulcer_0_3402.jpeg,Mouth_Ulcer_0_3402.jpeg,Mouth Ulcer,Training
E:\Dr. Atef Ismail\Khaled Dental\Paper2\archive (10)\Gingivitis\(1447).jpg,(1447).jpg,Gingivitis,Training
E:\Dr. Atef Ismail\Khaled Dental\Paper2\archive (10)\Tooth Discoloration\Tooth_Discoloration_0_6533.jpeg,Tooth_Discoloration_0_6533.jpeg,Tooth Discoloration,Training
E:\Dr. Atef Ismail\Khaled Dental\Paper2\archive (10)\Gingivitis\(1741).jpg,(1741).jpg,Gingivitis,Training
E:\Dr. Atef Ismail\Khaled Dental\Paper2\archive (10)\Calculus\(614).jpg,(614).jpg,Calculus,Training
E:\Dr. Atef Ismail\Khaled Dental\Paper2\archive (10)\Mouth Ulcer\Mouth_Ulcer_0_2847.jpeg,Mouth_Ulcer_0_2847.jpeg,Mouth Ulcer,Training
E:\Dr. Atef Ismail\Khaled Dental\Paper2\archive (10)\Mouth Ulcer\Mouth_Ulcer_0_4246.jpeg,Mouth_Ulcer_0_4246.jpeg,Mouth Ulcer,Training
E:\Dr. Atef Ismail\Khaled Dental\Paper2\archive (10)\hypodontia\(323).JPG,(323).JPG,Hypodontia,Training
E:\Dr. Atef Ismail\Khaled Dental\Paper2\archive (10)\Calculus\(1278).jpg,(1278).jpg,Calculus,Training
E:\Dr. Atef Ismail\Khaled Dental\Paper2\archive (10)\Gingivitis\(359).jpg,(359).jpg,Gingivitis,Training
E:\Dr. Atef Ismail\Khaled Dental\Paper2\archive (10)\Mouth Ulcer\Mouth_Ulcer_0_8027.jpeg,Mouth_Ulcer_0_8027.jpeg,Mouth Ulcer,Training
E:\Dr. Atef Ismail\Khaled Dental\Paper2\archive (10)\Mouth Ulcer\Mouth_Ulcer_0_2203.jpeg,Mouth_Ulcer_0_2203.jpeg,Mouth Ulcer,Training
E:\Dr. Atef Ismail\Khaled Dental\Paper2\archive (10)\Caries_Gingivitus\caries_0_4333.jpeg,caries_0_4333.jpeg,Caries-Gingivitis,Training
E:\Dr. Atef Ismail\Khaled Dental\Paper2\archive (10)\Caries_Gingivitus\caries_0_3946.jpeg,caries_0_3946.jpeg,Caries-Gingivitis,Training
E:\Dr. Atef Ismail\Khaled Dental\Paper2\archive (10)\Tooth Discoloration\Tooth_Discoloration_0_16.jpeg,Tooth_Discoloration_0_16.jpeg,Tooth Discoloration,Training
E:\Dr. Atef Ismail\Khaled Dental\Paper2\archive (10)\Caries_Gingivitus\507.jpg,507.jpg,Caries-Gingivitis,Training
E:\Dr. Atef Ismail\Khaled Dental\Paper2\archive (10)\Calculus\(632).jpg,(632).jpg,Calculus,Training
E:\Dr. Atef Ismail\Khaled Dental\Paper2\archive (10)\Mouth Ulcer\Mouth_Ulcer_0_2842.jpeg,Mouth_Ulcer_0_2842.jpeg,Mouth Ulcer,Training
E:\Dr. Atef Ismail\Khaled Dental\Paper2\archive (10)\Gingivitis\(960).jpg,(960).jpg,Gingivitis,Training
E:\Dr. Atef Ismail\Khaled Dental\Paper2\archive (10)\Gingivitis\(1266).jpg,(1266).jpg,Gingivitis,Training
E:\Dr. Atef Ismail\Khaled Dental\Paper2\archive (10)\Tooth Discoloration\Tooth_Discoloration_0_263.jpeg,Tooth_Discoloration_0_263.jpeg,Tooth Discoloration,Training
E:\Dr. Atef Ismail\Khaled Dental\Paper2\archive (10)\Mouth Ulcer\Mouth_Ulcer_0_1264.jpeg,Mouth_Ulcer_0_1264.jpeg,Mouth Ulcer,Training
E:\Dr. Atef Ismail\Khaled Dental\Paper2\archive (10)\hypodontia\(493).JPG,(493).JPG,Hypodontia,Training
E:\Dr. Atef Ismail\Khaled Dental\Paper2\archive (10)\Gingivitis\(1206).jpg,(1206).jpg,Gingivitis,Training
E:\Dr. Atef Ismail\Khaled Dental\Paper2\archive (10)\Gingivitis\(1849).jpg,(1849).jpg,Gingivitis,Training
E:\Dr. Atef Ismail\Khaled Dental\Paper2\archive (10)\Caries_Gingivitus\523.jpg,523.jpg,Caries-Gingivitis,Training
E:\Dr. Atef Ismail\Khaled Dental\Paper2\archive (10)\Mouth Ulcer\Mouth_Ulcer_0_8768.jpeg,Mouth_Ulcer_0_8768.jpeg,Mouth Ulcer,Training
E:\Dr. Atef Ismail\Khaled Dental\Paper2\archive (10)\Caries_Gingivitus\327.jpg,327.jpg,Caries-Gingivitis,Training
E:\Dr. Atef Ismail\Khaled Dental\Paper2\archive (10)\Caries_Gingivitus\caries_0_448.jpeg,caries_0_448.jpeg,Caries-Gingivitis,Training
E:\Dr. Atef Ismail\Khaled Dental\Paper2\archive (10)\Mouth Ulcer\Mouth_Ulcer_0_5311.jpeg,Mouth_Ulcer_0_5311.jpeg,Mouth Ulcer,Training
E:\Dr. Atef Ismail\Khaled Dental\Paper2\archive (10)\Calculus\(954).jpg,(954).jpg,Calculus,Training
E:\Dr. Atef Ismail\Khaled Dental\Paper2\archive (10)\Gingivitis\(891).jpg,(891).jpg,Gingivitis,Training
E:\Dr. Atef Ismail\Khaled Dental\Paper2\archive (10)\Caries_Gingivitus\597.jpg,597.jpg,Caries-Gingivitis,Training
E:\Dr. Atef Ismail\Khaled Dental\Paper2\archive (10)\Calculus\(1103).jpg,(1103).jpg,Calculus,Training
E:\Dr. Atef Ismail\Khaled Dental\Paper2\archive (10)\Gingivitis\(1020).jpg,(1020).jpg,Gingivitis,Training
E:\Dr. Atef Ismail\Khaled Dental\Paper2\archive (10)\hypodontia\(235).JPG,(235).JPG,Hypodontia,Training
E:\Dr. Atef Ismail\Khaled Dental\Paper2\archive (10)\Calculus\(936).jpg,(936).jpg,Calculus,Training
E:\Dr. Atef Ismail\Khaled Dental\Paper2\archive (10)\Caries_Gingivitus\589.jpg,589.jpg,Caries-Gingivitis,Training
E:\Dr. Atef Ismail\Khaled Dental\Paper2\archive (10)\Caries_Gingivitus\(192).jpg,(192).jpg,Caries-Gingivitis,Training
E:\Dr. Atef Ismail\Khaled Dental\Paper2\archive (10)\Calculus\(925).jpg,(925).jpg,Calculus,Training
E:\Dr. Atef Ismail\Khaled Dental\Paper2\archive (10)\Calculus\(102).jpg,(102).jpg,Calculus,Training
E:\Dr. Atef Ismail\Khaled Dental\Paper2\archive (10)\hypodontia\(893).JPG,(893).JPG,Hypodontia,Training
E:\Dr. Atef Ismail\Khaled Dental\Paper2\archive (10)\Gingivitis\(1942).jpg,(1942).jpg,Gingivitis,Training
E:\Dr. Atef Ismail\Khaled Dental\Paper2\archive (10)\Tooth Discoloration\Tooth_Discoloration_0_7490.jpeg,Tooth_Discoloration_0_7490.jpeg,Tooth Discoloration,Training
E:\Dr. Atef Ismail\Khaled Dental\Paper2\archive (10)\Gingivitis\(1522).jpg,(1522).jpg,Gingivitis,Training
E:\Dr. Atef Ismail\Khaled Dental\Paper2\archive (10)\Gingivitis\(1288).jpg,(1288).jpg,Gingivitis,Training
E:\Dr. Atef Ismail\Khaled Dental\Paper2\archive (10)\Caries_Gingivitus\48.jpg,48.jpg,Caries-Gingivitis,Training
E:\Dr. Atef Ismail\Khaled Dental\Paper2\archive (10)\Calculus\(1068).jpg,(1068).jpg,Calculus,Training
E:\Dr. Atef Ismail\Khaled Dental\Paper2\archive (10)\hypodontia\(392).JPG,(392).JPG,Hypodontia,Training
E:\Dr. Atef Ismail\Khaled Dental\Paper2\archive (10)\Mouth Ulcer\Mouth_Ulcer_0_5587.jpeg,Mouth_Ulcer_0_5587.jpeg,Mouth Ulcer,Training
E:\Dr. Atef Ismail\Khaled Dental\Paper2\archive (10)\hypodontia\(440).JPG,(440).JPG,Hypodontia,Training
E:\Dr. Atef Ismail\Khaled Dental\Paper2\archive (10)\Caries_Gingivitus\459.jpg,459.jpg,Caries-Gingivitis,Training
E:\Dr. Atef Ismail\Khaled Dental\Paper2\archive (10)\Mouth Ulcer\Mouth_Ulcer_0_2815.jpeg,Mouth_Ulcer_0_2815.jpeg,Mouth Ulcer,Training
E:\Dr. Atef Ismail\Khaled Dental\Paper2\archive (10)\Calculus\(363).jpg,(363).jpg,Calculus,Training
E:\Dr. Atef Ismail\Khaled Dental\Paper2\archive (10)\Gingivitis\(1742).jpg,(1742).jpg,Gingivitis,Training
E:\Dr. Atef Ismail\Khaled Dental\Paper2\archive (10)\Caries_Gingivitus\(149).jpg,(149).jpg,Caries-Gingivitis,Training
E:\Dr. Atef Ismail\Khaled Dental\Paper2\archive (10)\Caries_Gingivitus\caries_0_417.jpeg,caries_0_417.jpeg,Caries-Gingivitis,Training
E:\Dr. Atef Ismail\Khaled Dental\Paper2\archive (10)\Gingivitis\(1939).jpg,(1939).jpg,Gingivitis,Training
E:\Dr. Atef Ismail\Khaled Dental\Paper2\archive (10)\Caries_Gingivitus\caries_0_327.jpeg,caries_0_327.jpeg,Caries-Gingivitis,Training
E:\Dr. Atef Ismail\Khaled Dental\Paper2\archive (10)\Mouth Ulcer\Mouth_Ulcer_0_3453.jpeg,Mouth_Ulcer_0_3453.jpeg,Mouth Ulcer,Training
E:\Dr. Atef Ismail\Khaled Dental\Paper2\archive (10)\Mouth Ulcer\Mouth_Ulcer_0_4773.jpeg,Mouth_Ulcer_0_4773.jpeg,Mouth Ulcer,Training
E:\Dr. Atef Ismail\Khaled Dental\Paper2\archive (10)\Mouth Ulcer\Mouth_Ulcer_0_5659.jpeg,Mouth_Ulcer_0_5659.jpeg,Mouth Ulcer,Training
E:\Dr. Atef Ismail\Khaled Dental\Paper2\archive (10)\Mouth Ulcer\Mouth_Ulcer_0_5492.jpeg,Mouth_Ulcer_0_5492.jpeg,Mouth Ulcer,Training
E:\Dr. Atef Ismail\Khaled Dental\Paper2\archive (10)\Tooth Discoloration\Tooth_Discoloration_0_5527.jpeg,Tooth_Discoloration_0_5527.jpeg,Tooth Discoloration,Training
E:\Dr. Atef Ismail\Khaled Dental\Paper2\archive (10)\Gingivitis\(1907).jpg,(1907).jpg,Gingivitis,Training
E:\Dr. Atef Ismail\Khaled Dental\Paper2\archive (10)\Gingivitis\(42).jpg,(42).jpg,Gingivitis,Training
E:\Dr. Atef Ismail\Khaled Dental\Paper2\archive (10)\Caries_Gingivitus\(53).jpg,(53).jpg,Caries-Gingivitis,Training
E:\Dr. Atef Ismail\Khaled Dental\Paper2\archive (10)\Calculus\(917).jpg,(917).jpg,Calculus,Training
E:\Dr. Atef Ismail\Khaled Dental\Paper2\archive (10)\Mouth Ulcer\Mouth_Ulcer_0_1454.jpeg,Mouth_Ulcer_0_1454.jpeg,Mouth Ulcer,Training
E:\Dr. Atef Ismail\Khaled Dental\Paper2\archive (10)\Mouth Ulcer\Mouth_Ulcer_0_661.jpeg,Mouth_Ulcer_0_661.jpeg,Mouth Ulcer,Training
E:\Dr. Atef Ismail\Khaled Dental\Paper2\archive (10)\Caries_Gingivitus\256.jpg,256.jpg,Caries-Gingivitis,Training
E:\Dr. Atef Ismail\Khaled Dental\Paper2\archive (10)\Caries_Gingivitus\406.jpg,406.jpg,Caries-Gingivitis,Training
E:\Dr. Atef Ismail\Khaled Dental\Paper2\archive (10)\hypodontia\(617).JPG,(617).JPG,Hypodontia,Training
E:\Dr. Atef Ismail\Khaled Dental\Paper2\archive (10)\Mouth Ulcer\Mouth_Ulcer_0_4719.jpeg,Mouth_Ulcer_0_4719.jpeg,Mouth Ulcer,Training
E:\Dr. Atef Ismail\Khaled Dental\Paper2\archive (10)\Gingivitis\(2025).jpg,(2025).jpg,Gingivitis,Training
E:\Dr. Atef Ismail\Khaled Dental\Paper2\archive (10)\Calculus\(838).jpg,(838).jpg,Calculus,Training
E:\Dr. Atef Ismail\Khaled Dental\Paper2\archive (10)\Caries_Gingivitus\caries_0_243.jpeg,caries_0_243.jpeg,Caries-Gingivitis,Training
E:\Dr. Atef Ismail\Khaled Dental\Paper2\archive (10)\Tooth Discoloration\Tooth_Discoloration_0_248.jpeg,Tooth_Discoloration_0_248.jpeg,Tooth Discoloration,Training
E:\Dr. Atef Ismail\Khaled Dental\Paper2\archive (10)\Mouth Ulcer\Mouth_Ulcer_0_8391.jpeg,Mouth_Ulcer_0_8391.jpeg,Mouth Ulcer,Training
E:\Dr. Atef Ismail\Khaled Dental\Paper2\archive (10)\Mouth Ulcer\Mouth_Ulcer_0_939.jpeg,Mouth_Ulcer_0_939.jpeg,Mouth Ulcer,Training
E:\Dr. Atef Ismail\Khaled Dental\Paper2\archive (10)\Tooth Discoloration\Tooth_Discoloration_0_9.jpeg,Tooth_Discoloration_0_9.jpeg,Tooth Discoloration,Training
E:\Dr. Atef Ismail\Khaled Dental\Paper2\archive (10)\Mouth Ulcer\Mouth_Ulcer_0_945.jpeg,Mouth_Ulcer_0_945.jpeg,Mouth Ulcer,Training
E:\Dr. Atef Ismail\Khaled Dental\Paper2\archive (10)\Tooth Discoloration\Tooth_Discoloration_0_8979.jpeg,Tooth_Discoloration_0_8979.jpeg,Tooth Discoloration,Training
E:\Dr. Atef Ismail\Khaled Dental\Paper2\archive (10)\Calculus\(664).jpg,(664).jpg,Calculus,Training
E:\Dr. Atef Ismail\Khaled Dental\Paper2\archive (10)\Mouth Ulcer\Mouth_Ulcer_0_7071.jpeg,Mouth_Ulcer_0_7071.jpeg,Mouth Ulcer,Training
E:\Dr. Atef Ismail\Khaled Dental\Paper2\archive (10)\Calculus\(648).jpg,(648).jpg,Calculus,Training
E:\Dr. Atef Ismail\Khaled Dental\Paper2\archive (10)\Gingivitis\(1125).jpg,(1125).jpg,Gingivitis,Training
E:\Dr. Atef Ismail\Khaled Dental\Paper2\archive (10)\Mouth Ulcer\Mouth_Ulcer_0_8950.jpeg,Mouth_Ulcer_0_8950.jpeg,Mouth Ulcer,Training
E:\Dr. Atef Ismail\Khaled Dental\Paper2\archive (10)\Tooth Discoloration\Tooth_Discoloration_0_5998.jpeg,Tooth_Discoloration_0_5998.jpeg,Tooth Discoloration,Training
E:\Dr. Atef Ismail\Khaled Dental\Paper2\archive (10)\Tooth Discoloration\Tooth_Discoloration_0_1413.jpeg,Tooth_Discoloration_0_1413.jpeg,Tooth Discoloration,Training
E:\Dr. Atef Ismail\Khaled Dental\Paper2\archive (10)\Calculus\(206).jpg,(206).jpg,Calculus,Training
E:\Dr. Atef Ismail\Khaled Dental\Paper2\archive (10)\Gingivitis\(452).jpg,(452).jpg,Gingivitis,Training
E:\Dr. Atef Ismail\Khaled Dental\Paper2\archive (10)\hypodontia\(1245).jpg,(1245).jpg,Hypodontia,Training
E:\Dr. Atef Ismail\Khaled Dental\Paper2\archive (10)\Calculus\(1221).jpg,(1221).jpg,Calculus,Training
E:\Dr. Atef Ismail\Khaled Dental\Paper2\archive (10)\Tooth Discoloration\Tooth_Discoloration_0_5632.jpeg,Tooth_Discoloration_0_5632.jpeg,Tooth Discoloration,Training
E:\Dr. Atef Ismail\Khaled Dental\Paper2\archive (10)\Caries_Gingivitus\242.jpg,242.jpg,Caries-Gingivitis,Training
E:\Dr. Atef Ismail\Khaled Dental\Paper2\archive (10)\Mouth Ulcer\Mouth_Ulcer_0_8104.jpeg,Mouth_Ulcer_0_8104.jpeg,Mouth Ulcer,Training
E:\Dr. Atef Ismail\Khaled Dental\Paper2\archive (10)\Tooth Discoloration\Tooth_Discoloration_0_7214.jpeg,Tooth_Discoloration_0_7214.jpeg,Tooth Discoloration,Training
E:\Dr. Atef Ismail\Khaled Dental\Paper2\archive (10)\Gingivitis\(32).jpg,(32).jpg,Gingivitis,Training
E:\Dr. Atef Ismail\Khaled Dental\Paper2\archive (10)\Tooth Discoloration\Tooth_Discoloration_0_689.jpeg,Tooth_Discoloration_0_689.jpeg,Tooth Discoloration,Training
E:\Dr. Atef Ismail\Khaled Dental\Paper2\archive (10)\Tooth Discoloration\Tooth_Discoloration_0_1672.jpeg,Tooth_Discoloration_0_1672.jpeg,Tooth Discoloration,Training
E:\Dr. Atef Ismail\Khaled Dental\Paper2\archive (10)\Mouth Ulcer\Mouth_Ulcer_0_5467.jpeg,Mouth_Ulcer_0_5467.jpeg,Mouth Ulcer,Training
E:\Dr. Atef Ismail\Khaled Dental\Paper2\archive (10)\Tooth Discoloration\Tooth_Discoloration_0_7110.jpeg,Tooth_Discoloration_0_7110.jpeg,Tooth Discoloration,Training
E:\Dr. Atef Ismail\Khaled Dental\Paper2\archive (10)\Mouth Ulcer\Mouth_Ulcer_0_1625.jpeg,Mouth_Ulcer_0_1625.jpeg,Mouth Ulcer,Training
E:\Dr. Atef Ismail\Khaled Dental\Paper2\archive (10)\Tooth Discoloration\Tooth_Discoloration_0_7764.jpeg,Tooth_Discoloration_0_7764.jpeg,Tooth Discoloration,Training
E:\Dr. Atef Ismail\Khaled Dental\Paper2\archive (10)\Gingivitis\(2258).jpg,(2258).jpg,Gingivitis,Training
E:\Dr. Atef Ismail\Khaled Dental\Paper2\archive (10)\Mouth Ulcer\Mouth_Ulcer_0_302.jpeg,Mouth_Ulcer_0_302.jpeg,Mouth Ulcer,Training
E:\Dr. Atef Ismail\Khaled Dental\Paper2\archive (10)\Tooth Discoloration\Tooth_Discoloration_0_7408.jpeg,Tooth_Discoloration_0_7408.jpeg,Tooth Discoloration,Training
E:\Dr. Atef Ismail\Khaled Dental\Paper2\archive (10)\Mouth Ulcer\Mouth_Ulcer_0_1035.jpeg,Mouth_Ulcer_0_1035.jpeg,Mouth Ulcer,Training
E:\Dr. Atef Ismail\Khaled Dental\Paper2\archive (10)\hypodontia\(574).JPG,(574).JPG,Hypodontia,Training
E:\Dr. Atef Ismail\Khaled Dental\Paper2\archive (10)\hypodontia\(502).jpg,(502).jpg,Hypodontia,Training
E:\Dr. Atef Ismail\Khaled Dental\Paper2\archive (10)\Gingivitis\(1093).jpg,(1093).jpg,Gingivitis,Training
E:\Dr. Atef Ismail\Khaled Dental\Paper2\archive (10)\Caries_Gingivitus\caries_0_4251.jpeg,caries_0_4251.jpeg,Caries-Gingivitis,Training
E:\Dr. Atef Ismail\Khaled Dental\Paper2\archive (10)\hypodontia\(223).JPG,(223).JPG,Hypodontia,Training
E:\Dr. Atef Ismail\Khaled Dental\Paper2\archive (10)\Mouth Ulcer\Mouth_Ulcer_0_9845.jpeg,Mouth_Ulcer_0_9845.jpeg,Mouth Ulcer,Training
E:\Dr. Atef Ismail\Khaled Dental\Paper2\archive (10)\Caries_Gingivitus\639.jpg,639.jpg,Caries-Gingivitis,Training
E:\Dr. Atef Ismail\Khaled Dental\Paper2\archive (10)\Calculus\(735).jpg,(735).jpg,Calculus,Training
E:\Dr. Atef Ismail\Khaled Dental\Paper2\archive (10)\Calculus\(1194).jpg,(1194).jpg,Calculus,Training
E:\Dr. Atef Ismail\Khaled Dental\Paper2\archive (10)\Tooth Discoloration\Tooth_Discoloration_0_432.jpeg,Tooth_Discoloration_0_432.jpeg,Tooth Discoloration,Training
E:\Dr. Atef Ismail\Khaled Dental\Paper2\archive (10)\Caries_Gingivitus\456.jpg,456.jpg,Caries-Gingivitis,Training
E:\Dr. Atef Ismail\Khaled Dental\Paper2\archive (10)\Tooth Discoloration\Tooth_Discoloration_0_167.jpeg,Tooth_Discoloration_0_167.jpeg,Tooth Discoloration,Training
E:\Dr. Atef Ismail\Khaled Dental\Paper2\archive (10)\Gingivitis\(2329).jpg,(2329).jpg,Gingivitis,Training
E:\Dr. Atef Ismail\Khaled Dental\Paper2\archive (10)\hypodontia\(71).JPG,(71).JPG,Hypodontia,Training
E:\Dr. Atef Ismail\Khaled Dental\Paper2\archive (10)\hypodontia\(207).JPG,(207).JPG,Hypodontia,Training
E:\Dr. Atef Ismail\Khaled Dental\Paper2\archive (10)\Calculus\(1072).jpg,(1072).jpg,Calculus,Training
E:\Dr. Atef Ismail\Khaled Dental\Paper2\archive (10)\Mouth Ulcer\Mouth_Ulcer_0_8.jpeg,Mouth_Ulcer_0_8.jpeg,Mouth Ulcer,Training
E:\Dr. Atef Ismail\Khaled Dental\Paper2\archive (10)\Tooth Discoloration\Tooth_Discoloration_0_7448.jpeg,Tooth_Discoloration_0_7448.jpeg,Tooth Discoloration,Training
E:\Dr. Atef Ismail\Khaled Dental\Paper2\archive (10)\Mouth Ulcer\Mouth_Ulcer_0_681.jpeg,Mouth_Ulcer_0_681.jpeg,Mouth Ulcer,Training
E:\Dr. Atef Ismail\Khaled Dental\Paper2\archive (10)\Mouth Ulcer\Mouth_Ulcer_0_2759.jpeg,Mouth_Ulcer_0_2759.jpeg,Mouth Ulcer,Training
E:\Dr. Atef Ismail\Khaled Dental\Paper2\archive (10)\Gingivitis\(731).jpg,(731).jpg,Gingivitis,Training
E:\Dr. Atef Ismail\Khaled Dental\Paper2\archive (10)\Mouth Ulcer\Mouth_Ulcer_0_7054.jpeg,Mouth_Ulcer_0_7054.jpeg,Mouth Ulcer,Training
E:\Dr. Atef Ismail\Khaled Dental\Paper2\archive (10)\Mouth Ulcer\Mouth_Ulcer_0_2750.jpeg,Mouth_Ulcer_0_2750.jpeg,Mouth Ulcer,Training
E:\Dr. Atef Ismail\Khaled Dental\Paper2\archive (10)\Gingivitis\(814).jpg,(814).jpg,Gingivitis,Training
E:\Dr. Atef Ismail\Khaled Dental\Paper2\archive (10)\Caries_Gingivitus\217.jpg,217.jpg,Caries-Gingivitis,Training
E:\Dr. Atef Ismail\Khaled Dental\Paper2\archive (10)\Tooth Discoloration\Tooth_Discoloration_0_2473.jpeg,Tooth_Discoloration_0_2473.jpeg,Tooth Discoloration,Training
E:\Dr. Atef Ismail\Khaled Dental\Paper2\archive (10)\Gingivitis\(1852).jpg,(1852).jpg,Gingivitis,Training
E:\Dr. Atef Ismail\Khaled Dental\Paper2\archive (10)\Mouth Ulcer\Mouth_Ulcer_0_2701.jpeg,Mouth_Ulcer_0_2701.jpeg,Mouth Ulcer,Training
E:\Dr. Atef Ismail\Khaled Dental\Paper2\archive (10)\Caries_Gingivitus\80.jpg,80.jpg,Caries-Gingivitis,Training
E:\Dr. Atef Ismail\Khaled Dental\Paper2\archive (10)\Mouth Ulcer\Mouth_Ulcer_0_4753.jpeg,Mouth_Ulcer_0_4753.jpeg,Mouth Ulcer,Training
E:\Dr. Atef Ismail\Khaled Dental\Paper2\archive (10)\Caries_Gingivitus\241.jpg,241.jpg,Caries-Gingivitis,Training
E:\Dr. Atef Ismail\Khaled Dental\Paper2\archive (10)\Mouth Ulcer\Mouth_Ulcer_0_9160.jpeg,Mouth_Ulcer_0_9160.jpeg,Mouth Ulcer,Training
E:\Dr. Atef Ismail\Khaled Dental\Paper2\archive (10)\Gingivitis\(99).jpg,(99).jpg,Gingivitis,Training
E:\Dr. Atef Ismail\Khaled Dental\Paper2\archive (10)\Mouth Ulcer\Mouth_Ulcer_0_5776.jpeg,Mouth_Ulcer_0_5776.jpeg,Mouth Ulcer,Training
E:\Dr. Atef Ismail\Khaled Dental\Paper2\archive (10)\Caries_Gingivitus\caries_0_314.jpeg,caries_0_314.jpeg,Caries-Gingivitis,Training
E:\Dr. Atef Ismail\Khaled Dental\Paper2\archive (10)\Mouth Ulcer\Mouth_Ulcer_0_7604.jpeg,Mouth_Ulcer_0_7604.jpeg,Mouth Ulcer,Training
E:\Dr. Atef Ismail\Khaled Dental\Paper2\archive (10)\hypodontia\(1237).jpg,(1237).jpg,Hypodontia,Training
E:\Dr. Atef Ismail\Khaled Dental\Paper2\archive (10)\Calculus\(550).jpg,(550).jpg,Calculus,Training
E:\Dr. Atef Ismail\Khaled Dental\Paper2\archive (10)\Caries_Gingivitus\(77).jpg,(77).jpg,Caries-Gingivitis,Training
E:\Dr. Atef Ismail\Khaled Dental\Paper2\archive (10)\Mouth Ulcer\Mouth_Ulcer_0_5939.jpeg,Mouth_Ulcer_0_5939.jpeg,Mouth Ulcer,Training
E:\Dr. Atef Ismail\Khaled Dental\Paper2\archive (10)\Mouth Ulcer\Mouth_Ulcer_0_8425.jpeg,Mouth_Ulcer_0_8425.jpeg,Mouth Ulcer,Training
E:\Dr. Atef Ismail\Khaled Dental\Paper2\archive (10)\Gingivitis\(511).jpg,(511).jpg,Gingivitis,Training
E:\Dr. Atef Ismail\Khaled Dental\Paper2\archive (10)\Caries_Gingivitus\87.jpg,87.jpg,Caries-Gingivitis,Training
E:\Dr. Atef Ismail\Khaled Dental\Paper2\archive (10)\Caries_Gingivitus\caries_0_5191.jpeg,caries_0_5191.jpeg,Caries-Gingivitis,Training
E:\Dr. Atef Ismail\Khaled Dental\Paper2\archive (10)\hypodontia\(1232).JPG,(1232).JPG,Hypodontia,Training
E:\Dr. Atef Ismail\Khaled Dental\Paper2\archive (10)\hypodontia\(656).JPG,(656).JPG,Hypodontia,Training
E:\Dr. Atef Ismail\Khaled Dental\Paper2\archive (10)\Caries_Gingivitus\caries_0_68.jpeg,caries_0_68.jpeg,Caries-Gingivitis,Training
E:\Dr. Atef Ismail\Khaled Dental\Paper2\archive (10)\Gingivitis\(76).jpg,(76).jpg,Gingivitis,Training
E:\Dr. Atef Ismail\Khaled Dental\Paper2\archive (10)\Tooth Discoloration\Tooth_Discoloration_0_1354.jpeg,Tooth_Discoloration_0_1354.jpeg,Tooth Discoloration,Training
E:\Dr. Atef Ismail\Khaled Dental\Paper2\archive (10)\Gingivitis\(2045).jpg,(2045).jpg,Gingivitis,Training
E:\Dr. Atef Ismail\Khaled Dental\Paper2\archive (10)\Caries_Gingivitus\4.jpg,4.jpg,Caries-Gingivitis,Training
E:\Dr. Atef Ismail\Khaled Dental\Paper2\archive (10)\Mouth Ulcer\Mouth_Ulcer_0_8627.jpeg,Mouth_Ulcer_0_8627.jpeg,Mouth Ulcer,Training
E:\Dr. Atef Ismail\Khaled Dental\Paper2\archive (10)\hypodontia\(731).JPG,(731).JPG,Hypodontia,Training
E:\Dr. Atef Ismail\Khaled Dental\Paper2\archive (10)\Mouth Ulcer\Mouth_Ulcer_0_9881.jpeg,Mouth_Ulcer_0_9881.jpeg,Mouth Ulcer,Training
E:\Dr. Atef Ismail\Khaled Dental\Paper2\archive (10)\Caries_Gingivitus\545.jpg,545.jpg,Caries-Gingivitis,Training
E:\Dr. Atef Ismail\Khaled Dental\Paper2\archive (10)\Caries_Gingivitus\90.jpg,90.jpg,Caries-Gingivitis,Training
E:\Dr. Atef Ismail\Khaled Dental\Paper2\archive (10)\Mouth Ulcer\Mouth_Ulcer_0_2056.jpeg,Mouth_Ulcer_0_2056.jpeg,Mouth Ulcer,Training
E:\Dr. Atef Ismail\Khaled Dental\Paper2\archive (10)\Gingivitis\(2024).jpg,(2024).jpg,Gingivitis,Training
E:\Dr. Atef Ismail\Khaled Dental\Paper2\archive (10)\Calculus\(14).jpg,(14).jpg,Calculus,Training
E:\Dr. Atef Ismail\Khaled Dental\Paper2\archive (10)\Calculus\(864).jpg,(864).jpg,Calculus,Training
E:\Dr. Atef Ismail\Khaled Dental\Paper2\archive (10)\Tooth Discoloration\Tooth_Discoloration_0_1250.jpeg,Tooth_Discoloration_0_1250.jpeg,Tooth Discoloration,Training
E:\Dr. Atef Ismail\Khaled Dental\Paper2\archive (10)\Calculus\(784).jpg,(784).jpg,Calculus,Training
E:\Dr. Atef Ismail\Khaled Dental\Paper2\archive (10)\Mouth Ulcer\Mouth_Ulcer_0_4420.jpeg,Mouth_Ulcer_0_4420.jpeg,Mouth Ulcer,Training
E:\Dr. Atef Ismail\Khaled Dental\Paper2\archive (10)\Mouth Ulcer\Mouth_Ulcer_0_8807.jpeg,Mouth_Ulcer_0_8807.jpeg,Mouth Ulcer,Training
E:\Dr. Atef Ismail\Khaled Dental\Paper2\archive (10)\Tooth Discoloration\Tooth_Discoloration_0_5248.jpeg,Tooth_Discoloration_0_5248.jpeg,Tooth Discoloration,Training
E:\Dr. Atef Ismail\Khaled Dental\Paper2\archive (10)\Calculus\(150).jpg,(150).jpg,Calculus,Training
E:\Dr. Atef Ismail\Khaled Dental\Paper2\archive (10)\hypodontia\(767).JPG,(767).JPG,Hypodontia,Training
E:\Dr. Atef Ismail\Khaled Dental\Paper2\archive (10)\Gingivitis\(2135).jpg,(2135).jpg,Gingivitis,Training
E:\Dr. Atef Ismail\Khaled Dental\Paper2\archive (10)\hypodontia\(383).jpg,(383).jpg,Hypodontia,Training
E:\Dr. Atef Ismail\Khaled Dental\Paper2\archive (10)\Tooth Discoloration\Tooth_Discoloration_0_879.jpeg,Tooth_Discoloration_0_879.jpeg,Tooth Discoloration,Training
E:\Dr. Atef Ismail\Khaled Dental\Paper2\archive (10)\Tooth Discoloration\Tooth_Discoloration_0_5357.jpeg,Tooth_Discoloration_0_5357.jpeg,Tooth Discoloration,Training
E:\Dr. Atef Ismail\Khaled Dental\Paper2\archive (10)\Gingivitis\(1765).jpg,(1765).jpg,Gingivitis,Training
E:\Dr. Atef Ismail\Khaled Dental\Paper2\archive (10)\Mouth Ulcer\Mouth_Ulcer_0_2087.jpeg,Mouth_Ulcer_0_2087.jpeg,Mouth Ulcer,Training
E:\Dr. Atef Ismail\Khaled Dental\Paper2\archive (10)\Gingivitis\(666).jpg,(666).jpg,Gingivitis,Training
E:\Dr. Atef Ismail\Khaled Dental\Paper2\archive (10)\Tooth Discoloration\Tooth_Discoloration_0_1473.jpeg,Tooth_Discoloration_0_1473.jpeg,Tooth Discoloration,Training
E:\Dr. Atef Ismail\Khaled Dental\Paper2\archive (10)\Gingivitis\(414).jpg,(414).jpg,Gingivitis,Training
E:\Dr. Atef Ismail\Khaled Dental\Paper2\archive (10)\Mouth Ulcer\Mouth_Ulcer_0_981.jpeg,Mouth_Ulcer_0_981.jpeg,Mouth Ulcer,Training
E:\Dr. Atef Ismail\Khaled Dental\Paper2\archive (10)\Tooth Discoloration\Tooth_Discoloration_0_9871.jpeg,Tooth_Discoloration_0_9871.jpeg,Tooth Discoloration,Training
E:\Dr. Atef Ismail\Khaled Dental\Paper2\archive (10)\Gingivitis\(2065).jpg,(2065).jpg,Gingivitis,Training
E:\Dr. Atef Ismail\Khaled Dental\Paper2\archive (10)\Tooth Discoloration\Tooth_Discoloration_0_7947.jpeg,Tooth_Discoloration_0_7947.jpeg,Tooth Discoloration,Training
E:\Dr. Atef Ismail\Khaled Dental\Paper2\archive (10)\hypodontia\(1131).JPG,(1131).JPG,Hypodontia,Training
E:\Dr. Atef Ismail\Khaled Dental\Paper2\archive (10)\Gingivitis\(792).jpg,(792).jpg,Gingivitis,Training
E:\Dr. Atef Ismail\Khaled Dental\Paper2\archive (10)\Mouth Ulcer\Mouth_Ulcer_0_8413.jpeg,Mouth_Ulcer_0_8413.jpeg,Mouth Ulcer,Training
E:\Dr. Atef Ismail\Khaled Dental\Paper2\archive (10)\Caries_Gingivitus\419.jpg,419.jpg,Caries-Gingivitis,Training
E:\Dr. Atef Ismail\Khaled Dental\Paper2\archive (10)\hypodontia\(764).jpg,(764).jpg,Hypodontia,Training
E:\Dr. Atef Ismail\Khaled Dental\Paper2\archive (10)\Mouth Ulcer\Mouth_Ulcer_0_425.jpeg,Mouth_Ulcer_0_425.jpeg,Mouth Ulcer,Training
E:\Dr. Atef Ismail\Khaled Dental\Paper2\archive (10)\Tooth Discoloration\Tooth_Discoloration_0_5464.jpeg,Tooth_Discoloration_0_5464.jpeg,Tooth Discoloration,Training
E:\Dr. Atef Ismail\Khaled Dental\Paper2\archive (10)\Gingivitis\(668).jpg,(668).jpg,Gingivitis,Training
E:\Dr. Atef Ismail\Khaled Dental\Paper2\archive (10)\Mouth Ulcer\Mouth_Ulcer_0_3675.jpeg,Mouth_Ulcer_0_3675.jpeg,Mouth Ulcer,Training
E:\Dr. Atef Ismail\Khaled Dental\Paper2\archive (10)\Mouth Ulcer\Mouth_Ulcer_0_5850.jpeg,Mouth_Ulcer_0_5850.jpeg,Mouth Ulcer,Training
E:\Dr. Atef Ismail\Khaled Dental\Paper2\archive (10)\Calculus\(459).jpg,(459).jpg,Calculus,Training
E:\Dr. Atef Ismail\Khaled Dental\Paper2\archive (10)\Mouth Ulcer\Mouth_Ulcer_0_3673.jpeg,Mouth_Ulcer_0_3673.jpeg,Mouth Ulcer,Training
E:\Dr. Atef Ismail\Khaled Dental\Paper2\archive (10)\Tooth Discoloration\Tooth_Discoloration_0_7404.jpeg,Tooth_Discoloration_0_7404.jpeg,Tooth Discoloration,Training
E:\Dr. Atef Ismail\Khaled Dental\Paper2\archive (10)\Tooth Discoloration\Tooth_Discoloration_0_3745.jpeg,Tooth_Discoloration_0_3745.jpeg,Tooth Discoloration,Training
E:\Dr. Atef Ismail\Khaled Dental\Paper2\archive (10)\Tooth Discoloration\Tooth_Discoloration_0_1543.jpeg,Tooth_Discoloration_0_1543.jpeg,Tooth Discoloration,Training
E:\Dr. Atef Ismail\Khaled Dental\Paper2\archive (10)\Gingivitis\(1471).jpg,(1471).jpg,Gingivitis,Training
E:\Dr. Atef Ismail\Khaled Dental\Paper2\archive (10)\Gingivitis\(1241).jpg,(1241).jpg,Gingivitis,Training
E:\Dr. Atef Ismail\Khaled Dental\Paper2\archive (10)\Mouth Ulcer\Mouth_Ulcer_0_405.jpeg,Mouth_Ulcer_0_405.jpeg,Mouth Ulcer,Training
E:\Dr. Atef Ismail\Khaled Dental\Paper2\archive (10)\Mouth Ulcer\Mouth_Ulcer_0_1996.jpeg,Mouth_Ulcer_0_1996.jpeg,Mouth Ulcer,Training
E:\Dr. Atef Ismail\Khaled Dental\Paper2\archive (10)\Mouth Ulcer\Mouth_Ulcer_0_4093.jpeg,Mouth_Ulcer_0_4093.jpeg,Mouth Ulcer,Training
E:\Dr. Atef Ismail\Khaled Dental\Paper2\archive (10)\Gingivitis\(1263).jpg,(1263).jpg,Gingivitis,Training
E:\Dr. Atef Ismail\Khaled Dental\Paper2\archive (10)\Calculus\(617).jpg,(617).jpg,Calculus,Training
E:\Dr. Atef Ismail\Khaled Dental\Paper2\archive (10)\Gingivitis\(1863).jpg,(1863).jpg,Gingivitis,Training
E:\Dr. Atef Ismail\Khaled Dental\Paper2\archive (10)\Caries_Gingivitus\464.jpg,464.jpg,Caries-Gingivitis,Training
E:\Dr. Atef Ismail\Khaled Dental\Paper2\archive (10)\Gingivitis\(1156).jpg,(1156).jpg,Gingivitis,Training
E:\Dr. Atef Ismail\Khaled Dental\Paper2\archive (10)\Mouth Ulcer\Mouth_Ulcer_0_9981.jpeg,Mouth_Ulcer_0_9981.jpeg,Mouth Ulcer,Training
E:\Dr. Atef Ismail\Khaled Dental\Paper2\archive (10)\Mouth Ulcer\Mouth_Ulcer_0_6405.jpeg,Mouth_Ulcer_0_6405.jpeg,Mouth Ulcer,Training
E:\Dr. Atef Ismail\Khaled Dental\Paper2\archive (10)\Calculus\(522).jpg,(522).jpg,Calculus,Training
E:\Dr. Atef Ismail\Khaled Dental\Paper2\archive (10)\Gingivitis\(876).jpg,(876).jpg,Gingivitis,Training
E:\Dr. Atef Ismail\Khaled Dental\Paper2\archive (10)\Tooth Discoloration\Tooth_Discoloration_0_9250.jpeg,Tooth_Discoloration_0_9250.jpeg,Tooth Discoloration,Training
E:\Dr. Atef Ismail\Khaled Dental\Paper2\archive (10)\Calculus\(951).jpg,(951).jpg,Calculus,Training
E:\Dr. Atef Ismail\Khaled Dental\Paper2\archive (10)\Caries_Gingivitus\caries_0_4643.jpeg,caries_0_4643.jpeg,Caries-Gingivitis,Training
E:\Dr. Atef Ismail\Khaled Dental\Paper2\archive (10)\Calculus\(96).jpg,(96).jpg,Calculus,Training
E:\Dr. Atef Ismail\Khaled Dental\Paper2\archive (10)\Gingivitis\(834).jpg,(834).jpg,Gingivitis,Training
E:\Dr. Atef Ismail\Khaled Dental\Paper2\archive (10)\Mouth Ulcer\Mouth_Ulcer_0_5671.jpeg,Mouth_Ulcer_0_5671.jpeg,Mouth Ulcer,Training
E:\Dr. Atef Ismail\Khaled Dental\Paper2\archive (10)\Caries_Gingivitus\238.jpg,238.jpg,Caries-Gingivitis,Training
E:\Dr. Atef Ismail\Khaled Dental\Paper2\archive (10)\Calculus\(803).jpg,(803).jpg,Calculus,Training
E:\Dr. Atef Ismail\Khaled Dental\Paper2\archive (10)\Calculus\(1038).jpg,(1038).jpg,Calculus,Training
E:\Dr. Atef Ismail\Khaled Dental\Paper2\archive (10)\Mouth Ulcer\Mouth_Ulcer_0_9560.jpeg,Mouth_Ulcer_0_9560.jpeg,Mouth Ulcer,Training
E:\Dr. Atef Ismail\Khaled Dental\Paper2\archive (10)\Caries_Gingivitus\caries_0_3480.jpeg,caries_0_3480.jpeg,Caries-Gingivitis,Training
E:\Dr. Atef Ismail\Khaled Dental\Paper2\archive (10)\Caries_Gingivitus\427.jpg,427.jpg,Caries-Gingivitis,Training
E:\Dr. Atef Ismail\Khaled Dental\Paper2\archive (10)\Gingivitis\(1627).jpg,(1627).jpg,Gingivitis,Training
E:\Dr. Atef Ismail\Khaled Dental\Paper2\archive (10)\hypodontia\(825).jpg,(825).jpg,Hypodontia,Training
E:\Dr. Atef Ismail\Khaled Dental\Paper2\archive (10)\Mouth Ulcer\Mouth_Ulcer_0_8576.jpeg,Mouth_Ulcer_0_8576.jpeg,Mouth Ulcer,Training
E:\Dr. Atef Ismail\Khaled Dental\Paper2\archive (10)\Calculus\(1263).jpg,(1263).jpg,Calculus,Training
E:\Dr. Atef Ismail\Khaled Dental\Paper2\archive (10)\Caries_Gingivitus\488.jpg,488.jpg,Caries-Gingivitis,Training
E:\Dr. Atef Ismail\Khaled Dental\Paper2\archive (10)\Caries_Gingivitus\2.jpg,2.jpg,Caries-Gingivitis,Training
E:\Dr. Atef Ismail\Khaled Dental\Paper2\archive (10)\Tooth Discoloration\Tooth_Discoloration_0_3477.jpeg,Tooth_Discoloration_0_3477.jpeg,Tooth Discoloration,Training
E:\Dr. Atef Ismail\Khaled Dental\Paper2\archive (10)\Tooth Discoloration\Tooth_Discoloration_0_6396.jpeg,Tooth_Discoloration_0_6396.jpeg,Tooth Discoloration,Training
E:\Dr. Atef Ismail\Khaled Dental\Paper2\archive (10)\Caries_Gingivitus\caries_0_4238.jpeg,caries_0_4238.jpeg,Caries-Gingivitis,Training
E:\Dr. Atef Ismail\Khaled Dental\Paper2\archive (10)\Mouth Ulcer\Mouth_Ulcer_0_3921.jpeg,Mouth_Ulcer_0_3921.jpeg,Mouth Ulcer,Training
E:\Dr. Atef Ismail\Khaled Dental\Paper2\archive (10)\Gingivitis\(1856).jpg,(1856).jpg,Gingivitis,Training
E:\Dr. Atef Ismail\Khaled Dental\Paper2\archive (10)\Tooth Discoloration\Tooth_Discoloration_0_5515.jpeg,Tooth_Discoloration_0_5515.jpeg,Tooth Discoloration,Training
E:\Dr. Atef Ismail\Khaled Dental\Paper2\archive (10)\hypodontia\(1039).JPG,(1039).JPG,Hypodontia,Training
E:\Dr. Atef Ismail\Khaled Dental\Paper2\archive (10)\Caries_Gingivitus\349.jpg,349.jpg,Caries-Gingivitis,Training
E:\Dr. Atef Ismail\Khaled Dental\Paper2\archive (10)\Gingivitis\(1998).jpg,(1998).jpg,Gingivitis,Training
E:\Dr. Atef Ismail\Khaled Dental\Paper2\archive (10)\Calculus\(973).jpg,(973).jpg,Calculus,Training
E:\Dr. Atef Ismail\Khaled Dental\Paper2\archive (10)\Caries_Gingivitus\caries_0_291.jpeg,caries_0_291.jpeg,Caries-Gingivitis,Training
E:\Dr. Atef Ismail\Khaled Dental\Paper2\archive (10)\Mouth Ulcer\Mouth_Ulcer_0_7978.jpeg,Mouth_Ulcer_0_7978.jpeg,Mouth Ulcer,Training
E:\Dr. Atef Ismail\Khaled Dental\Paper2\archive (10)\hypodontia\(484).JPG,(484).JPG,Hypodontia,Training
E:\Dr. Atef Ismail\Khaled Dental\Paper2\archive (10)\hypodontia\(505).JPG,(505).JPG,Hypodontia,Training
E:\Dr. Atef Ismail\Khaled Dental\Paper2\archive (10)\Mouth Ulcer\Mouth_Ulcer_0_8225.jpeg,Mouth_Ulcer_0_8225.jpeg,Mouth Ulcer,Training
E:\Dr. Atef Ismail\Khaled Dental\Paper2\archive (10)\Calculus\(717).jpg,(717).jpg,Calculus,Training
E:\Dr. Atef Ismail\Khaled Dental\Paper2\archive (10)\Caries_Gingivitus\328.jpg,328.jpg,Caries-Gingivitis,Training
E:\Dr. Atef Ismail\Khaled Dental\Paper2\archive (10)\Gingivitis\(2098).jpg,(2098).jpg,Gingivitis,Training
E:\Dr. Atef Ismail\Khaled Dental\Paper2\archive (10)\Caries_Gingivitus\109.jpg,109.jpg,Caries-Gingivitis,Training
E:\Dr. Atef Ismail\Khaled Dental\Paper2\archive (10)\Mouth Ulcer\Mouth_Ulcer_0_4031.jpeg,Mouth_Ulcer_0_4031.jpeg,Mouth Ulcer,Training
E:\Dr. Atef Ismail\Khaled Dental\Paper2\archive (10)\Calculus\(994).jpg,(994).jpg,Calculus,Training
E:\Dr. Atef Ismail\Khaled Dental\Paper2\archive (10)\Calculus\(166).jpg,(166).jpg,Calculus,Training
E:\Dr. Atef Ismail\Khaled Dental\Paper2\archive (10)\Gingivitis\(589).jpg,(589).jpg,Gingivitis,Training
E:\Dr. Atef Ismail\Khaled Dental\Paper2\archive (10)\Mouth Ulcer\Mouth_Ulcer_0_3785.jpeg,Mouth_Ulcer_0_3785.jpeg,Mouth Ulcer,Training
E:\Dr. Atef Ismail\Khaled Dental\Paper2\archive (10)\Calculus\(1224).jpg,(1224).jpg,Calculus,Training
E:\Dr. Atef Ismail\Khaled Dental\Paper2\archive (10)\Caries_Gingivitus\caries_0_134.jpeg,caries_0_134.jpeg,Caries-Gingivitis,Training
E:\Dr. Atef Ismail\Khaled Dental\Paper2\archive (10)\Caries_Gingivitus\233.jpg,233.jpg,Caries-Gingivitis,Training
E:\Dr. Atef Ismail\Khaled Dental\Paper2\archive (10)\Calculus\(1129).jpg,(1129).jpg,Calculus,Training
E:\Dr. Atef Ismail\Khaled Dental\Paper2\archive (10)\Caries_Gingivitus\627.jpg,627.jpg,Caries-Gingivitis,Training
E:\Dr. Atef Ismail\Khaled Dental\Paper2\archive (10)\Gingivitis\(2063).jpg,(2063).jpg,Gingivitis,Training
E:\Dr. Atef Ismail\Khaled Dental\Paper2\archive (10)\Mouth Ulcer\Mouth_Ulcer_0_6855.jpeg,Mouth_Ulcer_0_6855.jpeg,Mouth Ulcer,Training
E:\Dr. Atef Ismail\Khaled Dental\Paper2\archive (10)\Caries_Gingivitus\caries_0_3776.jpeg,caries_0_3776.jpeg,Caries-Gingivitis,Training
E:\Dr. Atef Ismail\Khaled Dental\Paper2\archive (10)\Calculus\(575).jpg,(575).jpg,Calculus,Training
E:\Dr. Atef Ismail\Khaled Dental\Paper2\archive (10)\Calculus\(531).jpg,(531).jpg,Calculus,Training
E:\Dr. Atef Ismail\Khaled Dental\Paper2\archive (10)\Tooth Discoloration\Tooth_Discoloration_0_2884.jpeg,Tooth_Discoloration_0_2884.jpeg,Tooth Discoloration,Training
E:\Dr. Atef Ismail\Khaled Dental\Paper2\archive (10)\Caries_Gingivitus\576.jpg,576.jpg,Caries-Gingivitis,Training
E:\Dr. Atef Ismail\Khaled Dental\Paper2\archive (10)\Mouth Ulcer\Mouth_Ulcer_0_5240.jpeg,Mouth_Ulcer_0_5240.jpeg,Mouth Ulcer,Training
E:\Dr. Atef Ismail\Khaled Dental\Paper2\archive (10)\Calculus\(760).jpg,(760).jpg,Calculus,Training
E:\Dr. Atef Ismail\Khaled Dental\Paper2\archive (10)\Calculus\(321).jpg,(321).jpg,Calculus,Training
E:\Dr. Atef Ismail\Khaled Dental\Paper2\archive (10)\Caries_Gingivitus\164.jpg,164.jpg,Caries-Gingivitis,Training
E:\Dr. Atef Ismail\Khaled Dental\Paper2\archive (10)\Mouth Ulcer\Mouth_Ulcer_0_5857.jpeg,Mouth_Ulcer_0_5857.jpeg,Mouth Ulcer,Training
E:\Dr. Atef Ismail\Khaled Dental\Paper2\archive (10)\Gingivitis\(233).jpg,(233).jpg,Gingivitis,Training
E:\Dr. Atef Ismail\Khaled Dental\Paper2\archive (10)\Mouth Ulcer\Mouth_Ulcer_0_2980.jpeg,Mouth_Ulcer_0_2980.jpeg,Mouth Ulcer,Training
E:\Dr. Atef Ismail\Khaled Dental\Paper2\archive (10)\Gingivitis\(1086).jpg,(1086).jpg,Gingivitis,Training
E:\Dr. Atef Ismail\Khaled Dental\Paper2\archive (10)\Gingivitis\(1673).jpg,(1673).jpg,Gingivitis,Training
E:\Dr. Atef Ismail\Khaled Dental\Paper2\archive (10)\Gingivitis\(1555).jpg,(1555).jpg,Gingivitis,Training
E:\Dr. Atef Ismail\Khaled Dental\Paper2\archive (10)\Gingivitis\(1313).jpg,(1313).jpg,Gingivitis,Training
E:\Dr. Atef Ismail\Khaled Dental\Paper2\archive (10)\Caries_Gingivitus\393.jpg,393.jpg,Caries-Gingivitis,Training
E:\Dr. Atef Ismail\Khaled Dental\Paper2\archive (10)\Gingivitis\(1600).jpg,(1600).jpg,Gingivitis,Training
E:\Dr. Atef Ismail\Khaled Dental\Paper2\archive (10)\hypodontia\(1015).JPG,(1015).JPG,Hypodontia,Training
E:\Dr. Atef Ismail\Khaled Dental\Paper2\archive (10)\hypodontia\(734).JPG,(734).JPG,Hypodontia,Training
E:\Dr. Atef Ismail\Khaled Dental\Paper2\archive (10)\hypodontia\(390).jpg,(390).jpg,Hypodontia,Training
E:\Dr. Atef Ismail\Khaled Dental\Paper2\archive (10)\Gingivitis\(1793).jpg,(1793).jpg,Gingivitis,Training
E:\Dr. Atef Ismail\Khaled Dental\Paper2\archive (10)\Gingivitis\(1069).jpg,(1069).jpg,Gingivitis,Training
E:\Dr. Atef Ismail\Khaled Dental\Paper2\archive (10)\Caries_Gingivitus\186.jpg,186.jpg,Caries-Gingivitis,Training
E:\Dr. Atef Ismail\Khaled Dental\Paper2\archive (10)\Tooth Discoloration\Tooth_Discoloration_0_7209.jpeg,Tooth_Discoloration_0_7209.jpeg,Tooth Discoloration,Training
E:\Dr. Atef Ismail\Khaled Dental\Paper2\archive (10)\Calculus\(392).jpg,(392).jpg,Calculus,Training
E:\Dr. Atef Ismail\Khaled Dental\Paper2\archive (10)\Mouth Ulcer\Mouth_Ulcer_0_3229.jpeg,Mouth_Ulcer_0_3229.jpeg,Mouth Ulcer,Training
E:\Dr. Atef Ismail\Khaled Dental\Paper2\archive (10)\Caries_Gingivitus\caries_0_4562.jpeg,caries_0_4562.jpeg,Caries-Gingivitis,Training
E:\Dr. Atef Ismail\Khaled Dental\Paper2\archive (10)\Caries_Gingivitus\184.jpg,184.jpg,Caries-Gingivitis,Training
E:\Dr. Atef Ismail\Khaled Dental\Paper2\archive (10)\Gingivitis\(1923).jpg,(1923).jpg,Gingivitis,Training
E:\Dr. Atef Ismail\Khaled Dental\Paper2\archive (10)\hypodontia\(1203).JPG,(1203).JPG,Hypodontia,Training
E:\Dr. Atef Ismail\Khaled Dental\Paper2\archive (10)\Tooth Discoloration\Tooth_Discoloration_0_8224.jpeg,Tooth_Discoloration_0_8224.jpeg,Tooth Discoloration,Training
E:\Dr. Atef Ismail\Khaled Dental\Paper2\archive (10)\Tooth Discoloration\Tooth_Discoloration_0_2758.jpeg,Tooth_Discoloration_0_2758.jpeg,Tooth Discoloration,Training
E:\Dr. Atef Ismail\Khaled Dental\Paper2\archive (10)\Tooth Discoloration\Tooth_Discoloration_0_7636.jpeg,Tooth_Discoloration_0_7636.jpeg,Tooth Discoloration,Training
E:\Dr. Atef Ismail\Khaled Dental\Paper2\archive (10)\Caries_Gingivitus\caries_0_3483.jpeg,caries_0_3483.jpeg,Caries-Gingivitis,Training
E:\Dr. Atef Ismail\Khaled Dental\Paper2\archive (10)\Gingivitis\(583).jpg,(583).jpg,Gingivitis,Training
E:\Dr. Atef Ismail\Khaled Dental\Paper2\archive (10)\Mouth Ulcer\Mouth_Ulcer_0_1738.jpeg,Mouth_Ulcer_0_1738.jpeg,Mouth Ulcer,Training
E:\Dr. Atef Ismail\Khaled Dental\Paper2\archive (10)\Calculus\(1116).jpg,(1116).jpg,Calculus,Training
E:\Dr. Atef Ismail\Khaled Dental\Paper2\archive (10)\Gingivitis\(704).jpg,(704).jpg,Gingivitis,Training
E:\Dr. Atef Ismail\Khaled Dental\Paper2\archive (10)\Gingivitis\(181).jpg,(181).jpg,Gingivitis,Training
E:\Dr. Atef Ismail\Khaled Dental\Paper2\archive (10)\Tooth Discoloration\Tooth_Discoloration_0_2716.jpeg,Tooth_Discoloration_0_2716.jpeg,Tooth Discoloration,Training
E:\Dr. Atef Ismail\Khaled Dental\Paper2\archive (10)\Mouth Ulcer\Mouth_Ulcer_0_3635.jpeg,Mouth_Ulcer_0_3635.jpeg,Mouth Ulcer,Training
E:\Dr. Atef Ismail\Khaled Dental\Paper2\archive (10)\Gingivitis\(2308).jpg,(2308).jpg,Gingivitis,Training
E:\Dr. Atef Ismail\Khaled Dental\Paper2\archive (10)\hypodontia\(918).JPG,(918).JPG,Hypodontia,Training
E:\Dr. Atef Ismail\Khaled Dental\Paper2\archive (10)\Calculus\(1104).jpg,(1104).jpg,Calculus,Training
E:\Dr. Atef Ismail\Khaled Dental\Paper2\archive (10)\Mouth Ulcer\Mouth_Ulcer_0_9023.jpeg,Mouth_Ulcer_0_9023.jpeg,Mouth Ulcer,Training
E:\Dr. Atef Ismail\Khaled Dental\Paper2\archive (10)\Calculus\(1125).jpg,(1125).jpg,Calculus,Training
E:\Dr. Atef Ismail\Khaled Dental\Paper2\archive (10)\Calculus\(816).jpg,(816).jpg,Calculus,Training
E:\Dr. Atef Ismail\Khaled Dental\Paper2\archive (10)\Tooth Discoloration\Tooth_Discoloration_0_5921.jpeg,Tooth_Discoloration_0_5921.jpeg,Tooth Discoloration,Training
E:\Dr. Atef Ismail\Khaled Dental\Paper2\archive (10)\Caries_Gingivitus\612.jpg,612.jpg,Caries-Gingivitis,Training
E:\Dr. Atef Ismail\Khaled Dental\Paper2\archive (10)\Mouth Ulcer\Mouth_Ulcer_0_1195.jpeg,Mouth_Ulcer_0_1195.jpeg,Mouth Ulcer,Training
E:\Dr. Atef Ismail\Khaled Dental\Paper2\archive (10)\Caries_Gingivitus\(14).jpg,(14).jpg,Caries-Gingivitis,Training
E:\Dr. Atef Ismail\Khaled Dental\Paper2\archive (10)\Mouth Ulcer\Mouth_Ulcer_0_2540.jpeg,Mouth_Ulcer_0_2540.jpeg,Mouth Ulcer,Training
E:\Dr. Atef Ismail\Khaled Dental\Paper2\archive (10)\Tooth Discoloration\Tooth_Discoloration_0_6842.jpeg,Tooth_Discoloration_0_6842.jpeg,Tooth Discoloration,Training
E:\Dr. Atef Ismail\Khaled Dental\Paper2\archive (10)\Gingivitis\(2066).jpg,(2066).jpg,Gingivitis,Training
E:\Dr. Atef Ismail\Khaled Dental\Paper2\archive (10)\hypodontia\(449).JPG,(449).JPG,Hypodontia,Training
E:\Dr. Atef Ismail\Khaled Dental\Paper2\archive (10)\Mouth Ulcer\Mouth_Ulcer_0_9392.jpeg,Mouth_Ulcer_0_9392.jpeg,Mouth Ulcer,Training
E:\Dr. Atef Ismail\Khaled Dental\Paper2\archive (10)\Caries_Gingivitus\(156).jpg,(156).jpg,Caries-Gingivitis,Training
E:\Dr. Atef Ismail\Khaled Dental\Paper2\archive (10)\Calculus\(196).jpg,(196).jpg,Calculus,Training
E:\Dr. Atef Ismail\Khaled Dental\Paper2\archive (10)\Gingivitis\(413).jpg,(413).jpg,Gingivitis,Training
E:\Dr. Atef Ismail\Khaled Dental\Paper2\archive (10)\Gingivitis\(1029).jpg,(1029).jpg,Gingivitis,Training
E:\Dr. Atef Ismail\Khaled Dental\Paper2\archive (10)\Gingivitis\(1575).jpg,(1575).jpg,Gingivitis,Training
E:\Dr. Atef Ismail\Khaled Dental\Paper2\archive (10)\Gingivitis\(2106).jpg,(2106).jpg,Gingivitis,Training
E:\Dr. Atef Ismail\Khaled Dental\Paper2\archive (10)\Mouth Ulcer\Mouth_Ulcer_0_673.jpeg,Mouth_Ulcer_0_673.jpeg,Mouth Ulcer,Training
E:\Dr. Atef Ismail\Khaled Dental\Paper2\archive (10)\Caries_Gingivitus\caries_0_5016.jpeg,caries_0_5016.jpeg,Caries-Gingivitis,Training
E:\Dr. Atef Ismail\Khaled Dental\Paper2\archive (10)\Gingivitis\(1612).jpg,(1612).jpg,Gingivitis,Training
E:\Dr. Atef Ismail\Khaled Dental\Paper2\archive (10)\Calculus\(949).jpg,(949).jpg,Calculus,Training
E:\Dr. Atef Ismail\Khaled Dental\Paper2\archive (10)\Mouth Ulcer\Mouth_Ulcer_0_7593.jpeg,Mouth_Ulcer_0_7593.jpeg,Mouth Ulcer,Training
E:\Dr. Atef Ismail\Khaled Dental\Paper2\archive (10)\Calculus\(554).jpg,(554).jpg,Calculus,Training
E:\Dr. Atef Ismail\Khaled Dental\Paper2\archive (10)\Mouth Ulcer\Mouth_Ulcer_0_8695.jpeg,Mouth_Ulcer_0_8695.jpeg,Mouth Ulcer,Training
E:\Dr. Atef Ismail\Khaled Dental\Paper2\archive (10)\Caries_Gingivitus\caries_0_3749.jpeg,caries_0_3749.jpeg,Caries-Gingivitis,Training
E:\Dr. Atef Ismail\Khaled Dental\Paper2\archive (10)\hypodontia\(978).JPG,(978).JPG,Hypodontia,Training
E:\Dr. Atef Ismail\Khaled Dental\Paper2\archive (10)\Mouth Ulcer\Mouth_Ulcer_0_3899.jpeg,Mouth_Ulcer_0_3899.jpeg,Mouth Ulcer,Training
E:\Dr. Atef Ismail\Khaled Dental\Paper2\archive (10)\hypodontia\(359).jpg,(359).jpg,Hypodontia,Training
E:\Dr. Atef Ismail\Khaled Dental\Paper2\archive (10)\Tooth Discoloration\Tooth_Discoloration_0_8635.jpeg,Tooth_Discoloration_0_8635.jpeg,Tooth Discoloration,Training
E:\Dr. Atef Ismail\Khaled Dental\Paper2\archive (10)\Mouth Ulcer\Mouth_Ulcer_0_2106.jpeg,Mouth_Ulcer_0_2106.jpeg,Mouth Ulcer,Training
E:\Dr. Atef Ismail\Khaled Dental\Paper2\archive (10)\Tooth Discoloration\Tooth_Discoloration_0_2707.jpeg,Tooth_Discoloration_0_2707.jpeg,Tooth Discoloration,Training
E:\Dr. Atef Ismail\Khaled Dental\Paper2\archive (10)\hypodontia\(242).JPG,(242).JPG,Hypodontia,Training
E:\Dr. Atef Ismail\Khaled Dental\Paper2\archive (10)\Gingivitis\(777).jpg,(777).jpg,Gingivitis,Training
E:\Dr. Atef Ismail\Khaled Dental\Paper2\archive (10)\hypodontia\(153).JPG,(153).JPG,Hypodontia,Training
E:\Dr. Atef Ismail\Khaled Dental\Paper2\archive (10)\Caries_Gingivitus\(204).jpg,(204).jpg,Caries-Gingivitis,Training
E:\Dr. Atef Ismail\Khaled Dental\Paper2\archive (10)\Calculus\(399).jpg,(399).jpg,Calculus,Training
E:\Dr. Atef Ismail\Khaled Dental\Paper2\archive (10)\Mouth Ulcer\Mouth_Ulcer_0_5370.jpeg,Mouth_Ulcer_0_5370.jpeg,Mouth Ulcer,Training
E:\Dr. Atef Ismail\Khaled Dental\Paper2\archive (10)\Caries_Gingivitus\caries_0_154.jpeg,caries_0_154.jpeg,Caries-Gingivitis,Training
E:\Dr. Atef Ismail\Khaled Dental\Paper2\archive (10)\Tooth Discoloration\Tooth_Discoloration_0_757.jpeg,Tooth_Discoloration_0_757.jpeg,Tooth Discoloration,Training
E:\Dr. Atef Ismail\Khaled Dental\Paper2\archive (10)\Caries_Gingivitus\(83).jpg,(83).jpg,Caries-Gingivitis,Training
E:\Dr. Atef Ismail\Khaled Dental\Paper2\archive (10)\Calculus\(1259).jpg,(1259).jpg,Calculus,Training
E:\Dr. Atef Ismail\Khaled Dental\Paper2\archive (10)\hypodontia\(1110).jpg,(1110).jpg,Hypodontia,Training
E:\Dr. Atef Ismail\Khaled Dental\Paper2\archive (10)\Gingivitis\(1152).jpg,(1152).jpg,Gingivitis,Training
E:\Dr. Atef Ismail\Khaled Dental\Paper2\archive (10)\Tooth Discoloration\Tooth_Discoloration_0_3442.jpeg,Tooth_Discoloration_0_3442.jpeg,Tooth Discoloration,Training
E:\Dr. Atef Ismail\Khaled Dental\Paper2\archive (10)\Calculus\(540).jpg,(540).jpg,Calculus,Training
E:\Dr. Atef Ismail\Khaled Dental\Paper2\archive (10)\Tooth Discoloration\Tooth_Discoloration_0_8303.jpeg,Tooth_Discoloration_0_8303.jpeg,Tooth Discoloration,Training
E:\Dr. Atef Ismail\Khaled Dental\Paper2\archive (10)\Tooth Discoloration\Tooth_Discoloration_0_3039.jpeg,Tooth_Discoloration_0_3039.jpeg,Tooth Discoloration,Training
E:\Dr. Atef Ismail\Khaled Dental\Paper2\archive (10)\Mouth Ulcer\Mouth_Ulcer_0_9957.jpeg,Mouth_Ulcer_0_9957.jpeg,Mouth Ulcer,Training
E:\Dr. Atef Ismail\Khaled Dental\Paper2\archive (10)\Tooth Discoloration\Tooth_Discoloration_0_9203.jpeg,Tooth_Discoloration_0_9203.jpeg,Tooth Discoloration,Training
E:\Dr. Atef Ismail\Khaled Dental\Paper2\archive (10)\Calculus\(961).jpg,(961).jpg,Calculus,Training
E:\Dr. Atef Ismail\Khaled Dental\Paper2\archive (10)\Mouth Ulcer\Mouth_Ulcer_0_9486.jpeg,Mouth_Ulcer_0_9486.jpeg,Mouth Ulcer,Training
E:\Dr. Atef Ismail\Khaled Dental\Paper2\archive (10)\Gingivitis\(1444).jpg,(1444).jpg,Gingivitis,Training
E:\Dr. Atef Ismail\Khaled Dental\Paper2\archive (10)\Tooth Discoloration\Tooth_Discoloration_0_1268.jpeg,Tooth_Discoloration_0_1268.jpeg,Tooth Discoloration,Training
E:\Dr. Atef Ismail\Khaled Dental\Paper2\archive (10)\Tooth Discoloration\Tooth_Discoloration_0_748.jpeg,Tooth_Discoloration_0_748.jpeg,Tooth Discoloration,Training
E:\Dr. Atef Ismail\Khaled Dental\Paper2\archive (10)\Tooth Discoloration\Tooth_Discoloration_0_1784.jpeg,Tooth_Discoloration_0_1784.jpeg,Tooth Discoloration,Training
E:\Dr. Atef Ismail\Khaled Dental\Paper2\archive (10)\Gingivitis\(1298).jpg,(1298).jpg,Gingivitis,Training
E:\Dr. Atef Ismail\Khaled Dental\Paper2\archive (10)\Tooth Discoloration\Tooth_Discoloration_0_6057.jpeg,Tooth_Discoloration_0_6057.jpeg,Tooth Discoloration,Training
E:\Dr. Atef Ismail\Khaled Dental\Paper2\archive (10)\Tooth Discoloration\Tooth_Discoloration_0_606.jpeg,Tooth_Discoloration_0_606.jpeg,Tooth Discoloration,Training
E:\Dr. Atef Ismail\Khaled Dental\Paper2\archive (10)\Gingivitis\(1773).jpg,(1773).jpg,Gingivitis,Training
E:\Dr. Atef Ismail\Khaled Dental\Paper2\archive (10)\Tooth Discoloration\Tooth_Discoloration_0_4883.jpeg,Tooth_Discoloration_0_4883.jpeg,Tooth Discoloration,Training
E:\Dr. Atef Ismail\Khaled Dental\Paper2\archive (10)\Gingivitis\(2317).jpg,(2317).jpg,Gingivitis,Training
E:\Dr. Atef Ismail\Khaled Dental\Paper2\archive (10)\Tooth Discoloration\Tooth_Discoloration_0_4216.jpeg,Tooth_Discoloration_0_4216.jpeg,Tooth Discoloration,Training
E:\Dr. Atef Ismail\Khaled Dental\Paper2\archive (10)\Mouth Ulcer\Mouth_Ulcer_0_424.jpeg,Mouth_Ulcer_0_424.jpeg,Mouth Ulcer,Training
E:\Dr. Atef Ismail\Khaled Dental\Paper2\archive (10)\Tooth Discoloration\Tooth_Discoloration_0_8987.jpeg,Tooth_Discoloration_0_8987.jpeg,Tooth Discoloration,Training
E:\Dr. Atef Ismail\Khaled Dental\Paper2\archive (10)\Gingivitis\(411).jpg,(411).jpg,Gingivitis,Training
E:\Dr. Atef Ismail\Khaled Dental\Paper2\archive (10)\Calculus\(348).jpg,(348).jpg,Calculus,Training
E:\Dr. Atef Ismail\Khaled Dental\Paper2\archive (10)\Caries_Gingivitus\(198).jpg,(198).jpg,Caries-Gingivitis,Training
E:\Dr. Atef Ismail\Khaled Dental\Paper2\archive (10)\Tooth Discoloration\Tooth_Discoloration_0_4144.jpeg,Tooth_Discoloration_0_4144.jpeg,Tooth Discoloration,Training
E:\Dr. Atef Ismail\Khaled Dental\Paper2\archive (10)\Tooth Discoloration\Tooth_Discoloration_0_9459.jpeg,Tooth_Discoloration_0_9459.jpeg,Tooth Discoloration,Training
E:\Dr. Atef Ismail\Khaled Dental\Paper2\archive (10)\Tooth Discoloration\Tooth_Discoloration_0_122.jpeg,Tooth_Discoloration_0_122.jpeg,Tooth Discoloration,Training
E:\Dr. Atef Ismail\Khaled Dental\Paper2\archive (10)\Tooth Discoloration\Tooth_Discoloration_0_1619.jpeg,Tooth_Discoloration_0_1619.jpeg,Tooth Discoloration,Training
E:\Dr. Atef Ismail\Khaled Dental\Paper2\archive (10)\hypodontia\(700).JPG,(700).JPG,Hypodontia,Training
E:\Dr. Atef Ismail\Khaled Dental\Paper2\archive (10)\Caries_Gingivitus\202.jpg,202.jpg,Caries-Gingivitis,Training
E:\Dr. Atef Ismail\Khaled Dental\Paper2\archive (10)\Calculus\(322).jpg,(322).jpg,Calculus,Training
E:\Dr. Atef Ismail\Khaled Dental\Paper2\archive (10)\Mouth Ulcer\Mouth_Ulcer_0_5702.jpeg,Mouth_Ulcer_0_5702.jpeg,Mouth Ulcer,Training
E:\Dr. Atef Ismail\Khaled Dental\Paper2\archive (10)\Mouth Ulcer\Mouth_Ulcer_0_2177.jpeg,Mouth_Ulcer_0_2177.jpeg,Mouth Ulcer,Training
E:\Dr. Atef Ismail\Khaled Dental\Paper2\archive (10)\Tooth Discoloration\Tooth_Discoloration_0_5774.jpeg,Tooth_Discoloration_0_5774.jpeg,Tooth Discoloration,Training
E:\Dr. Atef Ismail\Khaled Dental\Paper2\archive (10)\Tooth Discoloration\Tooth_Discoloration_0_7442.jpeg,Tooth_Discoloration_0_7442.jpeg,Tooth Discoloration,Training
E:\Dr. Atef Ismail\Khaled Dental\Paper2\archive (10)\Tooth Discoloration\Tooth_Discoloration_0_5819.jpeg,Tooth_Discoloration_0_5819.jpeg,Tooth Discoloration,Training
E:\Dr. Atef Ismail\Khaled Dental\Paper2\archive (10)\hypodontia\(393).JPG,(393).JPG,Hypodontia,Training
E:\Dr. Atef Ismail\Khaled Dental\Paper2\archive (10)\Calculus\(922).jpg,(922).jpg,Calculus,Training
E:\Dr. Atef Ismail\Khaled Dental\Paper2\archive (10)\Tooth Discoloration\Tooth_Discoloration_0_5398.jpeg,Tooth_Discoloration_0_5398.jpeg,Tooth Discoloration,Training
E:\Dr. Atef Ismail\Khaled Dental\Paper2\archive (10)\Caries_Gingivitus\caries_0_4881.jpeg,caries_0_4881.jpeg,Caries-Gingivitis,Training
E:\Dr. Atef Ismail\Khaled Dental\Paper2\archive (10)\hypodontia\(356).JPG,(356).JPG,Hypodontia,Training
E:\Dr. Atef Ismail\Khaled Dental\Paper2\archive (10)\Tooth Discoloration\Tooth_Discoloration_0_1008.jpeg,Tooth_Discoloration_0_1008.jpeg,Tooth Discoloration,Training
E:\Dr. Atef Ismail\Khaled Dental\Paper2\archive (10)\Mouth Ulcer\Mouth_Ulcer_0_3892.jpeg,Mouth_Ulcer_0_3892.jpeg,Mouth Ulcer,Training
E:\Dr. Atef Ismail\Khaled Dental\Paper2\archive (10)\Mouth Ulcer\Mouth_Ulcer_0_3096.jpeg,Mouth_Ulcer_0_3096.jpeg,Mouth Ulcer,Training
E:\Dr. Atef Ismail\Khaled Dental\Paper2\archive (10)\hypodontia\(80).JPG,(80).JPG,Hypodontia,Training
E:\Dr. Atef Ismail\Khaled Dental\Paper2\archive (10)\Mouth Ulcer\Mouth_Ulcer_0_3015.jpeg,Mouth_Ulcer_0_3015.jpeg,Mouth Ulcer,Training
E:\Dr. Atef Ismail\Khaled Dental\Paper2\archive (10)\Gingivitis\(579).jpg,(579).jpg,Gingivitis,Training
E:\Dr. Atef Ismail\Khaled Dental\Paper2\archive (10)\Calculus\(1232).jpg,(1232).jpg,Calculus,Training
E:\Dr. Atef Ismail\Khaled Dental\Paper2\archive (10)\Gingivitis\(1593).jpg,(1593).jpg,Gingivitis,Training
E:\Dr. Atef Ismail\Khaled Dental\Paper2\archive (10)\Gingivitis\(1590).jpg,(1590).jpg,Gingivitis,Training
E:\Dr. Atef Ismail\Khaled Dental\Paper2\archive (10)\Mouth Ulcer\Mouth_Ulcer_0_3838.jpeg,Mouth_Ulcer_0_3838.jpeg,Mouth Ulcer,Training
E:\Dr. Atef Ismail\Khaled Dental\Paper2\archive (10)\hypodontia\(890).JPG,(890).JPG,Hypodontia,Training
E:\Dr. Atef Ismail\Khaled Dental\Paper2\archive (10)\Caries_Gingivitus\231.jpg,231.jpg,Caries-Gingivitis,Training
E:\Dr. Atef Ismail\Khaled Dental\Paper2\archive (10)\Tooth Discoloration\Tooth_Discoloration_0_2462.jpeg,Tooth_Discoloration_0_2462.jpeg,Tooth Discoloration,Training
E:\Dr. Atef Ismail\Khaled Dental\Paper2\archive (10)\Gingivitis\(1307).jpg,(1307).jpg,Gingivitis,Training
E:\Dr. Atef Ismail\Khaled Dental\Paper2\archive (10)\Gingivitis\(2214).jpg,(2214).jpg,Gingivitis,Training
E:\Dr. Atef Ismail\Khaled Dental\Paper2\archive (10)\Tooth Discoloration\Tooth_Discoloration_0_98.jpeg,Tooth_Discoloration_0_98.jpeg,Tooth Discoloration,Training
E:\Dr. Atef Ismail\Khaled Dental\Paper2\archive (10)\Tooth Discoloration\Tooth_Discoloration_0_1351.jpeg,Tooth_Discoloration_0_1351.jpeg,Tooth Discoloration,Training
E:\Dr. Atef Ismail\Khaled Dental\Paper2\archive (10)\Mouth Ulcer\Mouth_Ulcer_0_2812.jpeg,Mouth_Ulcer_0_2812.jpeg,Mouth Ulcer,Training
E:\Dr. Atef Ismail\Khaled Dental\Paper2\archive (10)\Mouth Ulcer\Mouth_Ulcer_0_1416.jpeg,Mouth_Ulcer_0_1416.jpeg,Mouth Ulcer,Training
E:\Dr. Atef Ismail\Khaled Dental\Paper2\archive (10)\Calculus\(523).jpg,(523).jpg,Calculus,Training
E:\Dr. Atef Ismail\Khaled Dental\Paper2\archive (10)\Gingivitis\(1533).jpg,(1533).jpg,Gingivitis,Training
E:\Dr. Atef Ismail\Khaled Dental\Paper2\archive (10)\hypodontia\(31).JPG,(31).JPG,Hypodontia,Training
E:\Dr. Atef Ismail\Khaled Dental\Paper2\archive (10)\Gingivitis\(1888).jpg,(1888).jpg,Gingivitis,Training
E:\Dr. Atef Ismail\Khaled Dental\Paper2\archive (10)\Mouth Ulcer\Mouth_Ulcer_0_5200.jpeg,Mouth_Ulcer_0_5200.jpeg,Mouth Ulcer,Training
E:\Dr. Atef Ismail\Khaled Dental\Paper2\archive (10)\Caries_Gingivitus\(13).jpg,(13).jpg,Caries-Gingivitis,Training
E:\Dr. Atef Ismail\Khaled Dental\Paper2\archive (10)\Mouth Ulcer\Mouth_Ulcer_0_928.jpeg,Mouth_Ulcer_0_928.jpeg,Mouth Ulcer,Training
E:\Dr. Atef Ismail\Khaled Dental\Paper2\archive (10)\Caries_Gingivitus\102.jpg,102.jpg,Caries-Gingivitis,Training
E:\Dr. Atef Ismail\Khaled Dental\Paper2\archive (10)\Calculus\(938).jpg,(938).jpg,Calculus,Training
E:\Dr. Atef Ismail\Khaled Dental\Paper2\archive (10)\Gingivitis\(397).jpg,(397).jpg,Gingivitis,Training
E:\Dr. Atef Ismail\Khaled Dental\Paper2\archive (10)\Tooth Discoloration\Tooth_Discoloration_0_6858.jpeg,Tooth_Discoloration_0_6858.jpeg,Tooth Discoloration,Training
E:\Dr. Atef Ismail\Khaled Dental\Paper2\archive (10)\Tooth Discoloration\Tooth_Discoloration_0_3839.jpeg,Tooth_Discoloration_0_3839.jpeg,Tooth Discoloration,Training
E:\Dr. Atef Ismail\Khaled Dental\Paper2\archive (10)\Mouth Ulcer\Mouth_Ulcer_0_9116.jpeg,Mouth_Ulcer_0_9116.jpeg,Mouth Ulcer,Training
E:\Dr. Atef Ismail\Khaled Dental\Paper2\archive (10)\Tooth Discoloration\Tooth_Discoloration_0_1788.jpeg,Tooth_Discoloration_0_1788.jpeg,Tooth Discoloration,Training
E:\Dr. Atef Ismail\Khaled Dental\Paper2\archive (10)\Gingivitis\(105).jpg,(105).jpg,Gingivitis,Training
E:\Dr. Atef Ismail\Khaled Dental\Paper2\archive (10)\Mouth Ulcer\Mouth_Ulcer_0_4550.jpeg,Mouth_Ulcer_0_4550.jpeg,Mouth Ulcer,Training
E:\Dr. Atef Ismail\Khaled Dental\Paper2\archive (10)\Gingivitis\(167).jpg,(167).jpg,Gingivitis,Training
E:\Dr. Atef Ismail\Khaled Dental\Paper2\archive (10)\Caries_Gingivitus\(54).jpg,(54).jpg,Caries-Gingivitis,Training
E:\Dr. Atef Ismail\Khaled Dental\Paper2\archive (10)\Mouth Ulcer\Mouth_Ulcer_0_7431.jpeg,Mouth_Ulcer_0_7431.jpeg,Mouth Ulcer,Training
E:\Dr. Atef Ismail\Khaled Dental\Paper2\archive (10)\Tooth Discoloration\Tooth_Discoloration_0_1806.jpeg,Tooth_Discoloration_0_1806.jpeg,Tooth Discoloration,Training
E:\Dr. Atef Ismail\Khaled Dental\Paper2\archive (10)\Gingivitis\(312).jpg,(312).jpg,Gingivitis,Training
E:\Dr. Atef Ismail\Khaled Dental\Paper2\archive (10)\hypodontia\(751).JPG,(751).JPG,Hypodontia,Training
E:\Dr. Atef Ismail\Khaled Dental\Paper2\archive (10)\hypodontia\(639).JPG,(639).JPG,Hypodontia,Training
E:\Dr. Atef Ismail\Khaled Dental\Paper2\archive (10)\Gingivitis\(1899).jpg,(1899).jpg,Gingivitis,Training
E:\Dr. Atef Ismail\Khaled Dental\Paper2\archive (10)\Mouth Ulcer\Mouth_Ulcer_0_3878.jpeg,Mouth_Ulcer_0_3878.jpeg,Mouth Ulcer,Training
E:\Dr. Atef Ismail\Khaled Dental\Paper2\archive (10)\Calculus\(678).jpg,(678).jpg,Calculus,Training
E:\Dr. Atef Ismail\Khaled Dental\Paper2\archive (10)\Tooth Discoloration\Tooth_Discoloration_0_5585.jpeg,Tooth_Discoloration_0_5585.jpeg,Tooth Discoloration,Training
E:\Dr. Atef Ismail\Khaled Dental\Paper2\archive (10)\Gingivitis\(995).jpg,(995).jpg,Gingivitis,Training
E:\Dr. Atef Ismail\Khaled Dental\Paper2\archive (10)\Tooth Discoloration\Tooth_Discoloration_0_4653.jpeg,Tooth_Discoloration_0_4653.jpeg,Tooth Discoloration,Training
E:\Dr. Atef Ismail\Khaled Dental\Paper2\archive (10)\hypodontia\(638).JPG,(638).JPG,Hypodontia,Training
E:\Dr. Atef Ismail\Khaled Dental\Paper2\archive (10)\Tooth Discoloration\Tooth_Discoloration_0_9738.jpeg,Tooth_Discoloration_0_9738.jpeg,Tooth Discoloration,Training
E:\Dr. Atef Ismail\Khaled Dental\Paper2\archive (10)\Mouth Ulcer\Mouth_Ulcer_0_1917.jpeg,Mouth_Ulcer_0_1917.jpeg,Mouth Ulcer,Training
E:\Dr. Atef Ismail\Khaled Dental\Paper2\archive (10)\Calculus\(154).jpg,(154).jpg,Calculus,Training
E:\Dr. Atef Ismail\Khaled Dental\Paper2\archive (10)\Gingivitis\(1708).jpg,(1708).jpg,Gingivitis,Training
E:\Dr. Atef Ismail\Khaled Dental\Paper2\archive (10)\Caries_Gingivitus\604.jpg,604.jpg,Caries-Gingivitis,Training
E:\Dr. Atef Ismail\Khaled Dental\Paper2\archive (10)\Gingivitis\(2164).jpg,(2164).jpg,Gingivitis,Training
E:\Dr. Atef Ismail\Khaled Dental\Paper2\archive (10)\Gingivitis\(1502).jpg,(1502).jpg,Gingivitis,Training
E:\Dr. Atef Ismail\Khaled Dental\Paper2\archive (10)\Calculus\(1136).jpg,(1136).jpg,Calculus,Training
E:\Dr. Atef Ismail\Khaled Dental\Paper2\archive (10)\Gingivitis\(1384).jpg,(1384).jpg,Gingivitis,Training
E:\Dr. Atef Ismail\Khaled Dental\Paper2\archive (10)\Calculus\(912).jpg,(912).jpg,Calculus,Training
E:\Dr. Atef Ismail\Khaled Dental\Paper2\archive (10)\Calculus\(446).jpg,(446).jpg,Calculus,Training
E:\Dr. Atef Ismail\Khaled Dental\Paper2\archive (10)\Mouth Ulcer\Mouth_Ulcer_0_6615.jpeg,Mouth_Ulcer_0_6615.jpeg,Mouth Ulcer,Training
E:\Dr. Atef Ismail\Khaled Dental\Paper2\archive (10)\Mouth Ulcer\Mouth_Ulcer_0_7931.jpeg,Mouth_Ulcer_0_7931.jpeg,Mouth Ulcer,Training
E:\Dr. Atef Ismail\Khaled Dental\Paper2\archive (10)\Calculus\(510).jpg,(510).jpg,Calculus,Training
E:\Dr. Atef Ismail\Khaled Dental\Paper2\archive (10)\Mouth Ulcer\Mouth_Ulcer_0_5163.jpeg,Mouth_Ulcer_0_5163.jpeg,Mouth Ulcer,Training
E:\Dr. Atef Ismail\Khaled Dental\Paper2\archive (10)\Mouth Ulcer\Mouth_Ulcer_0_3277.jpeg,Mouth_Ulcer_0_3277.jpeg,Mouth Ulcer,Training
E:\Dr. Atef Ismail\Khaled Dental\Paper2\archive (10)\hypodontia\(169).JPG,(169).JPG,Hypodontia,Training
E:\Dr. Atef Ismail\Khaled Dental\Paper2\archive (10)\Calculus\(805).jpg,(805).jpg,Calculus,Training
E:\Dr. Atef Ismail\Khaled Dental\Paper2\archive (10)\Caries_Gingivitus\151.jpg,151.jpg,Caries-Gingivitis,Training
E:\Dr. Atef Ismail\Khaled Dental\Paper2\archive (10)\Tooth Discoloration\Tooth_Discoloration_0_3404.jpeg,Tooth_Discoloration_0_3404.jpeg,Tooth Discoloration,Training
E:\Dr. Atef Ismail\Khaled Dental\Paper2\archive (10)\Gingivitis\(1177).jpg,(1177).jpg,Gingivitis,Training
E:\Dr. Atef Ismail\Khaled Dental\Paper2\archive (10)\Gingivitis\(640).jpg,(640).jpg,Gingivitis,Training
E:\Dr. Atef Ismail\Khaled Dental\Paper2\archive (10)\Tooth Discoloration\Tooth_Discoloration_0_2197.jpeg,Tooth_Discoloration_0_2197.jpeg,Tooth Discoloration,Training
E:\Dr. Atef Ismail\Khaled Dental\Paper2\archive (10)\Tooth Discoloration\Tooth_Discoloration_0_3573.jpeg,Tooth_Discoloration_0_3573.jpeg,Tooth Discoloration,Training
E:\Dr. Atef Ismail\Khaled Dental\Paper2\archive (10)\Mouth Ulcer\Mouth_Ulcer_0_7511.jpeg,Mouth_Ulcer_0_7511.jpeg,Mouth Ulcer,Training
E:\Dr. Atef Ismail\Khaled Dental\Paper2\archive (10)\Tooth Discoloration\Tooth_Discoloration_0_3277.jpeg,Tooth_Discoloration_0_3277.jpeg,Tooth Discoloration,Training
E:\Dr. Atef Ismail\Khaled Dental\Paper2\archive (10)\Mouth Ulcer\Mouth_Ulcer_0_1261.jpeg,Mouth_Ulcer_0_1261.jpeg,Mouth Ulcer,Training
E:\Dr. Atef Ismail\Khaled Dental\Paper2\archive (10)\Gingivitis\(613).jpg,(613).jpg,Gingivitis,Training
E:\Dr. Atef Ismail\Khaled Dental\Paper2\archive (10)\Calculus\(896).jpg,(896).jpg,Calculus,Training
E:\Dr. Atef Ismail\Khaled Dental\Paper2\archive (10)\Gingivitis\(156).jpg,(156).jpg,Gingivitis,Training
E:\Dr. Atef Ismail\Khaled Dental\Paper2\archive (10)\Calculus\(835).jpg,(835).jpg,Calculus,Training
E:\Dr. Atef Ismail\Khaled Dental\Paper2\archive (10)\Mouth Ulcer\Mouth_Ulcer_0_5037.jpeg,Mouth_Ulcer_0_5037.jpeg,Mouth Ulcer,Training
E:\Dr. Atef Ismail\Khaled Dental\Paper2\archive (10)\Tooth Discoloration\Tooth_Discoloration_0_4450.jpeg,Tooth_Discoloration_0_4450.jpeg,Tooth Discoloration,Training
E:\Dr. Atef Ismail\Khaled Dental\Paper2\archive (10)\Gingivitis\(2061).jpg,(2061).jpg,Gingivitis,Training
E:\Dr. Atef Ismail\Khaled Dental\Paper2\archive (10)\Mouth Ulcer\Mouth_Ulcer_0_8938.jpeg,Mouth_Ulcer_0_8938.jpeg,Mouth Ulcer,Training
E:\Dr. Atef Ismail\Khaled Dental\Paper2\archive (10)\Mouth Ulcer\Mouth_Ulcer_0_9174.jpeg,Mouth_Ulcer_0_9174.jpeg,Mouth Ulcer,Training
E:\Dr. Atef Ismail\Khaled Dental\Paper2\archive (10)\Gingivitis\(983).jpg,(983).jpg,Gingivitis,Training
E:\Dr. Atef Ismail\Khaled Dental\Paper2\archive (10)\Caries_Gingivitus\caries_0_240.jpeg,caries_0_240.jpeg,Caries-Gingivitis,Training
E:\Dr. Atef Ismail\Khaled Dental\Paper2\archive (10)\Caries_Gingivitus\329.jpg,329.jpg,Caries-Gingivitis,Training
E:\Dr. Atef Ismail\Khaled Dental\Paper2\archive (10)\Gingivitis\(524).jpg,(524).jpg,Gingivitis,Training
E:\Dr. Atef Ismail\Khaled Dental\Paper2\archive (10)\Mouth Ulcer\Mouth_Ulcer_0_9449.jpeg,Mouth_Ulcer_0_9449.jpeg,Mouth Ulcer,Training
E:\Dr. Atef Ismail\Khaled Dental\Paper2\archive (10)\Calculus\(1152).jpg,(1152).jpg,Calculus,Training
E:\Dr. Atef Ismail\Khaled Dental\Paper2\archive (10)\Gingivitis\(1387).jpg,(1387).jpg,Gingivitis,Training
E:\Dr. Atef Ismail\Khaled Dental\Paper2\archive (10)\Mouth Ulcer\Mouth_Ulcer_0_44.jpeg,Mouth_Ulcer_0_44.jpeg,Mouth Ulcer,Training
E:\Dr. Atef Ismail\Khaled Dental\Paper2\archive (10)\Mouth Ulcer\Mouth_Ulcer_0_5518.jpeg,Mouth_Ulcer_0_5518.jpeg,Mouth Ulcer,Training
E:\Dr. Atef Ismail\Khaled Dental\Paper2\archive (10)\Mouth Ulcer\Mouth_Ulcer_0_133.jpeg,Mouth_Ulcer_0_133.jpeg,Mouth Ulcer,Training
E:\Dr. Atef Ismail\Khaled Dental\Paper2\archive (10)\Calculus\(764).jpg,(764).jpg,Calculus,Training
E:\Dr. Atef Ismail\Khaled Dental\Paper2\archive (10)\Mouth Ulcer\Mouth_Ulcer_0_6034.jpeg,Mouth_Ulcer_0_6034.jpeg,Mouth Ulcer,Training
E:\Dr. Atef Ismail\Khaled Dental\Paper2\archive (10)\Tooth Discoloration\Tooth_Discoloration_0_2319.jpeg,Tooth_Discoloration_0_2319.jpeg,Tooth Discoloration,Training
E:\Dr. Atef Ismail\Khaled Dental\Paper2\archive (10)\Calculus\(361).jpg,(361).jpg,Calculus,Training
E:\Dr. Atef Ismail\Khaled Dental\Paper2\archive (10)\hypodontia\(305).JPG,(305).JPG,Hypodontia,Training
E:\Dr. Atef Ismail\Khaled Dental\Paper2\archive (10)\Gingivitis\(1787).jpg,(1787).jpg,Gingivitis,Training
E:\Dr. Atef Ismail\Khaled Dental\Paper2\archive (10)\Gingivitis\(1421).jpg,(1421).jpg,Gingivitis,Training
E:\Dr. Atef Ismail\Khaled Dental\Paper2\archive (10)\Tooth Discoloration\Tooth_Discoloration_0_6376.jpeg,Tooth_Discoloration_0_6376.jpeg,Tooth Discoloration,Training
E:\Dr. Atef Ismail\Khaled Dental\Paper2\archive (10)\Calculus\(1150).jpg,(1150).jpg,Calculus,Training
E:\Dr. Atef Ismail\Khaled Dental\Paper2\archive (10)\hypodontia\(872).JPG,(872).JPG,Hypodontia,Training
E:\Dr. Atef Ismail\Khaled Dental\Paper2\archive (10)\Gingivitis\(2116).jpg,(2116).jpg,Gingivitis,Training
E:\Dr. Atef Ismail\Khaled Dental\Paper2\archive (10)\Gingivitis\(340).jpg,(340).jpg,Gingivitis,Training
E:\Dr. Atef Ismail\Khaled Dental\Paper2\archive (10)\Mouth Ulcer\Mouth_Ulcer_0_1626.jpeg,Mouth_Ulcer_0_1626.jpeg,Mouth Ulcer,Training
E:\Dr. Atef Ismail\Khaled Dental\Paper2\archive (10)\Calculus\(865).jpg,(865).jpg,Calculus,Training
E:\Dr. Atef Ismail\Khaled Dental\Paper2\archive (10)\Mouth Ulcer\Mouth_Ulcer_0_9083.jpeg,Mouth_Ulcer_0_9083.jpeg,Mouth Ulcer,Training
E:\Dr. Atef Ismail\Khaled Dental\Paper2\archive (10)\Tooth Discoloration\Tooth_Discoloration_0_9197.jpeg,Tooth_Discoloration_0_9197.jpeg,Tooth Discoloration,Training
E:\Dr. Atef Ismail\Khaled Dental\Paper2\archive (10)\hypodontia\(351).JPG,(351).JPG,Hypodontia,Training
E:\Dr. Atef Ismail\Khaled Dental\Paper2\archive (10)\Mouth Ulcer\Mouth_Ulcer_0_4803.jpeg,Mouth_Ulcer_0_4803.jpeg,Mouth Ulcer,Training
E:\Dr. Atef Ismail\Khaled Dental\Paper2\archive (10)\Caries_Gingivitus\caries_0_4608.jpeg,caries_0_4608.jpeg,Caries-Gingivitis,Training
E:\Dr. Atef Ismail\Khaled Dental\Paper2\archive (10)\Gingivitis\(684).jpg,(684).jpg,Gingivitis,Training
E:\Dr. Atef Ismail\Khaled Dental\Paper2\archive (10)\Mouth Ulcer\Mouth_Ulcer_0_9614.jpeg,Mouth_Ulcer_0_9614.jpeg,Mouth Ulcer,Training
E:\Dr. Atef Ismail\Khaled Dental\Paper2\archive (10)\hypodontia\(213).JPG,(213).JPG,Hypodontia,Training
E:\Dr. Atef Ismail\Khaled Dental\Paper2\archive (10)\hypodontia\(485).JPG,(485).JPG,Hypodontia,Training
E:\Dr. Atef Ismail\Khaled Dental\Paper2\archive (10)\hypodontia\(1050).JPG,(1050).JPG,Hypodontia,Training
E:\Dr. Atef Ismail\Khaled Dental\Paper2\archive (10)\Mouth Ulcer\Mouth_Ulcer_0_6959.jpeg,Mouth_Ulcer_0_6959.jpeg,Mouth Ulcer,Training
E:\Dr. Atef Ismail\Khaled Dental\Paper2\archive (10)\Gingivitis\(873).jpg,(873).jpg,Gingivitis,Training
E:\Dr. Atef Ismail\Khaled Dental\Paper2\archive (10)\Calculus\(637).jpg,(637).jpg,Calculus,Training
E:\Dr. Atef Ismail\Khaled Dental\Paper2\archive (10)\hypodontia\(924).JPG,(924).JPG,Hypodontia,Training
E:\Dr. Atef Ismail\Khaled Dental\Paper2\archive (10)\Mouth Ulcer\Mouth_Ulcer_0_1018.jpeg,Mouth_Ulcer_0_1018.jpeg,Mouth Ulcer,Training
E:\Dr. Atef Ismail\Khaled Dental\Paper2\archive (10)\Calculus\(368).jpg,(368).jpg,Calculus,Training
E:\Dr. Atef Ismail\Khaled Dental\Paper2\archive (10)\Mouth Ulcer\Mouth_Ulcer_0_1907.jpeg,Mouth_Ulcer_0_1907.jpeg,Mouth Ulcer,Training
E:\Dr. Atef Ismail\Khaled Dental\Paper2\archive (10)\Caries_Gingivitus\caries_0_192.jpeg,caries_0_192.jpeg,Caries-Gingivitis,Training
E:\Dr. Atef Ismail\Khaled Dental\Paper2\archive (10)\Tooth Discoloration\Tooth_Discoloration_0_1061.jpeg,Tooth_Discoloration_0_1061.jpeg,Tooth Discoloration,Training
E:\Dr. Atef Ismail\Khaled Dental\Paper2\archive (10)\Mouth Ulcer\Mouth_Ulcer_0_4264.jpeg,Mouth_Ulcer_0_4264.jpeg,Mouth Ulcer,Training
E:\Dr. Atef Ismail\Khaled Dental\Paper2\archive (10)\Mouth Ulcer\Mouth_Ulcer_0_9155.jpeg,Mouth_Ulcer_0_9155.jpeg,Mouth Ulcer,Training
E:\Dr. Atef Ismail\Khaled Dental\Paper2\archive (10)\Tooth Discoloration\Tooth_Discoloration_0_7217.jpeg,Tooth_Discoloration_0_7217.jpeg,Tooth Discoloration,Training
E:\Dr. Atef Ismail\Khaled Dental\Paper2\archive (10)\Mouth Ulcer\Mouth_Ulcer_0_5147.jpeg,Mouth_Ulcer_0_5147.jpeg,Mouth Ulcer,Training
E:\Dr. Atef Ismail\Khaled Dental\Paper2\archive (10)\Caries_Gingivitus\225.jpg,225.jpg,Caries-Gingivitis,Training
E:\Dr. Atef Ismail\Khaled Dental\Paper2\archive (10)\Caries_Gingivitus\616.jpg,616.jpg,Caries-Gingivitis,Training
E:\Dr. Atef Ismail\Khaled Dental\Paper2\archive (10)\Mouth Ulcer\Mouth_Ulcer_0_1093.jpeg,Mouth_Ulcer_0_1093.jpeg,Mouth Ulcer,Training
E:\Dr. Atef Ismail\Khaled Dental\Paper2\archive (10)\Calculus\(795).jpg,(795).jpg,Calculus,Training
E:\Dr. Atef Ismail\Khaled Dental\Paper2\archive (10)\Caries_Gingivitus\106.jpg,106.jpg,Caries-Gingivitis,Training
E:\Dr. Atef Ismail\Khaled Dental\Paper2\archive (10)\Calculus\(1082).jpg,(1082).jpg,Calculus,Training
E:\Dr. Atef Ismail\Khaled Dental\Paper2\archive (10)\Caries_Gingivitus\11.jpg,11.jpg,Caries-Gingivitis,Training
E:\Dr. Atef Ismail\Khaled Dental\Paper2\archive (10)\hypodontia\(254).JPG,(254).JPG,Hypodontia,Training
E:\Dr. Atef Ismail\Khaled Dental\Paper2\archive (10)\hypodontia\(951).jpg,(951).jpg,Hypodontia,Training
E:\Dr. Atef Ismail\Khaled Dental\Paper2\archive (10)\Tooth Discoloration\Tooth_Discoloration_0_8442.jpeg,Tooth_Discoloration_0_8442.jpeg,Tooth Discoloration,Training
E:\Dr. Atef Ismail\Khaled Dental\Paper2\archive (10)\Mouth Ulcer\Mouth_Ulcer_0_8968.jpeg,Mouth_Ulcer_0_8968.jpeg,Mouth Ulcer,Training
E:\Dr. Atef Ismail\Khaled Dental\Paper2\archive (10)\Tooth Discoloration\Tooth_Discoloration_0_3195.jpeg,Tooth_Discoloration_0_3195.jpeg,Tooth Discoloration,Training
E:\Dr. Atef Ismail\Khaled Dental\Paper2\archive (10)\Gingivitis\(736).jpg,(736).jpg,Gingivitis,Training
E:\Dr. Atef Ismail\Khaled Dental\Paper2\archive (10)\Tooth Discoloration\Tooth_Discoloration_0_1517.jpeg,Tooth_Discoloration_0_1517.jpeg,Tooth Discoloration,Training
E:\Dr. Atef Ismail\Khaled Dental\Paper2\archive (10)\Mouth Ulcer\Mouth_Ulcer_0_7725.jpeg,Mouth_Ulcer_0_7725.jpeg,Mouth Ulcer,Training
E:\Dr. Atef Ismail\Khaled Dental\Paper2\archive (10)\Gingivitis\(850).jpg,(850).jpg,Gingivitis,Training
E:\Dr. Atef Ismail\Khaled Dental\Paper2\archive (10)\Mouth Ulcer\Mouth_Ulcer_0_192.jpeg,Mouth_Ulcer_0_192.jpeg,Mouth Ulcer,Training
E:\Dr. Atef Ismail\Khaled Dental\Paper2\archive (10)\Tooth Discoloration\Tooth_Discoloration_0_9637.jpeg,Tooth_Discoloration_0_9637.jpeg,Tooth Discoloration,Training
E:\Dr. Atef Ismail\Khaled Dental\Paper2\archive (10)\Mouth Ulcer\Mouth_Ulcer_0_7803.jpeg,Mouth_Ulcer_0_7803.jpeg,Mouth Ulcer,Training
E:\Dr. Atef Ismail\Khaled Dental\Paper2\archive (10)\Gingivitis\(299).jpg,(299).jpg,Gingivitis,Training
E:\Dr. Atef Ismail\Khaled Dental\Paper2\archive (10)\Caries_Gingivitus\274.jpg,274.jpg,Caries-Gingivitis,Training
E:\Dr. Atef Ismail\Khaled Dental\Paper2\archive (10)\Tooth Discoloration\Tooth_Discoloration_0_2279.jpeg,Tooth_Discoloration_0_2279.jpeg,Tooth Discoloration,Training
E:\Dr. Atef Ismail\Khaled Dental\Paper2\archive (10)\Tooth Discoloration\Tooth_Discoloration_0_1447.jpeg,Tooth_Discoloration_0_1447.jpeg,Tooth Discoloration,Training
E:\Dr. Atef Ismail\Khaled Dental\Paper2\archive (10)\Calculus\(1261).jpg,(1261).jpg,Calculus,Training
E:\Dr. Atef Ismail\Khaled Dental\Paper2\archive (10)\Caries_Gingivitus\caries_0_4553.jpeg,caries_0_4553.jpeg,Caries-Gingivitis,Training
E:\Dr. Atef Ismail\Khaled Dental\Paper2\archive (10)\Gingivitis\(1073).jpg,(1073).jpg,Gingivitis,Training
E:\Dr. Atef Ismail\Khaled Dental\Paper2\archive (10)\Mouth Ulcer\Mouth_Ulcer_0_2693.jpeg,Mouth_Ulcer_0_2693.jpeg,Mouth Ulcer,Training
E:\Dr. Atef Ismail\Khaled Dental\Paper2\archive (10)\Tooth Discoloration\Tooth_Discoloration_0_5599.jpeg,Tooth_Discoloration_0_5599.jpeg,Tooth Discoloration,Training
E:\Dr. Atef Ismail\Khaled Dental\Paper2\archive (10)\Calculus\(22).jpg,(22).jpg,Calculus,Training
E:\Dr. Atef Ismail\Khaled Dental\Paper2\archive (10)\Gingivitis\(2083).jpg,(2083).jpg,Gingivitis,Training
E:\Dr. Atef Ismail\Khaled Dental\Paper2\archive (10)\hypodontia\(265).jpg,(265).jpg,Hypodontia,Training
E:\Dr. Atef Ismail\Khaled Dental\Paper2\archive (10)\hypodontia\(729).JPG,(729).JPG,Hypodontia,Training
E:\Dr. Atef Ismail\Khaled Dental\Paper2\archive (10)\Gingivitis\(1769).jpg,(1769).jpg,Gingivitis,Training
E:\Dr. Atef Ismail\Khaled Dental\Paper2\archive (10)\Gingivitis\(1635).jpg,(1635).jpg,Gingivitis,Training
E:\Dr. Atef Ismail\Khaled Dental\Paper2\archive (10)\Caries_Gingivitus\caries_0_4405.jpeg,caries_0_4405.jpeg,Caries-Gingivitis,Training
E:\Dr. Atef Ismail\Khaled Dental\Paper2\archive (10)\Mouth Ulcer\Mouth_Ulcer_0_2159.jpeg,Mouth_Ulcer_0_2159.jpeg,Mouth Ulcer,Training
E:\Dr. Atef Ismail\Khaled Dental\Paper2\archive (10)\Mouth Ulcer\Mouth_Ulcer_0_4776.jpeg,Mouth_Ulcer_0_4776.jpeg,Mouth Ulcer,Training
E:\Dr. Atef Ismail\Khaled Dental\Paper2\archive (10)\Tooth Discoloration\Tooth_Discoloration_0_576.jpeg,Tooth_Discoloration_0_576.jpeg,Tooth Discoloration,Training
E:\Dr. Atef Ismail\Khaled Dental\Paper2\archive (10)\Calculus\(137).jpg,(137).jpg,Calculus,Training
E:\Dr. Atef Ismail\Khaled Dental\Paper2\archive (10)\Mouth Ulcer\Mouth_Ulcer_0_8327.jpeg,Mouth_Ulcer_0_8327.jpeg,Mouth Ulcer,Training
E:\Dr. Atef Ismail\Khaled Dental\Paper2\archive (10)\Tooth Discoloration\Tooth_Discoloration_0_342.jpeg,Tooth_Discoloration_0_342.jpeg,Tooth Discoloration,Training
E:\Dr. Atef Ismail\Khaled Dental\Paper2\archive (10)\Mouth Ulcer\Mouth_Ulcer_0_5172.jpeg,Mouth_Ulcer_0_5172.jpeg,Mouth Ulcer,Training
E:\Dr. Atef Ismail\Khaled Dental\Paper2\archive (10)\Caries_Gingivitus\245.jpg,245.jpg,Caries-Gingivitis,Training
E:\Dr. Atef Ismail\Khaled Dental\Paper2\archive (10)\Tooth Discoloration\Tooth_Discoloration_0_1222.jpeg,Tooth_Discoloration_0_1222.jpeg,Tooth Discoloration,Training
E:\Dr. Atef Ismail\Khaled Dental\Paper2\archive (10)\Gingivitis\(47).jpg,(47).jpg,Gingivitis,Training
E:\Dr. Atef Ismail\Khaled Dental\Paper2\archive (10)\Tooth Discoloration\Tooth_Discoloration_0_9451.jpeg,Tooth_Discoloration_0_9451.jpeg,Tooth Discoloration,Training
E:\Dr. Atef Ismail\Khaled Dental\Paper2\archive (10)\Gingivitis\(1407).jpg,(1407).jpg,Gingivitis,Training
E:\Dr. Atef Ismail\Khaled Dental\Paper2\archive (10)\Calculus\(452).jpg,(452).jpg,Calculus,Training
E:\Dr. Atef Ismail\Khaled Dental\Paper2\archive (10)\Calculus\(687).jpg,(687).jpg,Calculus,Training
E:\Dr. Atef Ismail\Khaled Dental\Paper2\archive (10)\Caries_Gingivitus\caries_0_132.jpeg,caries_0_132.jpeg,Caries-Gingivitis,Training
E:\Dr. Atef Ismail\Khaled Dental\Paper2\archive (10)\Gingivitis\(1315).jpg,(1315).jpg,Gingivitis,Training
E:\Dr. Atef Ismail\Khaled Dental\Paper2\archive (10)\Caries_Gingivitus\603.jpg,603.jpg,Caries-Gingivitis,Training
E:\Dr. Atef Ismail\Khaled Dental\Paper2\archive (10)\Mouth Ulcer\Mouth_Ulcer_0_636.jpeg,Mouth_Ulcer_0_636.jpeg,Mouth Ulcer,Training
E:\Dr. Atef Ismail\Khaled Dental\Paper2\archive (10)\Calculus\(882).jpg,(882).jpg,Calculus,Training
E:\Dr. Atef Ismail\Khaled Dental\Paper2\archive (10)\Mouth Ulcer\Mouth_Ulcer_0_7729.jpeg,Mouth_Ulcer_0_7729.jpeg,Mouth Ulcer,Training
E:\Dr. Atef Ismail\Khaled Dental\Paper2\archive (10)\Mouth Ulcer\Mouth_Ulcer_0_4407.jpeg,Mouth_Ulcer_0_4407.jpeg,Mouth Ulcer,Training
E:\Dr. Atef Ismail\Khaled Dental\Paper2\archive (10)\Tooth Discoloration\Tooth_Discoloration_0_2518.jpeg,Tooth_Discoloration_0_2518.jpeg,Tooth Discoloration,Training
E:\Dr. Atef Ismail\Khaled Dental\Paper2\archive (10)\Gingivitis\(101).jpg,(101).jpg,Gingivitis,Training
E:\Dr. Atef Ismail\Khaled Dental\Paper2\archive (10)\hypodontia\(1029).JPG,(1029).JPG,Hypodontia,Training
E:\Dr. Atef Ismail\Khaled Dental\Paper2\archive (10)\Mouth Ulcer\Mouth_Ulcer_0_7462.jpeg,Mouth_Ulcer_0_7462.jpeg,Mouth Ulcer,Training
E:\Dr. Atef Ismail\Khaled Dental\Paper2\archive (10)\Gingivitis\(1740).jpg,(1740).jpg,Gingivitis,Training
E:\Dr. Atef Ismail\Khaled Dental\Paper2\archive (10)\Gingivitis\(532).jpg,(532).jpg,Gingivitis,Training
E:\Dr. Atef Ismail\Khaled Dental\Paper2\archive (10)\Gingivitis\(2272).jpg,(2272).jpg,Gingivitis,Training
E:\Dr. Atef Ismail\Khaled Dental\Paper2\archive (10)\Mouth Ulcer\Mouth_Ulcer_0_2196.jpeg,Mouth_Ulcer_0_2196.jpeg,Mouth Ulcer,Training
E:\Dr. Atef Ismail\Khaled Dental\Paper2\archive (10)\Gingivitis\(1904).jpg,(1904).jpg,Gingivitis,Training
E:\Dr. Atef Ismail\Khaled Dental\Paper2\archive (10)\Caries_Gingivitus\(81).jpg,(81).jpg,Caries-Gingivitis,Training
E:\Dr. Atef Ismail\Khaled Dental\Paper2\archive (10)\Mouth Ulcer\Mouth_Ulcer_0_2931.jpeg,Mouth_Ulcer_0_2931.jpeg,Mouth Ulcer,Training
E:\Dr. Atef Ismail\Khaled Dental\Paper2\archive (10)\Tooth Discoloration\Tooth_Discoloration_0_8266.jpeg,Tooth_Discoloration_0_8266.jpeg,Tooth Discoloration,Training
E:\Dr. Atef Ismail\Khaled Dental\Paper2\archive (10)\Tooth Discoloration\Tooth_Discoloration_0_3935.jpeg,Tooth_Discoloration_0_3935.jpeg,Tooth Discoloration,Training
E:\Dr. Atef Ismail\Khaled Dental\Paper2\archive (10)\Caries_Gingivitus\caries_0_3838.jpeg,caries_0_3838.jpeg,Caries-Gingivitis,Training
E:\Dr. Atef Ismail\Khaled Dental\Paper2\archive (10)\Tooth Discoloration\Tooth_Discoloration_0_5228.jpeg,Tooth_Discoloration_0_5228.jpeg,Tooth Discoloration,Training
E:\Dr. Atef Ismail\Khaled Dental\Paper2\archive (10)\Tooth Discoloration\Tooth_Discoloration_0_9646.jpeg,Tooth_Discoloration_0_9646.jpeg,Tooth Discoloration,Training
E:\Dr. Atef Ismail\Khaled Dental\Paper2\archive (10)\Gingivitis\(2262).jpg,(2262).jpg,Gingivitis,Training
E:\Dr. Atef Ismail\Khaled Dental\Paper2\archive (10)\Mouth Ulcer\Mouth_Ulcer_0_65.jpeg,Mouth_Ulcer_0_65.jpeg,Mouth Ulcer,Training
E:\Dr. Atef Ismail\Khaled Dental\Paper2\archive (10)\Gingivitis\(1709).jpg,(1709).jpg,Gingivitis,Training
E:\Dr. Atef Ismail\Khaled Dental\Paper2\archive (10)\Calculus\(1002).jpg,(1002).jpg,Calculus,Training
E:\Dr. Atef Ismail\Khaled Dental\Paper2\archive (10)\Gingivitis\(700).jpg,(700).jpg,Gingivitis,Training
E:\Dr. Atef Ismail\Khaled Dental\Paper2\archive (10)\Mouth Ulcer\Mouth_Ulcer_0_3656.jpeg,Mouth_Ulcer_0_3656.jpeg,Mouth Ulcer,Training
E:\Dr. Atef Ismail\Khaled Dental\Paper2\archive (10)\Tooth Discoloration\Tooth_Discoloration_0_8037.jpeg,Tooth_Discoloration_0_8037.jpeg,Tooth Discoloration,Training
E:\Dr. Atef Ismail\Khaled Dental\Paper2\archive (10)\Tooth Discoloration\Tooth_Discoloration_0_7847.jpeg,Tooth_Discoloration_0_7847.jpeg,Tooth Discoloration,Training
E:\Dr. Atef Ismail\Khaled Dental\Paper2\archive (10)\Tooth Discoloration\Tooth_Discoloration_0_6327.jpeg,Tooth_Discoloration_0_6327.jpeg,Tooth Discoloration,Training
E:\Dr. Atef Ismail\Khaled Dental\Paper2\archive (10)\Gingivitis\(1654).jpg,(1654).jpg,Gingivitis,Training
E:\Dr. Atef Ismail\Khaled Dental\Paper2\archive (10)\Calculus\(1236).jpg,(1236).jpg,Calculus,Training
E:\Dr. Atef Ismail\Khaled Dental\Paper2\archive (10)\Tooth Discoloration\Tooth_Discoloration_0_2007.jpeg,Tooth_Discoloration_0_2007.jpeg,Tooth Discoloration,Training
E:\Dr. Atef Ismail\Khaled Dental\Paper2\archive (10)\Tooth Discoloration\Tooth_Discoloration_0_4308.jpeg,Tooth_Discoloration_0_4308.jpeg,Tooth Discoloration,Training
E:\Dr. Atef Ismail\Khaled Dental\Paper2\archive (10)\Mouth Ulcer\Mouth_Ulcer_0_5149.jpeg,Mouth_Ulcer_0_5149.jpeg,Mouth Ulcer,Training
E:\Dr. Atef Ismail\Khaled Dental\Paper2\archive (10)\Mouth Ulcer\Mouth_Ulcer_0_3612.jpeg,Mouth_Ulcer_0_3612.jpeg,Mouth Ulcer,Training
E:\Dr. Atef Ismail\Khaled Dental\Paper2\archive (10)\Gingivitis\(2209).jpg,(2209).jpg,Gingivitis,Training
E:\Dr. Atef Ismail\Khaled Dental\Paper2\archive (10)\hypodontia\(973).JPG,(973).JPG,Hypodontia,Training
E:\Dr. Atef Ismail\Khaled Dental\Paper2\archive (10)\Gingivitis\(1730).jpg,(1730).jpg,Gingivitis,Training
E:\Dr. Atef Ismail\Khaled Dental\Paper2\archive (10)\hypodontia\(241).jpg,(241).jpg,Hypodontia,Training
E:\Dr. Atef Ismail\Khaled Dental\Paper2\archive (10)\hypodontia\(614).JPG,(614).JPG,Hypodontia,Training
E:\Dr. Atef Ismail\Khaled Dental\Paper2\archive (10)\Caries_Gingivitus\(170).jpg,(170).jpg,Caries-Gingivitis,Training
E:\Dr. Atef Ismail\Khaled Dental\Paper2\archive (10)\hypodontia\(667).jpg,(667).jpg,Hypodontia,Training
E:\Dr. Atef Ismail\Khaled Dental\Paper2\archive (10)\hypodontia\(558).JPG,(558).JPG,Hypodontia,Training
E:\Dr. Atef Ismail\Khaled Dental\Paper2\archive (10)\Mouth Ulcer\Mouth_Ulcer_0_6900.jpeg,Mouth_Ulcer_0_6900.jpeg,Mouth Ulcer,Training
E:\Dr. Atef Ismail\Khaled Dental\Paper2\archive (10)\Mouth Ulcer\Mouth_Ulcer_0_5780.jpeg,Mouth_Ulcer_0_5780.jpeg,Mouth Ulcer,Training
E:\Dr. Atef Ismail\Khaled Dental\Paper2\archive (10)\hypodontia\(789).JPG,(789).JPG,Hypodontia,Training
E:\Dr. Atef Ismail\Khaled Dental\Paper2\archive (10)\Gingivitis\(1813).jpg,(1813).jpg,Gingivitis,Training
E:\Dr. Atef Ismail\Khaled Dental\Paper2\archive (10)\Mouth Ulcer\Mouth_Ulcer_0_836.jpeg,Mouth_Ulcer_0_836.jpeg,Mouth Ulcer,Training
E:\Dr. Atef Ismail\Khaled Dental\Paper2\archive (10)\hypodontia\(552).jpg,(552).jpg,Hypodontia,Training
E:\Dr. Atef Ismail\Khaled Dental\Paper2\archive (10)\Mouth Ulcer\Mouth_Ulcer_0_1730.jpeg,Mouth_Ulcer_0_1730.jpeg,Mouth Ulcer,Training
E:\Dr. Atef Ismail\Khaled Dental\Paper2\archive (10)\Mouth Ulcer\Mouth_Ulcer_0_779.jpeg,Mouth_Ulcer_0_779.jpeg,Mouth Ulcer,Training
E:\Dr. Atef Ismail\Khaled Dental\Paper2\archive (10)\Gingivitis\(1930).jpg,(1930).jpg,Gingivitis,Training
E:\Dr. Atef Ismail\Khaled Dental\Paper2\archive (10)\Gingivitis\(2175).jpg,(2175).jpg,Gingivitis,Training
E:\Dr. Atef Ismail\Khaled Dental\Paper2\archive (10)\Mouth Ulcer\Mouth_Ulcer_0_8297.jpeg,Mouth_Ulcer_0_8297.jpeg,Mouth Ulcer,Training
E:\Dr. Atef Ismail\Khaled Dental\Paper2\archive (10)\Tooth Discoloration\Tooth_Discoloration_0_9211.jpeg,Tooth_Discoloration_0_9211.jpeg,Tooth Discoloration,Training
E:\Dr. Atef Ismail\Khaled Dental\Paper2\archive (10)\Calculus\(236).jpg,(236).jpg,Calculus,Training
E:\Dr. Atef Ismail\Khaled Dental\Paper2\archive (10)\Caries_Gingivitus\98.jpg,98.jpg,Caries-Gingivitis,Training
E:\Dr. Atef Ismail\Khaled Dental\Paper2\archive (10)\Gingivitis\(2252).jpg,(2252).jpg,Gingivitis,Training
E:\Dr. Atef Ismail\Khaled Dental\Paper2\archive (10)\Mouth Ulcer\Mouth_Ulcer_0_5541.jpeg,Mouth_Ulcer_0_5541.jpeg,Mouth Ulcer,Training
E:\Dr. Atef Ismail\Khaled Dental\Paper2\archive (10)\hypodontia\(81).jpg,(81).jpg,Hypodontia,Training
E:\Dr. Atef Ismail\Khaled Dental\Paper2\archive (10)\Tooth Discoloration\Tooth_Discoloration_0_9313.jpeg,Tooth_Discoloration_0_9313.jpeg,Tooth Discoloration,Training
E:\Dr. Atef Ismail\Khaled Dental\Paper2\archive (10)\Tooth Discoloration\Tooth_Discoloration_0_8349.jpeg,Tooth_Discoloration_0_8349.jpeg,Tooth Discoloration,Training
E:\Dr. Atef Ismail\Khaled Dental\Paper2\archive (10)\Gingivitis\(52).jpg,(52).jpg,Gingivitis,Training
E:\Dr. Atef Ismail\Khaled Dental\Paper2\archive (10)\Mouth Ulcer\Mouth_Ulcer_0_8506.jpeg,Mouth_Ulcer_0_8506.jpeg,Mouth Ulcer,Training
E:\Dr. Atef Ismail\Khaled Dental\Paper2\archive (10)\Caries_Gingivitus\56.jpg,56.jpg,Caries-Gingivitis,Training
E:\Dr. Atef Ismail\Khaled Dental\Paper2\archive (10)\hypodontia\(501).JPG,(501).JPG,Hypodontia,Training
E:\Dr. Atef Ismail\Khaled Dental\Paper2\archive (10)\Mouth Ulcer\Mouth_Ulcer_0_7402.jpeg,Mouth_Ulcer_0_7402.jpeg,Mouth Ulcer,Training
E:\Dr. Atef Ismail\Khaled Dental\Paper2\archive (10)\Calculus\(1083).jpg,(1083).jpg,Calculus,Training
E:\Dr. Atef Ismail\Khaled Dental\Paper2\archive (10)\hypodontia\(1191).JPG,(1191).JPG,Hypodontia,Training
E:\Dr. Atef Ismail\Khaled Dental\Paper2\archive (10)\Mouth Ulcer\Mouth_Ulcer_0_5488.jpeg,Mouth_Ulcer_0_5488.jpeg,Mouth Ulcer,Training
E:\Dr. Atef Ismail\Khaled Dental\Paper2\archive (10)\Mouth Ulcer\Mouth_Ulcer_0_4105.jpeg,Mouth_Ulcer_0_4105.jpeg,Mouth Ulcer,Training
E:\Dr. Atef Ismail\Khaled Dental\Paper2\archive (10)\Caries_Gingivitus\caries_0_136.jpeg,caries_0_136.jpeg,Caries-Gingivitis,Training
E:\Dr. Atef Ismail\Khaled Dental\Paper2\archive (10)\Mouth Ulcer\Mouth_Ulcer_0_2399.jpeg,Mouth_Ulcer_0_2399.jpeg,Mouth Ulcer,Training
E:\Dr. Atef Ismail\Khaled Dental\Paper2\archive (10)\Gingivitis\(2121).jpg,(2121).jpg,Gingivitis,Training
E:\Dr. Atef Ismail\Khaled Dental\Paper2\archive (10)\Caries_Gingivitus\(179).jpg,(179).jpg,Caries-Gingivitis,Training
E:\Dr. Atef Ismail\Khaled Dental\Paper2\archive (10)\Mouth Ulcer\Mouth_Ulcer_0_256.jpeg,Mouth_Ulcer_0_256.jpeg,Mouth Ulcer,Training
E:\Dr. Atef Ismail\Khaled Dental\Paper2\archive (10)\Calculus\(366).jpg,(366).jpg,Calculus,Training
E:\Dr. Atef Ismail\Khaled Dental\Paper2\archive (10)\Tooth Discoloration\Tooth_Discoloration_0_5039.jpeg,Tooth_Discoloration_0_5039.jpeg,Tooth Discoloration,Training
E:\Dr. Atef Ismail\Khaled Dental\Paper2\archive (10)\Mouth Ulcer\Mouth_Ulcer_0_4996.jpeg,Mouth_Ulcer_0_4996.jpeg,Mouth Ulcer,Training
E:\Dr. Atef Ismail\Khaled Dental\Paper2\archive (10)\Gingivitis\(269).jpg,(269).jpg,Gingivitis,Training
E:\Dr. Atef Ismail\Khaled Dental\Paper2\archive (10)\Tooth Discoloration\Tooth_Discoloration_0_6341.jpeg,Tooth_Discoloration_0_6341.jpeg,Tooth Discoloration,Training
E:\Dr. Atef Ismail\Khaled Dental\Paper2\archive (10)\Gingivitis\(558).jpg,(558).jpg,Gingivitis,Training
E:\Dr. Atef Ismail\Khaled Dental\Paper2\archive (10)\Gingivitis\(2265).jpg,(2265).jpg,Gingivitis,Training
E:\Dr. Atef Ismail\Khaled Dental\Paper2\archive (10)\Mouth Ulcer\Mouth_Ulcer_0_2633.jpeg,Mouth_Ulcer_0_2633.jpeg,Mouth Ulcer,Training
E:\Dr. Atef Ismail\Khaled Dental\Paper2\archive (10)\hypodontia\(620).JPG,(620).JPG,Hypodontia,Training
E:\Dr. Atef Ismail\Khaled Dental\Paper2\archive (10)\Tooth Discoloration\Tooth_Discoloration_0_2659.jpeg,Tooth_Discoloration_0_2659.jpeg,Tooth Discoloration,Training
E:\Dr. Atef Ismail\Khaled Dental\Paper2\archive (10)\Calculus\(992).jpg,(992).jpg,Calculus,Training
E:\Dr. Atef Ismail\Khaled Dental\Paper2\archive (10)\Tooth Discoloration\Tooth_Discoloration_0_1544.jpeg,Tooth_Discoloration_0_1544.jpeg,Tooth Discoloration,Training
E:\Dr. Atef Ismail\Khaled Dental\Paper2\archive (10)\hypodontia\(32).JPG,(32).JPG,Hypodontia,Training
E:\Dr. Atef Ismail\Khaled Dental\Paper2\archive (10)\Mouth Ulcer\Mouth_Ulcer_0_249.jpeg,Mouth_Ulcer_0_249.jpeg,Mouth Ulcer,Training
E:\Dr. Atef Ismail\Khaled Dental\Paper2\archive (10)\Calculus\(1245).jpg,(1245).jpg,Calculus,Training
E:\Dr. Atef Ismail\Khaled Dental\Paper2\archive (10)\Gingivitis\(339).jpg,(339).jpg,Gingivitis,Training
E:\Dr. Atef Ismail\Khaled Dental\Paper2\archive (10)\Caries_Gingivitus\caries_0_633.jpeg,caries_0_633.jpeg,Caries-Gingivitis,Training
E:\Dr. Atef Ismail\Khaled Dental\Paper2\archive (10)\Calculus\(350).jpg,(350).jpg,Calculus,Training
E:\Dr. Atef Ismail\Khaled Dental\Paper2\archive (10)\Calculus\(281).jpg,(281).jpg,Calculus,Training
E:\Dr. Atef Ismail\Khaled Dental\Paper2\archive (10)\hypodontia\(925).JPG,(925).JPG,Hypodontia,Training
E:\Dr. Atef Ismail\Khaled Dental\Paper2\archive (10)\Gingivitis\(296).jpg,(296).jpg,Gingivitis,Training
E:\Dr. Atef Ismail\Khaled Dental\Paper2\archive (10)\Mouth Ulcer\Mouth_Ulcer_0_157.jpeg,Mouth_Ulcer_0_157.jpeg,Mouth Ulcer,Training
E:\Dr. Atef Ismail\Khaled Dental\Paper2\archive (10)\Mouth Ulcer\Mouth_Ulcer_0_1890.jpeg,Mouth_Ulcer_0_1890.jpeg,Mouth Ulcer,Training
E:\Dr. Atef Ismail\Khaled Dental\Paper2\archive (10)\Caries_Gingivitus\25.jpg,25.jpg,Caries-Gingivitis,Training
E:\Dr. Atef Ismail\Khaled Dental\Paper2\archive (10)\Mouth Ulcer\Mouth_Ulcer_0_2736.jpeg,Mouth_Ulcer_0_2736.jpeg,Mouth Ulcer,Training
E:\Dr. Atef Ismail\Khaled Dental\Paper2\archive (10)\Tooth Discoloration\Tooth_Discoloration_0_6045.jpeg,Tooth_Discoloration_0_6045.jpeg,Tooth Discoloration,Training
E:\Dr. Atef Ismail\Khaled Dental\Paper2\archive (10)\Tooth Discoloration\Tooth_Discoloration_0_563.jpeg,Tooth_Discoloration_0_563.jpeg,Tooth Discoloration,Training
E:\Dr. Atef Ismail\Khaled Dental\Paper2\archive (10)\Mouth Ulcer\Mouth_Ulcer_0_8679.jpeg,Mouth_Ulcer_0_8679.jpeg,Mouth Ulcer,Training
E:\Dr. Atef Ismail\Khaled Dental\Paper2\archive (10)\Gingivitis\(1807).jpg,(1807).jpg,Gingivitis,Training
E:\Dr. Atef Ismail\Khaled Dental\Paper2\archive (10)\Gingivitis\(2038).jpg,(2038).jpg,Gingivitis,Training
E:\Dr. Atef Ismail\Khaled Dental\Paper2\archive (10)\Mouth Ulcer\Mouth_Ulcer_0_6406.jpeg,Mouth_Ulcer_0_6406.jpeg,Mouth Ulcer,Training
E:\Dr. Atef Ismail\Khaled Dental\Paper2\archive (10)\Gingivitis\(1920).jpg,(1920).jpg,Gingivitis,Training
E:\Dr. Atef Ismail\Khaled Dental\Paper2\archive (10)\Tooth Discoloration\Tooth_Discoloration_0_1435.jpeg,Tooth_Discoloration_0_1435.jpeg,Tooth Discoloration,Training
E:\Dr. Atef Ismail\Khaled Dental\Paper2\archive (10)\Calculus\(1145).jpg,(1145).jpg,Calculus,Training
E:\Dr. Atef Ismail\Khaled Dental\Paper2\archive (10)\Gingivitis\(965).jpg,(965).jpg,Gingivitis,Training
E:\Dr. Atef Ismail\Khaled Dental\Paper2\archive (10)\Calculus\(1058).jpg,(1058).jpg,Calculus,Training
E:\Dr. Atef Ismail\Khaled Dental\Paper2\archive (10)\Mouth Ulcer\Mouth_Ulcer_0_6130.jpeg,Mouth_Ulcer_0_6130.jpeg,Mouth Ulcer,Training
E:\Dr. Atef Ismail\Khaled Dental\Paper2\archive (10)\Gingivitis\(1068).jpg,(1068).jpg,Gingivitis,Training
E:\Dr. Atef Ismail\Khaled Dental\Paper2\archive (10)\Calculus\(1006).jpg,(1006).jpg,Calculus,Training
E:\Dr. Atef Ismail\Khaled Dental\Paper2\archive (10)\Caries_Gingivitus\caries_0_455.jpeg,caries_0_455.jpeg,Caries-Gingivitis,Training
E:\Dr. Atef Ismail\Khaled Dental\Paper2\archive (10)\Tooth Discoloration\Tooth_Discoloration_0_631.jpeg,Tooth_Discoloration_0_631.jpeg,Tooth Discoloration,Training
E:\Dr. Atef Ismail\Khaled Dental\Paper2\archive (10)\Mouth Ulcer\Mouth_Ulcer_0_3745.jpeg,Mouth_Ulcer_0_3745.jpeg,Mouth Ulcer,Training
E:\Dr. Atef Ismail\Khaled Dental\Paper2\archive (10)\hypodontia\(33).JPG,(33).JPG,Hypodontia,Training
E:\Dr. Atef Ismail\Khaled Dental\Paper2\archive (10)\Mouth Ulcer\Mouth_Ulcer_0_2550.jpeg,Mouth_Ulcer_0_2550.jpeg,Mouth Ulcer,Training
E:\Dr. Atef Ismail\Khaled Dental\Paper2\archive (10)\Gingivitis\(166).jpg,(166).jpg,Gingivitis,Training
E:\Dr. Atef Ismail\Khaled Dental\Paper2\archive (10)\Gingivitis\(1655).jpg,(1655).jpg,Gingivitis,Training
E:\Dr. Atef Ismail\Khaled Dental\Paper2\archive (10)\Tooth Discoloration\Tooth_Discoloration_0_3559.jpeg,Tooth_Discoloration_0_3559.jpeg,Tooth Discoloration,Training
E:\Dr. Atef Ismail\Khaled Dental\Paper2\archive (10)\Mouth Ulcer\Mouth_Ulcer_0_5073.jpeg,Mouth_Ulcer_0_5073.jpeg,Mouth Ulcer,Training
E:\Dr. Atef Ismail\Khaled Dental\Paper2\archive (10)\Caries_Gingivitus\caries_0_4211.jpeg,caries_0_4211.jpeg,Caries-Gingivitis,Training
E:\Dr. Atef Ismail\Khaled Dental\Paper2\archive (10)\Calculus\(207).jpg,(207).jpg,Calculus,Training
E:\Dr. Atef Ismail\Khaled Dental\Paper2\archive (10)\Mouth Ulcer\Mouth_Ulcer_0_1360.jpeg,Mouth_Ulcer_0_1360.jpeg,Mouth Ulcer,Training
E:\Dr. Atef Ismail\Khaled Dental\Paper2\archive (10)\Mouth Ulcer\Mouth_Ulcer_0_9072.jpeg,Mouth_Ulcer_0_9072.jpeg,Mouth Ulcer,Training
E:\Dr. Atef Ismail\Khaled Dental\Paper2\archive (10)\Mouth Ulcer\Mouth_Ulcer_0_2001.jpeg,Mouth_Ulcer_0_2001.jpeg,Mouth Ulcer,Training
E:\Dr. Atef Ismail\Khaled Dental\Paper2\archive (10)\Calculus\(1181).jpg,(1181).jpg,Calculus,Training
E:\Dr. Atef Ismail\Khaled Dental\Paper2\archive (10)\Gingivitis\(1167).jpg,(1167).jpg,Gingivitis,Training
E:\Dr. Atef Ismail\Khaled Dental\Paper2\archive (10)\Tooth Discoloration\Tooth_Discoloration_0_6949.jpeg,Tooth_Discoloration_0_6949.jpeg,Tooth Discoloration,Training
E:\Dr. Atef Ismail\Khaled Dental\Paper2\archive (10)\Gingivitis\(461).jpg,(461).jpg,Gingivitis,Training
E:\Dr. Atef Ismail\Khaled Dental\Paper2\archive (10)\Gingivitis\(2228).jpg,(2228).jpg,Gingivitis,Training
E:\Dr. Atef Ismail\Khaled Dental\Paper2\archive (10)\Calculus\(94).jpg,(94).jpg,Calculus,Training
E:\Dr. Atef Ismail\Khaled Dental\Paper2\archive (10)\Mouth Ulcer\Mouth_Ulcer_0_9038.jpeg,Mouth_Ulcer_0_9038.jpeg,Mouth Ulcer,Training
E:\Dr. Atef Ismail\Khaled Dental\Paper2\archive (10)\Calculus\(713).jpg,(713).jpg,Calculus,Training
E:\Dr. Atef Ismail\Khaled Dental\Paper2\archive (10)\Mouth Ulcer\Mouth_Ulcer_0_1125.jpeg,Mouth_Ulcer_0_1125.jpeg,Mouth Ulcer,Training
E:\Dr. Atef Ismail\Khaled Dental\Paper2\archive (10)\hypodontia\(496).JPG,(496).JPG,Hypodontia,Training
E:\Dr. Atef Ismail\Khaled Dental\Paper2\archive (10)\Tooth Discoloration\Tooth_Discoloration_0_9303.jpeg,Tooth_Discoloration_0_9303.jpeg,Tooth Discoloration,Training
E:\Dr. Atef Ismail\Khaled Dental\Paper2\archive (10)\Caries_Gingivitus\caries_0_4731.jpeg,caries_0_4731.jpeg,Caries-Gingivitis,Training
E:\Dr. Atef Ismail\Khaled Dental\Paper2\archive (10)\Tooth Discoloration\Tooth_Discoloration_0_6046.jpeg,Tooth_Discoloration_0_6046.jpeg,Tooth Discoloration,Training
E:\Dr. Atef Ismail\Khaled Dental\Paper2\archive (10)\hypodontia\(216).JPG,(216).JPG,Hypodontia,Training
E:\Dr. Atef Ismail\Khaled Dental\Paper2\archive (10)\Caries_Gingivitus\caries_0_351.jpeg,caries_0_351.jpeg,Caries-Gingivitis,Training
E:\Dr. Atef Ismail\Khaled Dental\Paper2\archive (10)\Calculus\(100).jpg,(100).jpg,Calculus,Training
E:\Dr. Atef Ismail\Khaled Dental\Paper2\archive (10)\Caries_Gingivitus\caries_0_4836.jpeg,caries_0_4836.jpeg,Caries-Gingivitis,Training
E:\Dr. Atef Ismail\Khaled Dental\Paper2\archive (10)\Mouth Ulcer\Mouth_Ulcer_0_2146.jpeg,Mouth_Ulcer_0_2146.jpeg,Mouth Ulcer,Training
E:\Dr. Atef Ismail\Khaled Dental\Paper2\archive (10)\Mouth Ulcer\Mouth_Ulcer_0_1797.jpeg,Mouth_Ulcer_0_1797.jpeg,Mouth Ulcer,Training
E:\Dr. Atef Ismail\Khaled Dental\Paper2\archive (10)\Gingivitis\(2280).jpg,(2280).jpg,Gingivitis,Training
E:\Dr. Atef Ismail\Khaled Dental\Paper2\archive (10)\hypodontia\(467).JPG,(467).JPG,Hypodontia,Training
E:\Dr. Atef Ismail\Khaled Dental\Paper2\archive (10)\Calculus\(1198).jpg,(1198).jpg,Calculus,Training
E:\Dr. Atef Ismail\Khaled Dental\Paper2\archive (10)\Mouth Ulcer\Mouth_Ulcer_0_7830.jpeg,Mouth_Ulcer_0_7830.jpeg,Mouth Ulcer,Training
E:\Dr. Atef Ismail\Khaled Dental\Paper2\archive (10)\Calculus\(1170).jpg,(1170).jpg,Calculus,Training
E:\Dr. Atef Ismail\Khaled Dental\Paper2\archive (10)\Gingivitis\(1250).jpg,(1250).jpg,Gingivitis,Training
E:\Dr. Atef Ismail\Khaled Dental\Paper2\archive (10)\Caries_Gingivitus\167.jpg,167.jpg,Caries-Gingivitis,Training
E:\Dr. Atef Ismail\Khaled Dental\Paper2\archive (10)\Mouth Ulcer\Mouth_Ulcer_0_4190.jpeg,Mouth_Ulcer_0_4190.jpeg,Mouth Ulcer,Training
E:\Dr. Atef Ismail\Khaled Dental\Paper2\archive (10)\Caries_Gingivitus\caries_0_4345.jpeg,caries_0_4345.jpeg,Caries-Gingivitis,Training
E:\Dr. Atef Ismail\Khaled Dental\Paper2\archive (10)\Tooth Discoloration\Tooth_Discoloration_0_3279.jpeg,Tooth_Discoloration_0_3279.jpeg,Tooth Discoloration,Training
E:\Dr. Atef Ismail\Khaled Dental\Paper2\archive (10)\Caries_Gingivitus\(15).jpg,(15).jpg,Caries-Gingivitis,Training
E:\Dr. Atef Ismail\Khaled Dental\Paper2\archive (10)\Gingivitis\(1292).jpg,(1292).jpg,Gingivitis,Training
E:\Dr. Atef Ismail\Khaled Dental\Paper2\archive (10)\Mouth Ulcer\Mouth_Ulcer_0_6773.jpeg,Mouth_Ulcer_0_6773.jpeg,Mouth Ulcer,Training
E:\Dr. Atef Ismail\Khaled Dental\Paper2\archive (10)\Caries_Gingivitus\127.jpg,127.jpg,Caries-Gingivitis,Training
E:\Dr. Atef Ismail\Khaled Dental\Paper2\archive (10)\Mouth Ulcer\Mouth_Ulcer_0_4564.jpeg,Mouth_Ulcer_0_4564.jpeg,Mouth Ulcer,Training
E:\Dr. Atef Ismail\Khaled Dental\Paper2\archive (10)\Gingivitis\(434).jpg,(434).jpg,Gingivitis,Training
E:\Dr. Atef Ismail\Khaled Dental\Paper2\archive (10)\Calculus\(478).jpg,(478).jpg,Calculus,Training
E:\Dr. Atef Ismail\Khaled Dental\Paper2\archive (10)\hypodontia\(1027).JPG,(1027).JPG,Hypodontia,Training
E:\Dr. Atef Ismail\Khaled Dental\Paper2\archive (10)\Caries_Gingivitus\caries_0_3461.jpeg,caries_0_3461.jpeg,Caries-Gingivitis,Training
E:\Dr. Atef Ismail\Khaled Dental\Paper2\archive (10)\Caries_Gingivitus\caries_0_3581.jpeg,caries_0_3581.jpeg,Caries-Gingivitis,Training
E:\Dr. Atef Ismail\Khaled Dental\Paper2\archive (10)\Mouth Ulcer\Mouth_Ulcer_0_9598.jpeg,Mouth_Ulcer_0_9598.jpeg,Mouth Ulcer,Training
E:\Dr. Atef Ismail\Khaled Dental\Paper2\archive (10)\Calculus\(347).jpg,(347).jpg,Calculus,Training
E:\Dr. Atef Ismail\Khaled Dental\Paper2\archive (10)\Caries_Gingivitus\caries_0_4070.jpeg,caries_0_4070.jpeg,Caries-Gingivitis,Training
E:\Dr. Atef Ismail\Khaled Dental\Paper2\archive (10)\Caries_Gingivitus\194.jpg,194.jpg,Caries-Gingivitis,Training
E:\Dr. Atef Ismail\Khaled Dental\Paper2\archive (10)\Mouth Ulcer\Mouth_Ulcer_0_1031.jpeg,Mouth_Ulcer_0_1031.jpeg,Mouth Ulcer,Training
E:\Dr. Atef Ismail\Khaled Dental\Paper2\archive (10)\Calculus\(724).jpg,(724).jpg,Calculus,Training
E:\Dr. Atef Ismail\Khaled Dental\Paper2\archive (10)\Calculus\(1191).jpg,(1191).jpg,Calculus,Training
E:\Dr. Atef Ismail\Khaled Dental\Paper2\archive (10)\Caries_Gingivitus\caries_0_3810.jpeg,caries_0_3810.jpeg,Caries-Gingivitis,Training
E:\Dr. Atef Ismail\Khaled Dental\Paper2\archive (10)\Tooth Discoloration\Tooth_Discoloration_0_3959.jpeg,Tooth_Discoloration_0_3959.jpeg,Tooth Discoloration,Training
E:\Dr. Atef Ismail\Khaled Dental\Paper2\archive (10)\Mouth Ulcer\Mouth_Ulcer_0_5704.jpeg,Mouth_Ulcer_0_5704.jpeg,Mouth Ulcer,Training
E:\Dr. Atef Ismail\Khaled Dental\Paper2\archive (10)\Tooth Discoloration\Tooth_Discoloration_0_9951.jpeg,Tooth_Discoloration_0_9951.jpeg,Tooth Discoloration,Training
E:\Dr. Atef Ismail\Khaled Dental\Paper2\archive (10)\Calculus\(458).jpg,(458).jpg,Calculus,Training
E:\Dr. Atef Ismail\Khaled Dental\Paper2\archive (10)\Gingivitis\(1917).jpg,(1917).jpg,Gingivitis,Training
E:\Dr. Atef Ismail\Khaled Dental\Paper2\archive (10)\Calculus\(200).jpg,(200).jpg,Calculus,Training
E:\Dr. Atef Ismail\Khaled Dental\Paper2\archive (10)\Gingivitis\(80).jpg,(80).jpg,Gingivitis,Training
E:\Dr. Atef Ismail\Khaled Dental\Paper2\archive (10)\Mouth Ulcer\Mouth_Ulcer_0_6420.jpeg,Mouth_Ulcer_0_6420.jpeg,Mouth Ulcer,Training
E:\Dr. Atef Ismail\Khaled Dental\Paper2\archive (10)\Mouth Ulcer\Mouth_Ulcer_0_3449.jpeg,Mouth_Ulcer_0_3449.jpeg,Mouth Ulcer,Training
E:\Dr. Atef Ismail\Khaled Dental\Paper2\archive (10)\Tooth Discoloration\Tooth_Discoloration_0_3368.jpeg,Tooth_Discoloration_0_3368.jpeg,Tooth Discoloration,Training
E:\Dr. Atef Ismail\Khaled Dental\Paper2\archive (10)\Tooth Discoloration\Tooth_Discoloration_0_5997.jpeg,Tooth_Discoloration_0_5997.jpeg,Tooth Discoloration,Training
E:\Dr. Atef Ismail\Khaled Dental\Paper2\archive (10)\hypodontia\(1108).jpg,(1108).jpg,Hypodontia,Training
E:\Dr. Atef Ismail\Khaled Dental\Paper2\archive (10)\Caries_Gingivitus\caries_0_111.jpeg,caries_0_111.jpeg,Caries-Gingivitis,Training
E:\Dr. Atef Ismail\Khaled Dental\Paper2\archive (10)\hypodontia\(1182).jpg,(1182).jpg,Hypodontia,Training
E:\Dr. Atef Ismail\Khaled Dental\Paper2\archive (10)\Tooth Discoloration\Tooth_Discoloration_0_2136.jpeg,Tooth_Discoloration_0_2136.jpeg,Tooth Discoloration,Training
E:\Dr. Atef Ismail\Khaled Dental\Paper2\archive (10)\Gingivitis\(16).jpg,(16).jpg,Gingivitis,Training
E:\Dr. Atef Ismail\Khaled Dental\Paper2\archive (10)\Mouth Ulcer\Mouth_Ulcer_0_1336.jpeg,Mouth_Ulcer_0_1336.jpeg,Mouth Ulcer,Training
E:\Dr. Atef Ismail\Khaled Dental\Paper2\archive (10)\Gingivitis\(692).jpg,(692).jpg,Gingivitis,Training
E:\Dr. Atef Ismail\Khaled Dental\Paper2\archive (10)\Tooth Discoloration\Tooth_Discoloration_0_250.jpeg,Tooth_Discoloration_0_250.jpeg,Tooth Discoloration,Training
E:\Dr. Atef Ismail\Khaled Dental\Paper2\archive (10)\Gingivitis\(1318).jpg,(1318).jpg,Gingivitis,Training
E:\Dr. Atef Ismail\Khaled Dental\Paper2\archive (10)\Calculus\(305).jpg,(305).jpg,Calculus,Training
E:\Dr. Atef Ismail\Khaled Dental\Paper2\archive (10)\Tooth Discoloration\Tooth_Discoloration_0_6173.jpeg,Tooth_Discoloration_0_6173.jpeg,Tooth Discoloration,Training
E:\Dr. Atef Ismail\Khaled Dental\Paper2\archive (10)\hypodontia\(1034).JPG,(1034).JPG,Hypodontia,Training
E:\Dr. Atef Ismail\Khaled Dental\Paper2\archive (10)\Mouth Ulcer\Mouth_Ulcer_0_5361.jpeg,Mouth_Ulcer_0_5361.jpeg,Mouth Ulcer,Training
E:\Dr. Atef Ismail\Khaled Dental\Paper2\archive (10)\Gingivitis\(707).jpg,(707).jpg,Gingivitis,Training
E:\Dr. Atef Ismail\Khaled Dental\Paper2\archive (10)\Mouth Ulcer\Mouth_Ulcer_0_8215.jpeg,Mouth_Ulcer_0_8215.jpeg,Mouth Ulcer,Training
E:\Dr. Atef Ismail\Khaled Dental\Paper2\archive (10)\Caries_Gingivitus\caries_0_3363.jpeg,caries_0_3363.jpeg,Caries-Gingivitis,Training
E:\Dr. Atef Ismail\Khaled Dental\Paper2\archive (10)\Gingivitis\(457).jpg,(457).jpg,Gingivitis,Training
E:\Dr. Atef Ismail\Khaled Dental\Paper2\archive (10)\Mouth Ulcer\Mouth_Ulcer_0_4234.jpeg,Mouth_Ulcer_0_4234.jpeg,Mouth Ulcer,Training
E:\Dr. Atef Ismail\Khaled Dental\Paper2\archive (10)\Caries_Gingivitus\431.jpg,431.jpg,Caries-Gingivitis,Training
E:\Dr. Atef Ismail\Khaled Dental\Paper2\archive (10)\Mouth Ulcer\Mouth_Ulcer_0_8371.jpeg,Mouth_Ulcer_0_8371.jpeg,Mouth Ulcer,Training
E:\Dr. Atef Ismail\Khaled Dental\Paper2\archive (10)\Tooth Discoloration\Tooth_Discoloration_0_7759.jpeg,Tooth_Discoloration_0_7759.jpeg,Tooth Discoloration,Training
E:\Dr. Atef Ismail\Khaled Dental\Paper2\archive (10)\Tooth Discoloration\Tooth_Discoloration_0_5167.jpeg,Tooth_Discoloration_0_5167.jpeg,Tooth Discoloration,Training
E:\Dr. Atef Ismail\Khaled Dental\Paper2\archive (10)\Gingivitis\(2055).jpg,(2055).jpg,Gingivitis,Training
E:\Dr. Atef Ismail\Khaled Dental\Paper2\archive (10)\Gingivitis\(2311).jpg,(2311).jpg,Gingivitis,Training
E:\Dr. Atef Ismail\Khaled Dental\Paper2\archive (10)\Tooth Discoloration\Tooth_Discoloration_0_2530.jpeg,Tooth_Discoloration_0_2530.jpeg,Tooth Discoloration,Training
E:\Dr. Atef Ismail\Khaled Dental\Paper2\archive (10)\Caries_Gingivitus\509.jpg,509.jpg,Caries-Gingivitis,Training
E:\Dr. Atef Ismail\Khaled Dental\Paper2\archive (10)\Mouth Ulcer\Mouth_Ulcer_0_3124.jpeg,Mouth_Ulcer_0_3124.jpeg,Mouth Ulcer,Training
E:\Dr. Atef Ismail\Khaled Dental\Paper2\archive (10)\Mouth Ulcer\Mouth_Ulcer_0_862.jpeg,Mouth_Ulcer_0_862.jpeg,Mouth Ulcer,Training
E:\Dr. Atef Ismail\Khaled Dental\Paper2\archive (10)\Tooth Discoloration\Tooth_Discoloration_0_5629.jpeg,Tooth_Discoloration_0_5629.jpeg,Tooth Discoloration,Training
E:\Dr. Atef Ismail\Khaled Dental\Paper2\archive (10)\hypodontia\(1136).JPG,(1136).JPG,Hypodontia,Training
E:\Dr. Atef Ismail\Khaled Dental\Paper2\archive (10)\Caries_Gingivitus\caries_0_4486.jpeg,caries_0_4486.jpeg,Caries-Gingivitis,Training
E:\Dr. Atef Ismail\Khaled Dental\Paper2\archive (10)\Mouth Ulcer\Mouth_Ulcer_0_5280.jpeg,Mouth_Ulcer_0_5280.jpeg,Mouth Ulcer,Training
E:\Dr. Atef Ismail\Khaled Dental\Paper2\archive (10)\hypodontia\(808).jpg,(808).jpg,Hypodontia,Training
E:\Dr. Atef Ismail\Khaled Dental\Paper2\archive (10)\Mouth Ulcer\Mouth_Ulcer_0_8244.jpeg,Mouth_Ulcer_0_8244.jpeg,Mouth Ulcer,Training
E:\Dr. Atef Ismail\Khaled Dental\Paper2\archive (10)\Mouth Ulcer\Mouth_Ulcer_0_2079.jpeg,Mouth_Ulcer_0_2079.jpeg,Mouth Ulcer,Training
E:\Dr. Atef Ismail\Khaled Dental\Paper2\archive (10)\Tooth Discoloration\Tooth_Discoloration_0_8985.jpeg,Tooth_Discoloration_0_8985.jpeg,Tooth Discoloration,Training
E:\Dr. Atef Ismail\Khaled Dental\Paper2\archive (10)\hypodontia\(987).JPG,(987).JPG,Hypodontia,Training
E:\Dr. Atef Ismail\Khaled Dental\Paper2\archive (10)\hypodontia\(488).JPG,(488).JPG,Hypodontia,Training
E:\Dr. Atef Ismail\Khaled Dental\Paper2\archive (10)\Caries_Gingivitus\caries_0_4028.jpeg,caries_0_4028.jpeg,Caries-Gingivitis,Training
E:\Dr. Atef Ismail\Khaled Dental\Paper2\archive (10)\Mouth Ulcer\Mouth_Ulcer_0_3913.jpeg,Mouth_Ulcer_0_3913.jpeg,Mouth Ulcer,Training
E:\Dr. Atef Ismail\Khaled Dental\Paper2\archive (10)\Calculus\(442).jpg,(442).jpg,Calculus,Training
E:\Dr. Atef Ismail\Khaled Dental\Paper2\archive (10)\Mouth Ulcer\Mouth_Ulcer_0_3465.jpeg,Mouth_Ulcer_0_3465.jpeg,Mouth Ulcer,Training
E:\Dr. Atef Ismail\Khaled Dental\Paper2\archive (10)\Gingivitis\(1710).jpg,(1710).jpg,Gingivitis,Training
E:\Dr. Atef Ismail\Khaled Dental\Paper2\archive (10)\Mouth Ulcer\Mouth_Ulcer_0_1169.jpeg,Mouth_Ulcer_0_1169.jpeg,Mouth Ulcer,Training
E:\Dr. Atef Ismail\Khaled Dental\Paper2\archive (10)\Mouth Ulcer\Mouth_Ulcer_0_9942.jpeg,Mouth_Ulcer_0_9942.jpeg,Mouth Ulcer,Training
E:\Dr. Atef Ismail\Khaled Dental\Paper2\archive (10)\Tooth Discoloration\Tooth_Discoloration_0_2063.jpeg,Tooth_Discoloration_0_2063.jpeg,Tooth Discoloration,Training
E:\Dr. Atef Ismail\Khaled Dental\Paper2\archive (10)\Caries_Gingivitus\439.jpg,439.jpg,Caries-Gingivitis,Training
E:\Dr. Atef Ismail\Khaled Dental\Paper2\archive (10)\Mouth Ulcer\Mouth_Ulcer_0_7925.jpeg,Mouth_Ulcer_0_7925.jpeg,Mouth Ulcer,Training
E:\Dr. Atef Ismail\Khaled Dental\Paper2\archive (10)\Mouth Ulcer\Mouth_Ulcer_0_1937.jpeg,Mouth_Ulcer_0_1937.jpeg,Mouth Ulcer,Training
E:\Dr. Atef Ismail\Khaled Dental\Paper2\archive (10)\Gingivitis\(2015).jpg,(2015).jpg,Gingivitis,Training
E:\Dr. Atef Ismail\Khaled Dental\Paper2\archive (10)\Mouth Ulcer\Mouth_Ulcer_0_2004.jpeg,Mouth_Ulcer_0_2004.jpeg,Mouth Ulcer,Training
E:\Dr. Atef Ismail\Khaled Dental\Paper2\archive (10)\Tooth Discoloration\Tooth_Discoloration_0_8092.jpeg,Tooth_Discoloration_0_8092.jpeg,Tooth Discoloration,Training
E:\Dr. Atef Ismail\Khaled Dental\Paper2\archive (10)\Gingivitis\(1404).jpg,(1404).jpg,Gingivitis,Training
E:\Dr. Atef Ismail\Khaled Dental\Paper2\archive (10)\Mouth Ulcer\Mouth_Ulcer_0_3458.jpeg,Mouth_Ulcer_0_3458.jpeg,Mouth Ulcer,Training
E:\Dr. Atef Ismail\Khaled Dental\Paper2\archive (10)\hypodontia\(1116).JPG,(1116).JPG,Hypodontia,Training
E:\Dr. Atef Ismail\Khaled Dental\Paper2\archive (10)\Calculus\(61).jpg,(61).jpg,Calculus,Training
E:\Dr. Atef Ismail\Khaled Dental\Paper2\archive (10)\Gingivitis\(502).jpg,(502).jpg,Gingivitis,Training
E:\Dr. Atef Ismail\Khaled Dental\Paper2\archive (10)\hypodontia\(1205).JPG,(1205).JPG,Hypodontia,Training
E:\Dr. Atef Ismail\Khaled Dental\Paper2\archive (10)\Mouth Ulcer\Mouth_Ulcer_0_6156.jpeg,Mouth_Ulcer_0_6156.jpeg,Mouth Ulcer,Training
E:\Dr. Atef Ismail\Khaled Dental\Paper2\archive (10)\Mouth Ulcer\Mouth_Ulcer_0_655.jpeg,Mouth_Ulcer_0_655.jpeg,Mouth Ulcer,Training
E:\Dr. Atef Ismail\Khaled Dental\Paper2\archive (10)\Gingivitis\(1408).jpg,(1408).jpg,Gingivitis,Training
E:\Dr. Atef Ismail\Khaled Dental\Paper2\archive (10)\Tooth Discoloration\Tooth_Discoloration_0_7834.jpeg,Tooth_Discoloration_0_7834.jpeg,Tooth Discoloration,Training
E:\Dr. Atef Ismail\Khaled Dental\Paper2\archive (10)\Gingivitis\(540).jpg,(540).jpg,Gingivitis,Training
E:\Dr. Atef Ismail\Khaled Dental\Paper2\archive (10)\Caries_Gingivitus\caries_0_46.jpeg,caries_0_46.jpeg,Caries-Gingivitis,Training
E:\Dr. Atef Ismail\Khaled Dental\Paper2\archive (10)\Mouth Ulcer\Mouth_Ulcer_0_956.jpeg,Mouth_Ulcer_0_956.jpeg,Mouth Ulcer,Training
E:\Dr. Atef Ismail\Khaled Dental\Paper2\archive (10)\Calculus\(188).jpg,(188).jpg,Calculus,Training
E:\Dr. Atef Ismail\Khaled Dental\Paper2\archive (10)\Gingivitis\(1812).jpg,(1812).jpg,Gingivitis,Training
E:\Dr. Atef Ismail\Khaled Dental\Paper2\archive (10)\Mouth Ulcer\Mouth_Ulcer_0_6814.jpeg,Mouth_Ulcer_0_6814.jpeg,Mouth Ulcer,Training
E:\Dr. Atef Ismail\Khaled Dental\Paper2\archive (10)\Calculus\(702).jpg,(702).jpg,Calculus,Training
E:\Dr. Atef Ismail\Khaled Dental\Paper2\archive (10)\Calculus\(224).jpg,(224).jpg,Calculus,Training
E:\Dr. Atef Ismail\Khaled Dental\Paper2\archive (10)\Tooth Discoloration\Tooth_Discoloration_0_5954.jpeg,Tooth_Discoloration_0_5954.jpeg,Tooth Discoloration,Training
E:\Dr. Atef Ismail\Khaled Dental\Paper2\archive (10)\Tooth Discoloration\Tooth_Discoloration_0_6128.jpeg,Tooth_Discoloration_0_6128.jpeg,Tooth Discoloration,Training
E:\Dr. Atef Ismail\Khaled Dental\Paper2\archive (10)\Caries_Gingivitus\638.jpg,638.jpg,Caries-Gingivitis,Training
E:\Dr. Atef Ismail\Khaled Dental\Paper2\archive (10)\Gingivitis\(313).jpg,(313).jpg,Gingivitis,Training
E:\Dr. Atef Ismail\Khaled Dental\Paper2\archive (10)\Gingivitis\(843).jpg,(843).jpg,Gingivitis,Training
E:\Dr. Atef Ismail\Khaled Dental\Paper2\archive (10)\Caries_Gingivitus\caries_0_713.jpeg,caries_0_713.jpeg,Caries-Gingivitis,Training
E:\Dr. Atef Ismail\Khaled Dental\Paper2\archive (10)\Gingivitis\(535).jpg,(535).jpg,Gingivitis,Training
E:\Dr. Atef Ismail\Khaled Dental\Paper2\archive (10)\Gingivitis\(1373).jpg,(1373).jpg,Gingivitis,Training
E:\Dr. Atef Ismail\Khaled Dental\Paper2\archive (10)\Gingivitis\(1114)(1).jpg,(1114)(1).jpg,Gingivitis,Training
E:\Dr. Atef Ismail\Khaled Dental\Paper2\archive (10)\Gingivitis\(33).jpg,(33).jpg,Gingivitis,Training
E:\Dr. Atef Ismail\Khaled Dental\Paper2\archive (10)\Gingivitis\(1300).jpg,(1300).jpg,Gingivitis,Training
E:\Dr. Atef Ismail\Khaled Dental\Paper2\archive (10)\Mouth Ulcer\Mouth_Ulcer_0_35.jpeg,Mouth_Ulcer_0_35.jpeg,Mouth Ulcer,Training
E:\Dr. Atef Ismail\Khaled Dental\Paper2\archive (10)\hypodontia\(1170).JPG,(1170).JPG,Hypodontia,Training
E:\Dr. Atef Ismail\Khaled Dental\Paper2\archive (10)\Gingivitis\(1460).jpg,(1460).jpg,Gingivitis,Training
E:\Dr. Atef Ismail\Khaled Dental\Paper2\archive (10)\Caries_Gingivitus\caries_0_5102.jpeg,caries_0_5102.jpeg,Caries-Gingivitis,Training
E:\Dr. Atef Ismail\Khaled Dental\Paper2\archive (10)\Caries_Gingivitus\caries_0_3666.jpeg,caries_0_3666.jpeg,Caries-Gingivitis,Training
E:\Dr. Atef Ismail\Khaled Dental\Paper2\archive (10)\Caries_Gingivitus\110.jpg,110.jpg,Caries-Gingivitis,Training
E:\Dr. Atef Ismail\Khaled Dental\Paper2\archive (10)\Tooth Discoloration\Tooth_Discoloration_0_6715.jpeg,Tooth_Discoloration_0_6715.jpeg,Tooth Discoloration,Training
E:\Dr. Atef Ismail\Khaled Dental\Paper2\archive (10)\Tooth Discoloration\Tooth_Discoloration_0_6123.jpeg,Tooth_Discoloration_0_6123.jpeg,Tooth Discoloration,Training
E:\Dr. Atef Ismail\Khaled Dental\Paper2\archive (10)\Tooth Discoloration\Tooth_Discoloration_0_4617.jpeg,Tooth_Discoloration_0_4617.jpeg,Tooth Discoloration,Training
E:\Dr. Atef Ismail\Khaled Dental\Paper2\archive (10)\Gingivitis\(121).jpg,(121).jpg,Gingivitis,Training
E:\Dr. Atef Ismail\Khaled Dental\Paper2\archive (10)\Calculus\(468).jpg,(468).jpg,Calculus,Training
E:\Dr. Atef Ismail\Khaled Dental\Paper2\archive (10)\Mouth Ulcer\Mouth_Ulcer_0_105.jpeg,Mouth_Ulcer_0_105.jpeg,Mouth Ulcer,Training
E:\Dr. Atef Ismail\Khaled Dental\Paper2\archive (10)\Mouth Ulcer\Mouth_Ulcer_0_8767.jpeg,Mouth_Ulcer_0_8767.jpeg,Mouth Ulcer,Training
E:\Dr. Atef Ismail\Khaled Dental\Paper2\archive (10)\Gingivitis\(2273).jpg,(2273).jpg,Gingivitis,Training
E:\Dr. Atef Ismail\Khaled Dental\Paper2\archive (10)\Mouth Ulcer\Mouth_Ulcer_0_4872.jpeg,Mouth_Ulcer_0_4872.jpeg,Mouth Ulcer,Training
E:\Dr. Atef Ismail\Khaled Dental\Paper2\archive (10)\Calculus\(704).jpg,(704).jpg,Calculus,Training
E:\Dr. Atef Ismail\Khaled Dental\Paper2\archive (10)\hypodontia\(1105).jpg,(1105).jpg,Hypodontia,Training
E:\Dr. Atef Ismail\Khaled Dental\Paper2\archive (10)\hypodontia\(956).jpg,(956).jpg,Hypodontia,Training
E:\Dr. Atef Ismail\Khaled Dental\Paper2\archive (10)\Tooth Discoloration\Tooth_Discoloration_0_7909.jpeg,Tooth_Discoloration_0_7909.jpeg,Tooth Discoloration,Training
E:\Dr. Atef Ismail\Khaled Dental\Paper2\archive (10)\Tooth Discoloration\Tooth_Discoloration_0_9388.jpeg,Tooth_Discoloration_0_9388.jpeg,Tooth Discoloration,Training
E:\Dr. Atef Ismail\Khaled Dental\Paper2\archive (10)\Mouth Ulcer\Mouth_Ulcer_0_5249.jpeg,Mouth_Ulcer_0_5249.jpeg,Mouth Ulcer,Training
E:\Dr. Atef Ismail\Khaled Dental\Paper2\archive (10)\Mouth Ulcer\Mouth_Ulcer_0_5561.jpeg,Mouth_Ulcer_0_5561.jpeg,Mouth Ulcer,Training
E:\Dr. Atef Ismail\Khaled Dental\Paper2\archive (10)\Gingivitis\(2115).jpg,(2115).jpg,Gingivitis,Training
E:\Dr. Atef Ismail\Khaled Dental\Paper2\archive (10)\Caries_Gingivitus\499.jpg,499.jpg,Caries-Gingivitis,Training
E:\Dr. Atef Ismail\Khaled Dental\Paper2\archive (10)\hypodontia\(1207).JPG,(1207).JPG,Hypodontia,Training
E:\Dr. Atef Ismail\Khaled Dental\Paper2\archive (10)\Caries_Gingivitus\caries_0_3983.jpeg,caries_0_3983.jpeg,Caries-Gingivitis,Training
E:\Dr. Atef Ismail\Khaled Dental\Paper2\archive (10)\hypodontia\(768).JPG,(768).JPG,Hypodontia,Training
E:\Dr. Atef Ismail\Khaled Dental\Paper2\archive (10)\Gingivitis\(598).jpg,(598).jpg,Gingivitis,Training
E:\Dr. Atef Ismail\Khaled Dental\Paper2\archive (10)\hypodontia\(1134).JPG,(1134).JPG,Hypodontia,Training
E:\Dr. Atef Ismail\Khaled Dental\Paper2\archive (10)\Caries_Gingivitus\caries_0_5081.jpeg,caries_0_5081.jpeg,Caries-Gingivitis,Training
E:\Dr. Atef Ismail\Khaled Dental\Paper2\archive (10)\Mouth Ulcer\Mouth_Ulcer_0_7701.jpeg,Mouth_Ulcer_0_7701.jpeg,Mouth Ulcer,Training
E:\Dr. Atef Ismail\Khaled Dental\Paper2\archive (10)\Mouth Ulcer\Mouth_Ulcer_0_7497.jpeg,Mouth_Ulcer_0_7497.jpeg,Mouth Ulcer,Training
E:\Dr. Atef Ismail\Khaled Dental\Paper2\archive (10)\Caries_Gingivitus\301.jpg,301.jpg,Caries-Gingivitis,Training
E:\Dr. Atef Ismail\Khaled Dental\Paper2\archive (10)\Mouth Ulcer\Mouth_Ulcer_0_5070.jpeg,Mouth_Ulcer_0_5070.jpeg,Mouth Ulcer,Training
E:\Dr. Atef Ismail\Khaled Dental\Paper2\archive (10)\Mouth Ulcer\Mouth_Ulcer_0_5926.jpeg,Mouth_Ulcer_0_5926.jpeg,Mouth Ulcer,Training
E:\Dr. Atef Ismail\Khaled Dental\Paper2\archive (10)\Caries_Gingivitus\caries_0_4859.jpeg,caries_0_4859.jpeg,Caries-Gingivitis,Training
E:\Dr. Atef Ismail\Khaled Dental\Paper2\archive (10)\Gingivitis\(1030).jpg,(1030).jpg,Gingivitis,Training
E:\Dr. Atef Ismail\Khaled Dental\Paper2\archive (10)\hypodontia\(114).JPG,(114).JPG,Hypodontia,Training
E:\Dr. Atef Ismail\Khaled Dental\Paper2\archive (10)\Tooth Discoloration\Tooth_Discoloration_0_401.jpeg,Tooth_Discoloration_0_401.jpeg,Tooth Discoloration,Training
E:\Dr. Atef Ismail\Khaled Dental\Paper2\archive (10)\Mouth Ulcer\Mouth_Ulcer_0_1208.jpeg,Mouth_Ulcer_0_1208.jpeg,Mouth Ulcer,Training
E:\Dr. Atef Ismail\Khaled Dental\Paper2\archive (10)\Tooth Discoloration\Tooth_Discoloration_0_5027.jpeg,Tooth_Discoloration_0_5027.jpeg,Tooth Discoloration,Training
E:\Dr. Atef Ismail\Khaled Dental\Paper2\archive (10)\Gingivitis\(2013).jpg,(2013).jpg,Gingivitis,Training
E:\Dr. Atef Ismail\Khaled Dental\Paper2\archive (10)\Calculus\(834).jpg,(834).jpg,Calculus,Training
E:\Dr. Atef Ismail\Khaled Dental\Paper2\archive (10)\Caries_Gingivitus\510.jpg,510.jpg,Caries-Gingivitis,Training
E:\Dr. Atef Ismail\Khaled Dental\Paper2\archive (10)\Gingivitis\(1705).jpg,(1705).jpg,Gingivitis,Training
E:\Dr. Atef Ismail\Khaled Dental\Paper2\archive (10)\Tooth Discoloration\Tooth_Discoloration_0_4503.jpeg,Tooth_Discoloration_0_4503.jpeg,Tooth Discoloration,Training
E:\Dr. Atef Ismail\Khaled Dental\Paper2\archive (10)\hypodontia\(321).JPG,(321).JPG,Hypodontia,Training
E:\Dr. Atef Ismail\Khaled Dental\Paper2\archive (10)\Tooth Discoloration\Tooth_Discoloration_0_3737.jpeg,Tooth_Discoloration_0_3737.jpeg,Tooth Discoloration,Training
E:\Dr. Atef Ismail\Khaled Dental\Paper2\archive (10)\Gingivitis\(1723).jpg,(1723).jpg,Gingivitis,Training
E:\Dr. Atef Ismail\Khaled Dental\Paper2\archive (10)\Mouth Ulcer\Mouth_Ulcer_0_4713.jpeg,Mouth_Ulcer_0_4713.jpeg,Mouth Ulcer,Training
E:\Dr. Atef Ismail\Khaled Dental\Paper2\archive (10)\Gingivitis\(1021).jpg,(1021).jpg,Gingivitis,Training
E:\Dr. Atef Ismail\Khaled Dental\Paper2\archive (10)\Mouth Ulcer\Mouth_Ulcer_0_6628.jpeg,Mouth_Ulcer_0_6628.jpeg,Mouth Ulcer,Training
E:\Dr. Atef Ismail\Khaled Dental\Paper2\archive (10)\Caries_Gingivitus\441.jpg,441.jpg,Caries-Gingivitis,Training
E:\Dr. Atef Ismail\Khaled Dental\Paper2\archive (10)\Caries_Gingivitus\95.jpg,95.jpg,Caries-Gingivitis,Training
E:\Dr. Atef Ismail\Khaled Dental\Paper2\archive (10)\Calculus\(555).jpg,(555).jpg,Calculus,Training
E:\Dr. Atef Ismail\Khaled Dental\Paper2\archive (10)\Mouth Ulcer\Mouth_Ulcer_0_6300.jpeg,Mouth_Ulcer_0_6300.jpeg,Mouth Ulcer,Training
E:\Dr. Atef Ismail\Khaled Dental\Paper2\archive (10)\Tooth Discoloration\Tooth_Discoloration_0_1686.jpeg,Tooth_Discoloration_0_1686.jpeg,Tooth Discoloration,Training
E:\Dr. Atef Ismail\Khaled Dental\Paper2\archive (10)\Gingivitis\(1713).jpg,(1713).jpg,Gingivitis,Training
E:\Dr. Atef Ismail\Khaled Dental\Paper2\archive (10)\Calculus\(167).jpg,(167).jpg,Calculus,Training
E:\Dr. Atef Ismail\Khaled Dental\Paper2\archive (10)\Caries_Gingivitus\(206).jpg,(206).jpg,Caries-Gingivitis,Training
E:\Dr. Atef Ismail\Khaled Dental\Paper2\archive (10)\hypodontia\(923).JPG,(923).JPG,Hypodontia,Training
E:\Dr. Atef Ismail\Khaled Dental\Paper2\archive (10)\Calculus\(814).jpg,(814).jpg,Calculus,Training
E:\Dr. Atef Ismail\Khaled Dental\Paper2\archive (10)\Tooth Discoloration\Tooth_Discoloration_0_607.jpeg,Tooth_Discoloration_0_607.jpeg,Tooth Discoloration,Training
E:\Dr. Atef Ismail\Khaled Dental\Paper2\archive (10)\Tooth Discoloration\Tooth_Discoloration_0_9086.jpeg,Tooth_Discoloration_0_9086.jpeg,Tooth Discoloration,Training
E:\Dr. Atef Ismail\Khaled Dental\Paper2\archive (10)\Caries_Gingivitus\311.jpg,311.jpg,Caries-Gingivitis,Training
E:\Dr. Atef Ismail\Khaled Dental\Paper2\archive (10)\Mouth Ulcer\Mouth_Ulcer_0_3943.jpeg,Mouth_Ulcer_0_3943.jpeg,Mouth Ulcer,Training
E:\Dr. Atef Ismail\Khaled Dental\Paper2\archive (10)\Tooth Discoloration\Tooth_Discoloration_0_4360.jpeg,Tooth_Discoloration_0_4360.jpeg,Tooth Discoloration,Training
E:\Dr. Atef Ismail\Khaled Dental\Paper2\archive (10)\hypodontia\(1054).jpg,(1054).jpg,Hypodontia,Training
E:\Dr. Atef Ismail\Khaled Dental\Paper2\archive (10)\Gingivitis\(2123).jpg,(2123).jpg,Gingivitis,Training
E:\Dr. Atef Ismail\Khaled Dental\Paper2\archive (10)\Mouth Ulcer\Mouth_Ulcer_0_5416.jpeg,Mouth_Ulcer_0_5416.jpeg,Mouth Ulcer,Training
E:\Dr. Atef Ismail\Khaled Dental\Paper2\archive (10)\Gingivitis\(550).jpg,(550).jpg,Gingivitis,Training
E:\Dr. Atef Ismail\Khaled Dental\Paper2\archive (10)\Caries_Gingivitus\caries_0_4665.jpeg,caries_0_4665.jpeg,Caries-Gingivitis,Training
E:\Dr. Atef Ismail\Khaled Dental\Paper2\archive (10)\Mouth Ulcer\Mouth_Ulcer_0_1568.jpeg,Mouth_Ulcer_0_1568.jpeg,Mouth Ulcer,Training
E:\Dr. Atef Ismail\Khaled Dental\Paper2\archive (10)\Calculus\(847).jpg,(847).jpg,Calculus,Training
E:\Dr. Atef Ismail\Khaled Dental\Paper2\archive (10)\Calculus\(436).jpg,(436).jpg,Calculus,Training
E:\Dr. Atef Ismail\Khaled Dental\Paper2\archive (10)\Calculus\(889).jpg,(889).jpg,Calculus,Training
E:\Dr. Atef Ismail\Khaled Dental\Paper2\archive (10)\Calculus\(462).jpg,(462).jpg,Calculus,Training
E:\Dr. Atef Ismail\Khaled Dental\Paper2\archive (10)\Calculus\(839).jpg,(839).jpg,Calculus,Training
E:\Dr. Atef Ismail\Khaled Dental\Paper2\archive (10)\Gingivitis\(135).jpg,(135).jpg,Gingivitis,Training
E:\Dr. Atef Ismail\Khaled Dental\Paper2\archive (10)\Gingivitis\(2031).jpg,(2031).jpg,Gingivitis,Training
E:\Dr. Atef Ismail\Khaled Dental\Paper2\archive (10)\Gingivitis\(1109)(1).jpg,(1109)(1).jpg,Gingivitis,Training
E:\Dr. Atef Ismail\Khaled Dental\Paper2\archive (10)\Tooth Discoloration\Tooth_Discoloration_0_7718.jpeg,Tooth_Discoloration_0_7718.jpeg,Tooth Discoloration,Training
E:\Dr. Atef Ismail\Khaled Dental\Paper2\archive (10)\Gingivitis\(926).jpg,(926).jpg,Gingivitis,Training
E:\Dr. Atef Ismail\Khaled Dental\Paper2\archive (10)\Tooth Discoloration\Tooth_Discoloration_0_5836.jpeg,Tooth_Discoloration_0_5836.jpeg,Tooth Discoloration,Training
E:\Dr. Atef Ismail\Khaled Dental\Paper2\archive (10)\Tooth Discoloration\Tooth_Discoloration_0_7326.jpeg,Tooth_Discoloration_0_7326.jpeg,Tooth Discoloration,Training
E:\Dr. Atef Ismail\Khaled Dental\Paper2\archive (10)\Mouth Ulcer\Mouth_Ulcer_0_5799.jpeg,Mouth_Ulcer_0_5799.jpeg,Mouth Ulcer,Training
E:\Dr. Atef Ismail\Khaled Dental\Paper2\archive (10)\Calculus\(343).jpg,(343).jpg,Calculus,Training
E:\Dr. Atef Ismail\Khaled Dental\Paper2\archive (10)\Calculus\(810).jpg,(810).jpg,Calculus,Training
E:\Dr. Atef Ismail\Khaled Dental\Paper2\archive (10)\Gingivitis\(776).jpg,(776).jpg,Gingivitis,Training
E:\Dr. Atef Ismail\Khaled Dental\Paper2\archive (10)\Gingivitis\(381).jpg,(381).jpg,Gingivitis,Training
E:\Dr. Atef Ismail\Khaled Dental\Paper2\archive (10)\Gingivitis\(1623).jpg,(1623).jpg,Gingivitis,Training
E:\Dr. Atef Ismail\Khaled Dental\Paper2\archive (10)\Gingivitis\(1857).jpg,(1857).jpg,Gingivitis,Training
E:\Dr. Atef Ismail\Khaled Dental\Paper2\archive (10)\hypodontia\(690).jpg,(690).jpg,Hypodontia,Training
E:\Dr. Atef Ismail\Khaled Dental\Paper2\archive (10)\Tooth Discoloration\Tooth_Discoloration_0_9666.jpeg,Tooth_Discoloration_0_9666.jpeg,Tooth Discoloration,Training
E:\Dr. Atef Ismail\Khaled Dental\Paper2\archive (10)\Gingivitis\(773).jpg,(773).jpg,Gingivitis,Training
E:\Dr. Atef Ismail\Khaled Dental\Paper2\archive (10)\hypodontia\(809).JPG,(809).JPG,Hypodontia,Training
E:\Dr. Atef Ismail\Khaled Dental\Paper2\archive (10)\Caries_Gingivitus\caries_0_4884.jpeg,caries_0_4884.jpeg,Caries-Gingivitis,Training
E:\Dr. Atef Ismail\Khaled Dental\Paper2\archive (10)\Gingivitis\(549).jpg,(549).jpg,Gingivitis,Training
E:\Dr. Atef Ismail\Khaled Dental\Paper2\archive (10)\Gingivitis\(1051).jpg,(1051).jpg,Gingivitis,Training
E:\Dr. Atef Ismail\Khaled Dental\Paper2\archive (10)\Mouth Ulcer\Mouth_Ulcer_0_3653.jpeg,Mouth_Ulcer_0_3653.jpeg,Mouth Ulcer,Training
E:\Dr. Atef Ismail\Khaled Dental\Paper2\archive (10)\Calculus\(1172).jpg,(1172).jpg,Calculus,Training
E:\Dr. Atef Ismail\Khaled Dental\Paper2\archive (10)\Mouth Ulcer\Mouth_Ulcer_0_2231.jpeg,Mouth_Ulcer_0_2231.jpeg,Mouth Ulcer,Training
E:\Dr. Atef Ismail\Khaled Dental\Paper2\archive (10)\Gingivitis\(906).jpg,(906).jpg,Gingivitis,Training
E:\Dr. Atef Ismail\Khaled Dental\Paper2\archive (10)\hypodontia\(55).JPG,(55).JPG,Hypodontia,Training
E:\Dr. Atef Ismail\Khaled Dental\Paper2\archive (10)\Tooth Discoloration\Tooth_Discoloration_0_5745.jpeg,Tooth_Discoloration_0_5745.jpeg,Tooth Discoloration,Training
E:\Dr. Atef Ismail\Khaled Dental\Paper2\archive (10)\Mouth Ulcer\Mouth_Ulcer_0_9395.jpeg,Mouth_Ulcer_0_9395.jpeg,Mouth Ulcer,Training
E:\Dr. Atef Ismail\Khaled Dental\Paper2\archive (10)\Caries_Gingivitus\366.jpg,366.jpg,Caries-Gingivitis,Training
E:\Dr. Atef Ismail\Khaled Dental\Paper2\archive (10)\Mouth Ulcer\Mouth_Ulcer_0_2085.jpeg,Mouth_Ulcer_0_2085.jpeg,Mouth Ulcer,Training
E:\Dr. Atef Ismail\Khaled Dental\Paper2\archive (10)\Gingivitis\(646).jpg,(646).jpg,Gingivitis,Training
E:\Dr. Atef Ismail\Khaled Dental\Paper2\archive (10)\Calculus\(381).jpg,(381).jpg,Calculus,Training
E:\Dr. Atef Ismail\Khaled Dental\Paper2\archive (10)\Caries_Gingivitus\(12).jpg,(12).jpg,Caries-Gingivitis,Training
E:\Dr. Atef Ismail\Khaled Dental\Paper2\archive (10)\Calculus\(330).jpg,(330).jpg,Calculus,Training
E:\Dr. Atef Ismail\Khaled Dental\Paper2\archive (10)\Caries_Gingivitus\312.jpg,312.jpg,Caries-Gingivitis,Training
E:\Dr. Atef Ismail\Khaled Dental\Paper2\archive (10)\Caries_Gingivitus\caries_0_4253.jpeg,caries_0_4253.jpeg,Caries-Gingivitis,Training
E:\Dr. Atef Ismail\Khaled Dental\Paper2\archive (10)\Calculus\(502).jpg,(502).jpg,Calculus,Training
E:\Dr. Atef Ismail\Khaled Dental\Paper2\archive (10)\Calculus\(720).jpg,(720).jpg,Calculus,Training
E:\Dr. Atef Ismail\Khaled Dental\Paper2\archive (10)\Mouth Ulcer\Mouth_Ulcer_0_6491.jpeg,Mouth_Ulcer_0_6491.jpeg,Mouth Ulcer,Training
E:\Dr. Atef Ismail\Khaled Dental\Paper2\archive (10)\Calculus\(630).jpg,(630).jpg,Calculus,Training
E:\Dr. Atef Ismail\Khaled Dental\Paper2\archive (10)\Mouth Ulcer\Mouth_Ulcer_0_3757.jpeg,Mouth_Ulcer_0_3757.jpeg,Mouth Ulcer,Training
E:\Dr. Atef Ismail\Khaled Dental\Paper2\archive (10)\hypodontia\(871).JPG,(871).JPG,Hypodontia,Training
E:\Dr. Atef Ismail\Khaled Dental\Paper2\archive (10)\Mouth Ulcer\Mouth_Ulcer_0_9093.jpeg,Mouth_Ulcer_0_9093.jpeg,Mouth Ulcer,Training
E:\Dr. Atef Ismail\Khaled Dental\Paper2\archive (10)\Mouth Ulcer\Mouth_Ulcer_0_4712.jpeg,Mouth_Ulcer_0_4712.jpeg,Mouth Ulcer,Training
E:\Dr. Atef Ismail\Khaled Dental\Paper2\archive (10)\Mouth Ulcer\Mouth_Ulcer_0_4213.jpeg,Mouth_Ulcer_0_4213.jpeg,Mouth Ulcer,Training
E:\Dr. Atef Ismail\Khaled Dental\Paper2\archive (10)\Tooth Discoloration\Tooth_Discoloration_0_2985.jpeg,Tooth_Discoloration_0_2985.jpeg,Tooth Discoloration,Training
E:\Dr. Atef Ismail\Khaled Dental\Paper2\archive (10)\Mouth Ulcer\Mouth_Ulcer_0_2978.jpeg,Mouth_Ulcer_0_2978.jpeg,Mouth Ulcer,Training
E:\Dr. Atef Ismail\Khaled Dental\Paper2\archive (10)\Caries_Gingivitus\72.jpg,72.jpg,Caries-Gingivitis,Training
E:\Dr. Atef Ismail\Khaled Dental\Paper2\archive (10)\Mouth Ulcer\Mouth_Ulcer_0_7025.jpeg,Mouth_Ulcer_0_7025.jpeg,Mouth Ulcer,Training
E:\Dr. Atef Ismail\Khaled Dental\Paper2\archive (10)\Caries_Gingivitus\619.jpg,619.jpg,Caries-Gingivitis,Training
E:\Dr. Atef Ismail\Khaled Dental\Paper2\archive (10)\Mouth Ulcer\Mouth_Ulcer_0_9285.jpeg,Mouth_Ulcer_0_9285.jpeg,Mouth Ulcer,Training
E:\Dr. Atef Ismail\Khaled Dental\Paper2\archive (10)\Caries_Gingivitus\caries_0_3652.jpeg,caries_0_3652.jpeg,Caries-Gingivitis,Training
E:\Dr. Atef Ismail\Khaled Dental\Paper2\archive (10)\Gingivitis\(165).jpg,(165).jpg,Gingivitis,Training
E:\Dr. Atef Ismail\Khaled Dental\Paper2\archive (10)\hypodontia\(49).JPG,(49).JPG,Hypodontia,Training
E:\Dr. Atef Ismail\Khaled Dental\Paper2\archive (10)\hypodontia\(291).JPG,(291).JPG,Hypodontia,Training
E:\Dr. Atef Ismail\Khaled Dental\Paper2\archive (10)\Mouth Ulcer\Mouth_Ulcer_0_8800.jpeg,Mouth_Ulcer_0_8800.jpeg,Mouth Ulcer,Training
E:\Dr. Atef Ismail\Khaled Dental\Paper2\archive (10)\Tooth Discoloration\Tooth_Discoloration_0_1610.jpeg,Tooth_Discoloration_0_1610.jpeg,Tooth Discoloration,Training
E:\Dr. Atef Ismail\Khaled Dental\Paper2\archive (10)\Mouth Ulcer\Mouth_Ulcer_0_3595.jpeg,Mouth_Ulcer_0_3595.jpeg,Mouth Ulcer,Training
E:\Dr. Atef Ismail\Khaled Dental\Paper2\archive (10)\Mouth Ulcer\Mouth_Ulcer_0_5998.jpeg,Mouth_Ulcer_0_5998.jpeg,Mouth Ulcer,Training
E:\Dr. Atef Ismail\Khaled Dental\Paper2\archive (10)\Caries_Gingivitus\(151).jpg,(151).jpg,Caries-Gingivitis,Training
E:\Dr. Atef Ismail\Khaled Dental\Paper2\archive (10)\Mouth Ulcer\Mouth_Ulcer_0_1471.jpeg,Mouth_Ulcer_0_1471.jpeg,Mouth Ulcer,Training
E:\Dr. Atef Ismail\Khaled Dental\Paper2\archive (10)\Gingivitis\(1808).jpg,(1808).jpg,Gingivitis,Training
E:\Dr. Atef Ismail\Khaled Dental\Paper2\archive (10)\Tooth Discoloration\Tooth_Discoloration_0_4033.jpeg,Tooth_Discoloration_0_4033.jpeg,Tooth Discoloration,Training
E:\Dr. Atef Ismail\Khaled Dental\Paper2\archive (10)\Calculus\(1250).jpg,(1250).jpg,Calculus,Training
E:\Dr. Atef Ismail\Khaled Dental\Paper2\archive (10)\Caries_Gingivitus\caries_0_3680.jpeg,caries_0_3680.jpeg,Caries-Gingivitis,Training
E:\Dr. Atef Ismail\Khaled Dental\Paper2\archive (10)\Caries_Gingivitus\299.jpg,299.jpg,Caries-Gingivitis,Training
E:\Dr. Atef Ismail\Khaled Dental\Paper2\archive (10)\Caries_Gingivitus\50.jpg,50.jpg,Caries-Gingivitis,Training
E:\Dr. Atef Ismail\Khaled Dental\Paper2\archive (10)\Caries_Gingivitus\563.jpg,563.jpg,Caries-Gingivitis,Training
E:\Dr. Atef Ismail\Khaled Dental\Paper2\archive (10)\Gingivitis\(282).jpg,(282).jpg,Gingivitis,Training
E:\Dr. Atef Ismail\Khaled Dental\Paper2\archive (10)\Mouth Ulcer\Mouth_Ulcer_0_5523.jpeg,Mouth_Ulcer_0_5523.jpeg,Mouth Ulcer,Training
E:\Dr. Atef Ismail\Khaled Dental\Paper2\archive (10)\Calculus\(252).jpg,(252).jpg,Calculus,Training
E:\Dr. Atef Ismail\Khaled Dental\Paper2\archive (10)\Gingivitis\(994).jpg,(994).jpg,Gingivitis,Training
E:\Dr. Atef Ismail\Khaled Dental\Paper2\archive (10)\Mouth Ulcer\Mouth_Ulcer_0_7805.jpeg,Mouth_Ulcer_0_7805.jpeg,Mouth Ulcer,Training
E:\Dr. Atef Ismail\Khaled Dental\Paper2\archive (10)\Caries_Gingivitus\caries_0_4415.jpeg,caries_0_4415.jpeg,Caries-Gingivitis,Training
E:\Dr. Atef Ismail\Khaled Dental\Paper2\archive (10)\Calculus\(581).jpg,(581).jpg,Calculus,Training
E:\Dr. Atef Ismail\Khaled Dental\Paper2\archive (10)\Caries_Gingivitus\177.jpg,177.jpg,Caries-Gingivitis,Training
E:\Dr. Atef Ismail\Khaled Dental\Paper2\archive (10)\Calculus\(565).jpg,(565).jpg,Calculus,Training
E:\Dr. Atef Ismail\Khaled Dental\Paper2\archive (10)\Mouth Ulcer\Mouth_Ulcer_0_7939.jpeg,Mouth_Ulcer_0_7939.jpeg,Mouth Ulcer,Training
E:\Dr. Atef Ismail\Khaled Dental\Paper2\archive (10)\Mouth Ulcer\Mouth_Ulcer_0_4919.jpeg,Mouth_Ulcer_0_4919.jpeg,Mouth Ulcer,Training
E:\Dr. Atef Ismail\Khaled Dental\Paper2\archive (10)\Gingivitis\(1181).jpg,(1181).jpg,Gingivitis,Training
E:\Dr. Atef Ismail\Khaled Dental\Paper2\archive (10)\Gingivitis\(1344).jpg,(1344).jpg,Gingivitis,Training
E:\Dr. Atef Ismail\Khaled Dental\Paper2\archive (10)\Gingivitis\(362).jpg,(362).jpg,Gingivitis,Training
E:\Dr. Atef Ismail\Khaled Dental\Paper2\archive (10)\Gingivitis\(1694).jpg,(1694).jpg,Gingivitis,Training
E:\Dr. Atef Ismail\Khaled Dental\Paper2\archive (10)\hypodontia\(193).JPG,(193).JPG,Hypodontia,Training
E:\Dr. Atef Ismail\Khaled Dental\Paper2\archive (10)\Tooth Discoloration\Tooth_Discoloration_0_6585.jpeg,Tooth_Discoloration_0_6585.jpeg,Tooth Discoloration,Training
E:\Dr. Atef Ismail\Khaled Dental\Paper2\archive (10)\Gingivitis\(784).jpg,(784).jpg,Gingivitis,Training
E:\Dr. Atef Ismail\Khaled Dental\Paper2\archive (10)\Tooth Discoloration\Tooth_Discoloration_0_9305.jpeg,Tooth_Discoloration_0_9305.jpeg,Tooth Discoloration,Training
E:\Dr. Atef Ismail\Khaled Dental\Paper2\archive (10)\Caries_Gingivitus\caries_0_4328.jpeg,caries_0_4328.jpeg,Caries-Gingivitis,Training
E:\Dr. Atef Ismail\Khaled Dental\Paper2\archive (10)\Mouth Ulcer\Mouth_Ulcer_0_2232.jpeg,Mouth_Ulcer_0_2232.jpeg,Mouth Ulcer,Training
E:\Dr. Atef Ismail\Khaled Dental\Paper2\archive (10)\Caries_Gingivitus\125.jpg,125.jpg,Caries-Gingivitis,Training
E:\Dr. Atef Ismail\Khaled Dental\Paper2\archive (10)\Gingivitis\(682).jpg,(682).jpg,Gingivitis,Training
E:\Dr. Atef Ismail\Khaled Dental\Paper2\archive (10)\Mouth Ulcer\Mouth_Ulcer_0_8105.jpeg,Mouth_Ulcer_0_8105.jpeg,Mouth Ulcer,Training
E:\Dr. Atef Ismail\Khaled Dental\Paper2\archive (10)\Calculus\(86).jpg,(86).jpg,Calculus,Training
E:\Dr. Atef Ismail\Khaled Dental\Paper2\archive (10)\Gingivitis\(232).jpg,(232).jpg,Gingivitis,Training
E:\Dr. Atef Ismail\Khaled Dental\Paper2\archive (10)\Caries_Gingivitus\229.jpg,229.jpg,Caries-Gingivitis,Training
E:\Dr. Atef Ismail\Khaled Dental\Paper2\archive (10)\Gingivitis\(2261).jpg,(2261).jpg,Gingivitis,Training
E:\Dr. Atef Ismail\Khaled Dental\Paper2\archive (10)\Caries_Gingivitus\373.jpg,373.jpg,Caries-Gingivitis,Training
E:\Dr. Atef Ismail\Khaled Dental\Paper2\archive (10)\Caries_Gingivitus\caries_0_4336.jpeg,caries_0_4336.jpeg,Caries-Gingivitis,Training
E:\Dr. Atef Ismail\Khaled Dental\Paper2\archive (10)\Tooth Discoloration\Tooth_Discoloration_0_9493.jpeg,Tooth_Discoloration_0_9493.jpeg,Tooth Discoloration,Training
E:\Dr. Atef Ismail\Khaled Dental\Paper2\archive (10)\hypodontia\(785).JPG,(785).JPG,Hypodontia,Training
E:\Dr. Atef Ismail\Khaled Dental\Paper2\archive (10)\Caries_Gingivitus\(138).jpg,(138).jpg,Caries-Gingivitis,Training
E:\Dr. Atef Ismail\Khaled Dental\Paper2\archive (10)\hypodontia\(974).JPG,(974).JPG,Hypodontia,Training
E:\Dr. Atef Ismail\Khaled Dental\Paper2\archive (10)\Tooth Discoloration\Tooth_Discoloration_0_2639.jpeg,Tooth_Discoloration_0_2639.jpeg,Tooth Discoloration,Training
E:\Dr. Atef Ismail\Khaled Dental\Paper2\archive (10)\Gingivitis\(1702).jpg,(1702).jpg,Gingivitis,Training
E:\Dr. Atef Ismail\Khaled Dental\Paper2\archive (10)\Gingivitis\(1815).jpg,(1815).jpg,Gingivitis,Training
E:\Dr. Atef Ismail\Khaled Dental\Paper2\archive (10)\hypodontia\(823).jpg,(823).jpg,Hypodontia,Training
E:\Dr. Atef Ismail\Khaled Dental\Paper2\archive (10)\Mouth Ulcer\Mouth_Ulcer_0_6879.jpeg,Mouth_Ulcer_0_6879.jpeg,Mouth Ulcer,Training
E:\Dr. Atef Ismail\Khaled Dental\Paper2\archive (10)\Calculus\(226).jpg,(226).jpg,Calculus,Training
E:\Dr. Atef Ismail\Khaled Dental\Paper2\archive (10)\Caries_Gingivitus\227.jpg,227.jpg,Caries-Gingivitis,Training
E:\Dr. Atef Ismail\Khaled Dental\Paper2\archive (10)\Caries_Gingivitus\302.jpg,302.jpg,Caries-Gingivitis,Training
E:\Dr. Atef Ismail\Khaled Dental\Paper2\archive (10)\Tooth Discoloration\Tooth_Discoloration_0_2657.jpeg,Tooth_Discoloration_0_2657.jpeg,Tooth Discoloration,Training
E:\Dr. Atef Ismail\Khaled Dental\Paper2\archive (10)\Tooth Discoloration\Tooth_Discoloration_0_3969.jpeg,Tooth_Discoloration_0_3969.jpeg,Tooth Discoloration,Training
E:\Dr. Atef Ismail\Khaled Dental\Paper2\archive (10)\Gingivitis\(571).jpg,(571).jpg,Gingivitis,Training
E:\Dr. Atef Ismail\Khaled Dental\Paper2\archive (10)\hypodontia\(869).JPG,(869).JPG,Hypodontia,Training
E:\Dr. Atef Ismail\Khaled Dental\Paper2\archive (10)\Tooth Discoloration\Tooth_Discoloration_0_2666.jpeg,Tooth_Discoloration_0_2666.jpeg,Tooth Discoloration,Training
E:\Dr. Atef Ismail\Khaled Dental\Paper2\archive (10)\Tooth Discoloration\Tooth_Discoloration_0_7695.jpeg,Tooth_Discoloration_0_7695.jpeg,Tooth Discoloration,Training
E:\Dr. Atef Ismail\Khaled Dental\Paper2\archive (10)\hypodontia\(168).JPG,(168).JPG,Hypodontia,Training
E:\Dr. Atef Ismail\Khaled Dental\Paper2\archive (10)\Gingivitis\(1481).jpg,(1481).jpg,Gingivitis,Training
E:\Dr. Atef Ismail\Khaled Dental\Paper2\archive (10)\Gingivitis\(1134).jpg,(1134).jpg,Gingivitis,Training
E:\Dr. Atef Ismail\Khaled Dental\Paper2\archive (10)\Gingivitis\(840).jpg,(840).jpg,Gingivitis,Training
E:\Dr. Atef Ismail\Khaled Dental\Paper2\archive (10)\Tooth Discoloration\Tooth_Discoloration_0_6324.jpeg,Tooth_Discoloration_0_6324.jpeg,Tooth Discoloration,Training
E:\Dr. Atef Ismail\Khaled Dental\Paper2\archive (10)\Gingivitis\(1643).jpg,(1643).jpg,Gingivitis,Training
E:\Dr. Atef Ismail\Khaled Dental\Paper2\archive (10)\Mouth Ulcer\Mouth_Ulcer_0_6345.jpeg,Mouth_Ulcer_0_6345.jpeg,Mouth Ulcer,Training
E:\Dr. Atef Ismail\Khaled Dental\Paper2\archive (10)\Gingivitis\(438).jpg,(438).jpg,Gingivitis,Training
E:\Dr. Atef Ismail\Khaled Dental\Paper2\archive (10)\Calculus\(952).jpg,(952).jpg,Calculus,Training
E:\Dr. Atef Ismail\Khaled Dental\Paper2\archive (10)\Mouth Ulcer\Mouth_Ulcer_0_6428.jpeg,Mouth_Ulcer_0_6428.jpeg,Mouth Ulcer,Training
E:\Dr. Atef Ismail\Khaled Dental\Paper2\archive (10)\Gingivitis\(2130).jpg,(2130).jpg,Gingivitis,Training
E:\Dr. Atef Ismail\Khaled Dental\Paper2\archive (10)\hypodontia\(650).JPG,(650).JPG,Hypodontia,Training
E:\Dr. Atef Ismail\Khaled Dental\Paper2\archive (10)\Gingivitis\(508).jpg,(508).jpg,Gingivitis,Training
E:\Dr. Atef Ismail\Khaled Dental\Paper2\archive (10)\Tooth Discoloration\Tooth_Discoloration_0_4142.jpeg,Tooth_Discoloration_0_4142.jpeg,Tooth Discoloration,Training
E:\Dr. Atef Ismail\Khaled Dental\Paper2\archive (10)\Gingivitis\(1619).jpg,(1619).jpg,Gingivitis,Training
E:\Dr. Atef Ismail\Khaled Dental\Paper2\archive (10)\Tooth Discoloration\Tooth_Discoloration_0_834.jpeg,Tooth_Discoloration_0_834.jpeg,Tooth Discoloration,Training
E:\Dr. Atef Ismail\Khaled Dental\Paper2\archive (10)\Gingivitis\(1303).jpg,(1303).jpg,Gingivitis,Training
E:\Dr. Atef Ismail\Khaled Dental\Paper2\archive (10)\hypodontia\(642).JPG,(642).JPG,Hypodontia,Training
E:\Dr. Atef Ismail\Khaled Dental\Paper2\archive (10)\Tooth Discoloration\Tooth_Discoloration_0_7260.jpeg,Tooth_Discoloration_0_7260.jpeg,Tooth Discoloration,Training
E:\Dr. Atef Ismail\Khaled Dental\Paper2\archive (10)\Mouth Ulcer\Mouth_Ulcer_0_3163.jpeg,Mouth_Ulcer_0_3163.jpeg,Mouth Ulcer,Training
E:\Dr. Atef Ismail\Khaled Dental\Paper2\archive (10)\hypodontia\(1075).jpg,(1075).jpg,Hypodontia,Training
E:\Dr. Atef Ismail\Khaled Dental\Paper2\archive (10)\Caries_Gingivitus\caries_0_469.jpeg,caries_0_469.jpeg,Caries-Gingivitis,Training
E:\Dr. Atef Ismail\Khaled Dental\Paper2\archive (10)\hypodontia\(24).JPG,(24).JPG,Hypodontia,Training
E:\Dr. Atef Ismail\Khaled Dental\Paper2\archive (10)\Tooth Discoloration\Tooth_Discoloration_0_442.jpeg,Tooth_Discoloration_0_442.jpeg,Tooth Discoloration,Training
E:\Dr. Atef Ismail\Khaled Dental\Paper2\archive (10)\Gingivitis\(84).jpg,(84).jpg,Gingivitis,Training
E:\Dr. Atef Ismail\Khaled Dental\Paper2\archive (10)\Tooth Discoloration\Tooth_Discoloration_0_2089.jpeg,Tooth_Discoloration_0_2089.jpeg,Tooth Discoloration,Training
E:\Dr. Atef Ismail\Khaled Dental\Paper2\archive (10)\Caries_Gingivitus\148.jpg,148.jpg,Caries-Gingivitis,Training
E:\Dr. Atef Ismail\Khaled Dental\Paper2\archive (10)\hypodontia\(985).JPG,(985).JPG,Hypodontia,Training
E:\Dr. Atef Ismail\Khaled Dental\Paper2\archive (10)\Calculus\(187).jpg,(187).jpg,Calculus,Training
E:\Dr. Atef Ismail\Khaled Dental\Paper2\archive (10)\Calculus\(382).jpg,(382).jpg,Calculus,Training
E:\Dr. Atef Ismail\Khaled Dental\Paper2\archive (10)\hypodontia\(117).jpg,(117).jpg,Hypodontia,Training
E:\Dr. Atef Ismail\Khaled Dental\Paper2\archive (10)\Gingivitis\(2234).jpg,(2234).jpg,Gingivitis,Training
E:\Dr. Atef Ismail\Khaled Dental\Paper2\archive (10)\hypodontia\(689).jpg,(689).jpg,Hypodontia,Training
E:\Dr. Atef Ismail\Khaled Dental\Paper2\archive (10)\Tooth Discoloration\Tooth_Discoloration_0_7937.jpeg,Tooth_Discoloration_0_7937.jpeg,Tooth Discoloration,Training
E:\Dr. Atef Ismail\Khaled Dental\Paper2\archive (10)\Gingivitis\(1885).jpg,(1885).jpg,Gingivitis,Training
E:\Dr. Atef Ismail\Khaled Dental\Paper2\archive (10)\Caries_Gingivitus\540.jpg,540.jpg,Caries-Gingivitis,Training
E:\Dr. Atef Ismail\Khaled Dental\Paper2\archive (10)\Tooth Discoloration\Tooth_Discoloration_0_4186.jpeg,Tooth_Discoloration_0_4186.jpeg,Tooth Discoloration,Training
E:\Dr. Atef Ismail\Khaled Dental\Paper2\archive (10)\Caries_Gingivitus\caries_0_31.jpeg,caries_0_31.jpeg,Caries-Gingivitis,Training
E:\Dr. Atef Ismail\Khaled Dental\Paper2\archive (10)\Calculus\(280).jpg,(280).jpg,Calculus,Training
E:\Dr. Atef Ismail\Khaled Dental\Paper2\archive (10)\Tooth Discoloration\Tooth_Discoloration_0_269.jpeg,Tooth_Discoloration_0_269.jpeg,Tooth Discoloration,Training
E:\Dr. Atef Ismail\Khaled Dental\Paper2\archive (10)\Tooth Discoloration\Tooth_Discoloration_0_5543.jpeg,Tooth_Discoloration_0_5543.jpeg,Tooth Discoloration,Training
E:\Dr. Atef Ismail\Khaled Dental\Paper2\archive (10)\Tooth Discoloration\Tooth_Discoloration_0_6372.jpeg,Tooth_Discoloration_0_6372.jpeg,Tooth Discoloration,Training
E:\Dr. Atef Ismail\Khaled Dental\Paper2\archive (10)\Gingivitis\(180).jpg,(180).jpg,Gingivitis,Training
E:\Dr. Atef Ismail\Khaled Dental\Paper2\archive (10)\Tooth Discoloration\Tooth_Discoloration_0_3849.jpeg,Tooth_Discoloration_0_3849.jpeg,Tooth Discoloration,Training
E:\Dr. Atef Ismail\Khaled Dental\Paper2\archive (10)\Tooth Discoloration\Tooth_Discoloration_0_808.jpeg,Tooth_Discoloration_0_808.jpeg,Tooth Discoloration,Training
E:\Dr. Atef Ismail\Khaled Dental\Paper2\archive (10)\hypodontia\(1169).JPG,(1169).JPG,Hypodontia,Training
E:\Dr. Atef Ismail\Khaled Dental\Paper2\archive (10)\Calculus\(636).jpg,(636).jpg,Calculus,Training
E:\Dr. Atef Ismail\Khaled Dental\Paper2\archive (10)\Caries_Gingivitus\caries_0_4412.jpeg,caries_0_4412.jpeg,Caries-Gingivitis,Training
E:\Dr. Atef Ismail\Khaled Dental\Paper2\archive (10)\Calculus\(517).jpg,(517).jpg,Calculus,Training
E:\Dr. Atef Ismail\Khaled Dental\Paper2\archive (10)\Gingivitis\(1935).jpg,(1935).jpg,Gingivitis,Training
E:\Dr. Atef Ismail\Khaled Dental\Paper2\archive (10)\Mouth Ulcer\Mouth_Ulcer_0_9716.jpeg,Mouth_Ulcer_0_9716.jpeg,Mouth Ulcer,Training
E:\Dr. Atef Ismail\Khaled Dental\Paper2\archive (10)\Calculus\(699).jpg,(699).jpg,Calculus,Training
E:\Dr. Atef Ismail\Khaled Dental\Paper2\archive (10)\Caries_Gingivitus\caries_0_3578.jpeg,caries_0_3578.jpeg,Caries-Gingivitis,Training
E:\Dr. Atef Ismail\Khaled Dental\Paper2\archive (10)\Tooth Discoloration\Tooth_Discoloration_0_7346.jpeg,Tooth_Discoloration_0_7346.jpeg,Tooth Discoloration,Training
E:\Dr. Atef Ismail\Khaled Dental\Paper2\archive (10)\Tooth Discoloration\Tooth_Discoloration_0_5618.jpeg,Tooth_Discoloration_0_5618.jpeg,Tooth Discoloration,Training
E:\Dr. Atef Ismail\Khaled Dental\Paper2\archive (10)\Caries_Gingivitus\420.jpg,420.jpg,Caries-Gingivitis,Training
E:\Dr. Atef Ismail\Khaled Dental\Paper2\archive (10)\Mouth Ulcer\Mouth_Ulcer_0_111.jpeg,Mouth_Ulcer_0_111.jpeg,Mouth Ulcer,Training
E:\Dr. Atef Ismail\Khaled Dental\Paper2\archive (10)\Mouth Ulcer\Mouth_Ulcer_0_923.jpeg,Mouth_Ulcer_0_923.jpeg,Mouth Ulcer,Training
E:\Dr. Atef Ismail\Khaled Dental\Paper2\archive (10)\Mouth Ulcer\Mouth_Ulcer_0_7546.jpeg,Mouth_Ulcer_0_7546.jpeg,Mouth Ulcer,Training
E:\Dr. Atef Ismail\Khaled Dental\Paper2\archive (10)\Calculus\(440).jpg,(440).jpg,Calculus,Training
E:\Dr. Atef Ismail\Khaled Dental\Paper2\archive (10)\Mouth Ulcer\Mouth_Ulcer_0_4457.jpeg,Mouth_Ulcer_0_4457.jpeg,Mouth Ulcer,Training
E:\Dr. Atef Ismail\Khaled Dental\Paper2\archive (10)\Caries_Gingivitus\417.jpg,417.jpg,Caries-Gingivitis,Training
E:\Dr. Atef Ismail\Khaled Dental\Paper2\archive (10)\Tooth Discoloration\Tooth_Discoloration_0_7245.jpeg,Tooth_Discoloration_0_7245.jpeg,Tooth Discoloration,Training
E:\Dr. Atef Ismail\Khaled Dental\Paper2\archive (10)\Mouth Ulcer\Mouth_Ulcer_0_4558.jpeg,Mouth_Ulcer_0_4558.jpeg,Mouth Ulcer,Training
E:\Dr. Atef Ismail\Khaled Dental\Paper2\archive (10)\Mouth Ulcer\Mouth_Ulcer_0_7756.jpeg,Mouth_Ulcer_0_7756.jpeg,Mouth Ulcer,Training
E:\Dr. Atef Ismail\Khaled Dental\Paper2\archive (10)\Tooth Discoloration\Tooth_Discoloration_0_8577.jpeg,Tooth_Discoloration_0_8577.jpeg,Tooth Discoloration,Training
E:\Dr. Atef Ismail\Khaled Dental\Paper2\archive (10)\Gingivitis\(1267).jpg,(1267).jpg,Gingivitis,Training
E:\Dr. Atef Ismail\Khaled Dental\Paper2\archive (10)\Caries_Gingivitus\395.jpg,395.jpg,Caries-Gingivitis,Training
E:\Dr. Atef Ismail\Khaled Dental\Paper2\archive (10)\hypodontia\(329).JPG,(329).JPG,Hypodontia,Training
E:\Dr. Atef Ismail\Khaled Dental\Paper2\archive (10)\Mouth Ulcer\Mouth_Ulcer_0_3946.jpeg,Mouth_Ulcer_0_3946.jpeg,Mouth Ulcer,Training
E:\Dr. Atef Ismail\Khaled Dental\Paper2\archive (10)\Mouth Ulcer\Mouth_Ulcer_0_1768.jpeg,Mouth_Ulcer_0_1768.jpeg,Mouth Ulcer,Training
E:\Dr. Atef Ismail\Khaled Dental\Paper2\archive (10)\Mouth Ulcer\Mouth_Ulcer_0_4543.jpeg,Mouth_Ulcer_0_4543.jpeg,Mouth Ulcer,Training
E:\Dr. Atef Ismail\Khaled Dental\Paper2\archive (10)\Caries_Gingivitus\609.jpg,609.jpg,Caries-Gingivitis,Training
E:\Dr. Atef Ismail\Khaled Dental\Paper2\archive (10)\Gingivitis\(1111).jpg,(1111).jpg,Gingivitis,Training
E:\Dr. Atef Ismail\Khaled Dental\Paper2\archive (10)\Mouth Ulcer\Mouth_Ulcer_0_8106.jpeg,Mouth_Ulcer_0_8106.jpeg,Mouth Ulcer,Training
E:\Dr. Atef Ismail\Khaled Dental\Paper2\archive (10)\Calculus\(91).jpg,(91).jpg,Calculus,Training
E:\Dr. Atef Ismail\Khaled Dental\Paper2\archive (10)\hypodontia\(237).jpg,(237).jpg,Hypodontia,Training
E:\Dr. Atef Ismail\Khaled Dental\Paper2\archive (10)\Tooth Discoloration\Tooth_Discoloration_0_7121.jpeg,Tooth_Discoloration_0_7121.jpeg,Tooth Discoloration,Training
E:\Dr. Atef Ismail\Khaled Dental\Paper2\archive (10)\Mouth Ulcer\Mouth_Ulcer_0_7361.jpeg,Mouth_Ulcer_0_7361.jpeg,Mouth Ulcer,Training
E:\Dr. Atef Ismail\Khaled Dental\Paper2\archive (10)\Mouth Ulcer\Mouth_Ulcer_0_8725.jpeg,Mouth_Ulcer_0_8725.jpeg,Mouth Ulcer,Training
E:\Dr. Atef Ismail\Khaled Dental\Paper2\archive (10)\Mouth Ulcer\Mouth_Ulcer_0_8372.jpeg,Mouth_Ulcer_0_8372.jpeg,Mouth Ulcer,Training
E:\Dr. Atef Ismail\Khaled Dental\Paper2\archive (10)\Tooth Discoloration\Tooth_Discoloration_0_1936.jpeg,Tooth_Discoloration_0_1936.jpeg,Tooth Discoloration,Training
E:\Dr. Atef Ismail\Khaled Dental\Paper2\archive (10)\Gingivitis\(797).jpg,(797).jpg,Gingivitis,Training
E:\Dr. Atef Ismail\Khaled Dental\Paper2\archive (10)\hypodontia\(1159).JPG,(1159).JPG,Hypodontia,Training
E:\Dr. Atef Ismail\Khaled Dental\Paper2\archive (10)\Gingivitis\(841).jpg,(841).jpg,Gingivitis,Training
E:\Dr. Atef Ismail\Khaled Dental\Paper2\archive (10)\Mouth Ulcer\Mouth_Ulcer_0_5746.jpeg,Mouth_Ulcer_0_5746.jpeg,Mouth Ulcer,Training
E:\Dr. Atef Ismail\Khaled Dental\Paper2\archive (10)\Gingivitis\(2022).jpg,(2022).jpg,Gingivitis,Training
E:\Dr. Atef Ismail\Khaled Dental\Paper2\archive (10)\Gingivitis\(1443).jpg,(1443).jpg,Gingivitis,Training
E:\Dr. Atef Ismail\Khaled Dental\Paper2\archive (10)\Mouth Ulcer\Mouth_Ulcer_0_1290.jpeg,Mouth_Ulcer_0_1290.jpeg,Mouth Ulcer,Training
E:\Dr. Atef Ismail\Khaled Dental\Paper2\archive (10)\hypodontia\(253).JPG,(253).JPG,Hypodontia,Training
E:\Dr. Atef Ismail\Khaled Dental\Paper2\archive (10)\Mouth Ulcer\Mouth_Ulcer_0_8379.jpeg,Mouth_Ulcer_0_8379.jpeg,Mouth Ulcer,Training
E:\Dr. Atef Ismail\Khaled Dental\Paper2\archive (10)\Mouth Ulcer\Mouth_Ulcer_0_1025.jpeg,Mouth_Ulcer_0_1025.jpeg,Mouth Ulcer,Training
E:\Dr. Atef Ismail\Khaled Dental\Paper2\archive (10)\Gingivitis\(883).jpg,(883).jpg,Gingivitis,Training
E:\Dr. Atef Ismail\Khaled Dental\Paper2\archive (10)\Calculus\(631).jpg,(631).jpg,Calculus,Training
E:\Dr. Atef Ismail\Khaled Dental\Paper2\archive (10)\Caries_Gingivitus\caries_0_4692.jpeg,caries_0_4692.jpeg,Caries-Gingivitis,Training
E:\Dr. Atef Ismail\Khaled Dental\Paper2\archive (10)\Caries_Gingivitus\(137).jpg,(137).jpg,Caries-Gingivitis,Training
E:\Dr. Atef Ismail\Khaled Dental\Paper2\archive (10)\Calculus\(1052).jpg,(1052).jpg,Calculus,Training
E:\Dr. Atef Ismail\Khaled Dental\Paper2\archive (10)\hypodontia\(54).JPG,(54).JPG,Hypodontia,Training
E:\Dr. Atef Ismail\Khaled Dental\Paper2\archive (10)\Gingivitis\(2016).jpg,(2016).jpg,Gingivitis,Training
E:\Dr. Atef Ismail\Khaled Dental\Paper2\archive (10)\Tooth Discoloration\Tooth_Discoloration_0_1857.jpeg,Tooth_Discoloration_0_1857.jpeg,Tooth Discoloration,Training
E:\Dr. Atef Ismail\Khaled Dental\Paper2\archive (10)\Caries_Gingivitus\caries_0_4970.jpeg,caries_0_4970.jpeg,Caries-Gingivitis,Training
E:\Dr. Atef Ismail\Khaled Dental\Paper2\archive (10)\Calculus\(274).jpg,(274).jpg,Calculus,Training
E:\Dr. Atef Ismail\Khaled Dental\Paper2\archive (10)\Caries_Gingivitus\9.jpg,9.jpg,Caries-Gingivitis,Training
E:\Dr. Atef Ismail\Khaled Dental\Paper2\archive (10)\Tooth Discoloration\Tooth_Discoloration_0_3458.jpeg,Tooth_Discoloration_0_3458.jpeg,Tooth Discoloration,Training
E:\Dr. Atef Ismail\Khaled Dental\Paper2\archive (10)\Gingivitis\(1513).jpg,(1513).jpg,Gingivitis,Training
E:\Dr. Atef Ismail\Khaled Dental\Paper2\archive (10)\Mouth Ulcer\Mouth_Ulcer_0_1040.jpeg,Mouth_Ulcer_0_1040.jpeg,Mouth Ulcer,Training
E:\Dr. Atef Ismail\Khaled Dental\Paper2\archive (10)\Mouth Ulcer\Mouth_Ulcer_0_5438.jpeg,Mouth_Ulcer_0_5438.jpeg,Mouth Ulcer,Training
E:\Dr. Atef Ismail\Khaled Dental\Paper2\archive (10)\Gingivitis\(1334).jpg,(1334).jpg,Gingivitis,Training
E:\Dr. Atef Ismail\Khaled Dental\Paper2\archive (10)\Calculus\(133).jpg,(133).jpg,Calculus,Training
E:\Dr. Atef Ismail\Khaled Dental\Paper2\archive (10)\hypodontia\(887).JPG,(887).JPG,Hypodontia,Training
E:\Dr. Atef Ismail\Khaled Dental\Paper2\archive (10)\Caries_Gingivitus\caries_0_3413.jpeg,caries_0_3413.jpeg,Caries-Gingivitis,Training
E:\Dr. Atef Ismail\Khaled Dental\Paper2\archive (10)\Mouth Ulcer\Mouth_Ulcer_0_5032.jpeg,Mouth_Ulcer_0_5032.jpeg,Mouth Ulcer,Training
E:\Dr. Atef Ismail\Khaled Dental\Paper2\archive (10)\Gingivitis\(1991).jpg,(1991).jpg,Gingivitis,Training
E:\Dr. Atef Ismail\Khaled Dental\Paper2\archive (10)\Caries_Gingivitus\caries_0_4473.jpeg,caries_0_4473.jpeg,Caries-Gingivitis,Training
E:\Dr. Atef Ismail\Khaled Dental\Paper2\archive (10)\Gingivitis\(274).jpg,(274).jpg,Gingivitis,Training
E:\Dr. Atef Ismail\Khaled Dental\Paper2\archive (10)\hypodontia\(1099).jpg,(1099).jpg,Hypodontia,Training
E:\Dr. Atef Ismail\Khaled Dental\Paper2\archive (10)\Calculus\(943).jpg,(943).jpg,Calculus,Training
E:\Dr. Atef Ismail\Khaled Dental\Paper2\archive (10)\hypodontia\(1230).jpg,(1230).jpg,Hypodontia,Training
E:\Dr. Atef Ismail\Khaled Dental\Paper2\archive (10)\Calculus\(1111).jpg,(1111).jpg,Calculus,Training
E:\Dr. Atef Ismail\Khaled Dental\Paper2\archive (10)\Gingivitis\(968).jpg,(968).jpg,Gingivitis,Training
E:\Dr. Atef Ismail\Khaled Dental\Paper2\archive (10)\Tooth Discoloration\Tooth_Discoloration_0_1648.jpeg,Tooth_Discoloration_0_1648.jpeg,Tooth Discoloration,Training
E:\Dr. Atef Ismail\Khaled Dental\Paper2\archive (10)\hypodontia\(1053).JPG,(1053).JPG,Hypodontia,Training
E:\Dr. Atef Ismail\Khaled Dental\Paper2\archive (10)\Mouth Ulcer\Mouth_Ulcer_0_4952.jpeg,Mouth_Ulcer_0_4952.jpeg,Mouth Ulcer,Training
E:\Dr. Atef Ismail\Khaled Dental\Paper2\archive (10)\Gingivitis\(171).jpg,(171).jpg,Gingivitis,Training
E:\Dr. Atef Ismail\Khaled Dental\Paper2\archive (10)\Calculus\(1008).jpg,(1008).jpg,Calculus,Training
E:\Dr. Atef Ismail\Khaled Dental\Paper2\archive (10)\Gingivitis\(88).jpg,(88).jpg,Gingivitis,Training
E:\Dr. Atef Ismail\Khaled Dental\Paper2\archive (10)\Gingivitis\(1602).jpg,(1602).jpg,Gingivitis,Training
E:\Dr. Atef Ismail\Khaled Dental\Paper2\archive (10)\Caries_Gingivitus\218.jpg,218.jpg,Caries-Gingivitis,Training
E:\Dr. Atef Ismail\Khaled Dental\Paper2\archive (10)\Mouth Ulcer\Mouth_Ulcer_0_1669.jpeg,Mouth_Ulcer_0_1669.jpeg,Mouth Ulcer,Training
E:\Dr. Atef Ismail\Khaled Dental\Paper2\archive (10)\Calculus\(202).jpg,(202).jpg,Calculus,Training
E:\Dr. Atef Ismail\Khaled Dental\Paper2\archive (10)\Gingivitis\(586).jpg,(586).jpg,Gingivitis,Training
E:\Dr. Atef Ismail\Khaled Dental\Paper2\archive (10)\Caries_Gingivitus\275.jpg,275.jpg,Caries-Gingivitis,Training
E:\Dr. Atef Ismail\Khaled Dental\Paper2\archive (10)\Mouth Ulcer\Mouth_Ulcer_0_5700.jpeg,Mouth_Ulcer_0_5700.jpeg,Mouth Ulcer,Training
E:\Dr. Atef Ismail\Khaled Dental\Paper2\archive (10)\Mouth Ulcer\Mouth_Ulcer_0_2228.jpeg,Mouth_Ulcer_0_2228.jpeg,Mouth Ulcer,Training
E:\Dr. Atef Ismail\Khaled Dental\Paper2\archive (10)\Mouth Ulcer\Mouth_Ulcer_0_8698.jpeg,Mouth_Ulcer_0_8698.jpeg,Mouth Ulcer,Training
E:\Dr. Atef Ismail\Khaled Dental\Paper2\archive (10)\hypodontia\(1022).JPG,(1022).JPG,Hypodontia,Training
E:\Dr. Atef Ismail\Khaled Dental\Paper2\archive (10)\Gingivitis\(1722).jpg,(1722).jpg,Gingivitis,Training
E:\Dr. Atef Ismail\Khaled Dental\Paper2\archive (10)\Mouth Ulcer\Mouth_Ulcer_0_5487.jpeg,Mouth_Ulcer_0_5487.jpeg,Mouth Ulcer,Training
E:\Dr. Atef Ismail\Khaled Dental\Paper2\archive (10)\Mouth Ulcer\Mouth_Ulcer_0_4947.jpeg,Mouth_Ulcer_0_4947.jpeg,Mouth Ulcer,Training
E:\Dr. Atef Ismail\Khaled Dental\Paper2\archive (10)\Calculus\(67).jpg,(67).jpg,Calculus,Training
E:\Dr. Atef Ismail\Khaled Dental\Paper2\archive (10)\Calculus\(437).jpg,(437).jpg,Calculus,Training
E:\Dr. Atef Ismail\Khaled Dental\Paper2\archive (10)\Tooth Discoloration\Tooth_Discoloration_0_4338.jpeg,Tooth_Discoloration_0_4338.jpeg,Tooth Discoloration,Training
E:\Dr. Atef Ismail\Khaled Dental\Paper2\archive (10)\Tooth Discoloration\Tooth_Discoloration_0_9217.jpeg,Tooth_Discoloration_0_9217.jpeg,Tooth Discoloration,Training
E:\Dr. Atef Ismail\Khaled Dental\Paper2\archive (10)\Tooth Discoloration\Tooth_Discoloration_0_9683.jpeg,Tooth_Discoloration_0_9683.jpeg,Tooth Discoloration,Training
E:\Dr. Atef Ismail\Khaled Dental\Paper2\archive (10)\Mouth Ulcer\Mouth_Ulcer_0_2657.jpeg,Mouth_Ulcer_0_2657.jpeg,Mouth Ulcer,Training
E:\Dr. Atef Ismail\Khaled Dental\Paper2\archive (10)\Calculus\(37).jpg,(37).jpg,Calculus,Training
E:\Dr. Atef Ismail\Khaled Dental\Paper2\archive (10)\Calculus\(132).jpg,(132).jpg,Calculus,Training
E:\Dr. Atef Ismail\Khaled Dental\Paper2\archive (10)\Caries_Gingivitus\590.jpg,590.jpg,Caries-Gingivitis,Training
E:\Dr. Atef Ismail\Khaled Dental\Paper2\archive (10)\Gingivitis\(971).jpg,(971).jpg,Gingivitis,Training
E:\Dr. Atef Ismail\Khaled Dental\Paper2\archive (10)\Gingivitis\(2008).jpg,(2008).jpg,Gingivitis,Training
E:\Dr. Atef Ismail\Khaled Dental\Paper2\archive (10)\Gingivitis\(1121).jpg,(1121).jpg,Gingivitis,Training
E:\Dr. Atef Ismail\Khaled Dental\Paper2\archive (10)\hypodontia\(1240).jpg,(1240).jpg,Hypodontia,Training
E:\Dr. Atef Ismail\Khaled Dental\Paper2\archive (10)\Mouth Ulcer\Mouth_Ulcer_0_8915.jpeg,Mouth_Ulcer_0_8915.jpeg,Mouth Ulcer,Training
E:\Dr. Atef Ismail\Khaled Dental\Paper2\archive (10)\Tooth Discoloration\Tooth_Discoloration_0_4972.jpeg,Tooth_Discoloration_0_4972.jpeg,Tooth Discoloration,Training
E:\Dr. Atef Ismail\Khaled Dental\Paper2\archive (10)\Calculus\(659).jpg,(659).jpg,Calculus,Training
E:\Dr. Atef Ismail\Khaled Dental\Paper2\archive (10)\Caries_Gingivitus\132.jpg,132.jpg,Caries-Gingivitis,Training
E:\Dr. Atef Ismail\Khaled Dental\Paper2\archive (10)\Caries_Gingivitus\630.jpg,630.jpg,Caries-Gingivitis,Training
E:\Dr. Atef Ismail\Khaled Dental\Paper2\archive (10)\Tooth Discoloration\Tooth_Discoloration_0_7849.jpeg,Tooth_Discoloration_0_7849.jpeg,Tooth Discoloration,Training
E:\Dr. Atef Ismail\Khaled Dental\Paper2\archive (10)\Mouth Ulcer\Mouth_Ulcer_0_2035.jpeg,Mouth_Ulcer_0_2035.jpeg,Mouth Ulcer,Training
E:\Dr. Atef Ismail\Khaled Dental\Paper2\archive (10)\Mouth Ulcer\Mouth_Ulcer_0_6493.jpeg,Mouth_Ulcer_0_6493.jpeg,Mouth Ulcer,Training
E:\Dr. Atef Ismail\Khaled Dental\Paper2\archive (10)\Mouth Ulcer\Mouth_Ulcer_0_3186.jpeg,Mouth_Ulcer_0_3186.jpeg,Mouth Ulcer,Training
E:\Dr. Atef Ismail\Khaled Dental\Paper2\archive (10)\Tooth Discoloration\Tooth_Discoloration_0_2389.jpeg,Tooth_Discoloration_0_2389.jpeg,Tooth Discoloration,Training
E:\Dr. Atef Ismail\Khaled Dental\Paper2\archive (10)\Gingivitis\(1352).jpg,(1352).jpg,Gingivitis,Training
E:\Dr. Atef Ismail\Khaled Dental\Paper2\archive (10)\Caries_Gingivitus\624.jpg,624.jpg,Caries-Gingivitis,Training
E:\Dr. Atef Ismail\Khaled Dental\Paper2\archive (10)\Caries_Gingivitus\412.jpg,412.jpg,Caries-Gingivitis,Training
E:\Dr. Atef Ismail\Khaled Dental\Paper2\archive (10)\Mouth Ulcer\Mouth_Ulcer_0_3057.jpeg,Mouth_Ulcer_0_3057.jpeg,Mouth Ulcer,Training
E:\Dr. Atef Ismail\Khaled Dental\Paper2\archive (10)\Mouth Ulcer\Mouth_Ulcer_0_3390.jpeg,Mouth_Ulcer_0_3390.jpeg,Mouth Ulcer,Training
E:\Dr. Atef Ismail\Khaled Dental\Paper2\archive (10)\Caries_Gingivitus\270.jpg,270.jpg,Caries-Gingivitis,Training
E:\Dr. Atef Ismail\Khaled Dental\Paper2\archive (10)\hypodontia\(1006).JPG,(1006).JPG,Hypodontia,Training
E:\Dr. Atef Ismail\Khaled Dental\Paper2\archive (10)\Gingivitis\(2091).jpg,(2091).jpg,Gingivitis,Training
E:\Dr. Atef Ismail\Khaled Dental\Paper2\archive (10)\hypodontia\(770).JPG,(770).JPG,Hypodontia,Training
E:\Dr. Atef Ismail\Khaled Dental\Paper2\archive (10)\Gingivitis\(1748).jpg,(1748).jpg,Gingivitis,Training
E:\Dr. Atef Ismail\Khaled Dental\Paper2\archive (10)\Mouth Ulcer\Mouth_Ulcer_0_5910.jpeg,Mouth_Ulcer_0_5910.jpeg,Mouth Ulcer,Training
E:\Dr. Atef Ismail\Khaled Dental\Paper2\archive (10)\Caries_Gingivitus\caries_0_4344.jpeg,caries_0_4344.jpeg,Caries-Gingivitis,Training
E:\Dr. Atef Ismail\Khaled Dental\Paper2\archive (10)\Caries_Gingivitus\175.jpg,175.jpg,Caries-Gingivitis,Training
E:\Dr. Atef Ismail\Khaled Dental\Paper2\archive (10)\Gingivitis\(854).jpg,(854).jpg,Gingivitis,Training
E:\Dr. Atef Ismail\Khaled Dental\Paper2\archive (10)\Calculus\(479).jpg,(479).jpg,Calculus,Training
E:\Dr. Atef Ismail\Khaled Dental\Paper2\archive (10)\Gingivitis\(454).jpg,(454).jpg,Gingivitis,Training
E:\Dr. Atef Ismail\Khaled Dental\Paper2\archive (10)\Mouth Ulcer\Mouth_Ulcer_0_8178.jpeg,Mouth_Ulcer_0_8178.jpeg,Mouth Ulcer,Training
E:\Dr. Atef Ismail\Khaled Dental\Paper2\archive (10)\Gingivitis\(353).jpg,(353).jpg,Gingivitis,Training
E:\Dr. Atef Ismail\Khaled Dental\Paper2\archive (10)\Gingivitis\(1510).jpg,(1510).jpg,Gingivitis,Training
E:\Dr. Atef Ismail\Khaled Dental\Paper2\archive (10)\Mouth Ulcer\Mouth_Ulcer_0_8590.jpeg,Mouth_Ulcer_0_8590.jpeg,Mouth Ulcer,Training
E:\Dr. Atef Ismail\Khaled Dental\Paper2\archive (10)\Calculus\(1101).jpg,(1101).jpg,Calculus,Training
E:\Dr. Atef Ismail\Khaled Dental\Paper2\archive (10)\Mouth Ulcer\Mouth_Ulcer_0_5511.jpeg,Mouth_Ulcer_0_5511.jpeg,Mouth Ulcer,Training
E:\Dr. Atef Ismail\Khaled Dental\Paper2\archive (10)\Gingivitis\(83).jpg,(83).jpg,Gingivitis,Training
E:\Dr. Atef Ismail\Khaled Dental\Paper2\archive (10)\Tooth Discoloration\Tooth_Discoloration_0_5603.jpeg,Tooth_Discoloration_0_5603.jpeg,Tooth Discoloration,Training
E:\Dr. Atef Ismail\Khaled Dental\Paper2\archive (10)\Gingivitis\(346).jpg,(346).jpg,Gingivitis,Training
E:\Dr. Atef Ismail\Khaled Dental\Paper2\archive (10)\Gingivitis\(1057).jpg,(1057).jpg,Gingivitis,Training
E:\Dr. Atef Ismail\Khaled Dental\Paper2\archive (10)\Mouth Ulcer\Mouth_Ulcer_0_9640.jpeg,Mouth_Ulcer_0_9640.jpeg,Mouth Ulcer,Training
E:\Dr. Atef Ismail\Khaled Dental\Paper2\archive (10)\Caries_Gingivitus\caries_0_4736.jpeg,caries_0_4736.jpeg,Caries-Gingivitis,Training
E:\Dr. Atef Ismail\Khaled Dental\Paper2\archive (10)\Mouth Ulcer\Mouth_Ulcer_0_8251.jpeg,Mouth_Ulcer_0_8251.jpeg,Mouth Ulcer,Training
E:\Dr. Atef Ismail\Khaled Dental\Paper2\archive (10)\Caries_Gingivitus\461.jpg,461.jpg,Caries-Gingivitis,Training
E:\Dr. Atef Ismail\Khaled Dental\Paper2\archive (10)\Gingivitis\(1131).jpg,(1131).jpg,Gingivitis,Training
E:\Dr. Atef Ismail\Khaled Dental\Paper2\archive (10)\Mouth Ulcer\Mouth_Ulcer_0_6540.jpeg,Mouth_Ulcer_0_6540.jpeg,Mouth Ulcer,Training
E:\Dr. Atef Ismail\Khaled Dental\Paper2\archive (10)\Mouth Ulcer\Mouth_Ulcer_0_2405.jpeg,Mouth_Ulcer_0_2405.jpeg,Mouth Ulcer,Training
E:\Dr. Atef Ismail\Khaled Dental\Paper2\archive (10)\Tooth Discoloration\Tooth_Discoloration_0_6243.jpeg,Tooth_Discoloration_0_6243.jpeg,Tooth Discoloration,Training
E:\Dr. Atef Ismail\Khaled Dental\Paper2\archive (10)\Gingivitis\(1680).jpg,(1680).jpg,Gingivitis,Training
E:\Dr. Atef Ismail\Khaled Dental\Paper2\archive (10)\Mouth Ulcer\Mouth_Ulcer_0_1077.jpeg,Mouth_Ulcer_0_1077.jpeg,Mouth Ulcer,Training
E:\Dr. Atef Ismail\Khaled Dental\Paper2\archive (10)\Caries_Gingivitus\(215).jpg,(215).jpg,Caries-Gingivitis,Training
E:\Dr. Atef Ismail\Khaled Dental\Paper2\archive (10)\Gingivitis\(1474).jpg,(1474).jpg,Gingivitis,Training
E:\Dr. Atef Ismail\Khaled Dental\Paper2\archive (10)\Mouth Ulcer\Mouth_Ulcer_0_2758.jpeg,Mouth_Ulcer_0_2758.jpeg,Mouth Ulcer,Training
E:\Dr. Atef Ismail\Khaled Dental\Paper2\archive (10)\Mouth Ulcer\Mouth_Ulcer_0_1017.jpeg,Mouth_Ulcer_0_1017.jpeg,Mouth Ulcer,Training
E:\Dr. Atef Ismail\Khaled Dental\Paper2\archive (10)\hypodontia\(539).jpg,(539).jpg,Hypodontia,Training
E:\Dr. Atef Ismail\Khaled Dental\Paper2\archive (10)\Tooth Discoloration\Tooth_Discoloration_0_1331.jpeg,Tooth_Discoloration_0_1331.jpeg,Tooth Discoloration,Training
E:\Dr. Atef Ismail\Khaled Dental\Paper2\archive (10)\Mouth Ulcer\Mouth_Ulcer_0_5493.jpeg,Mouth_Ulcer_0_5493.jpeg,Mouth Ulcer,Training
E:\Dr. Atef Ismail\Khaled Dental\Paper2\archive (10)\Mouth Ulcer\Mouth_Ulcer_0_4978.jpeg,Mouth_Ulcer_0_4978.jpeg,Mouth Ulcer,Training
E:\Dr. Atef Ismail\Khaled Dental\Paper2\archive (10)\Calculus\(126).jpg,(126).jpg,Calculus,Training
E:\Dr. Atef Ismail\Khaled Dental\Paper2\archive (10)\Caries_Gingivitus\caries_0_3282.jpeg,caries_0_3282.jpeg,Caries-Gingivitis,Training
E:\Dr. Atef Ismail\Khaled Dental\Paper2\archive (10)\Tooth Discoloration\Tooth_Discoloration_0_2226.jpeg,Tooth_Discoloration_0_2226.jpeg,Tooth Discoloration,Training
E:\Dr. Atef Ismail\Khaled Dental\Paper2\archive (10)\Calculus\(927).jpg,(927).jpg,Calculus,Training
E:\Dr. Atef Ismail\Khaled Dental\Paper2\archive (10)\Tooth Discoloration\Tooth_Discoloration_0_1987.jpeg,Tooth_Discoloration_0_1987.jpeg,Tooth Discoloration,Training
E:\Dr. Atef Ismail\Khaled Dental\Paper2\archive (10)\Caries_Gingivitus\(168).jpg,(168).jpg,Caries-Gingivitis,Training
E:\Dr. Atef Ismail\Khaled Dental\Paper2\archive (10)\Mouth Ulcer\Mouth_Ulcer_0_8228.jpeg,Mouth_Ulcer_0_8228.jpeg,Mouth Ulcer,Training
E:\Dr. Atef Ismail\Khaled Dental\Paper2\archive (10)\Gingivitis\(111).jpg,(111).jpg,Gingivitis,Training
E:\Dr. Atef Ismail\Khaled Dental\Paper2\archive (10)\Calculus\(1097).jpg,(1097).jpg,Calculus,Training
E:\Dr. Atef Ismail\Khaled Dental\Paper2\archive (10)\Mouth Ulcer\Mouth_Ulcer_0_1144.jpeg,Mouth_Ulcer_0_1144.jpeg,Mouth Ulcer,Training
E:\Dr. Atef Ismail\Khaled Dental\Paper2\archive (10)\Mouth Ulcer\Mouth_Ulcer_0_4333.jpeg,Mouth_Ulcer_0_4333.jpeg,Mouth Ulcer,Training
E:\Dr. Atef Ismail\Khaled Dental\Paper2\archive (10)\Mouth Ulcer\Mouth_Ulcer_0_1550.jpeg,Mouth_Ulcer_0_1550.jpeg,Mouth Ulcer,Training
E:\Dr. Atef Ismail\Khaled Dental\Paper2\archive (10)\Mouth Ulcer\Mouth_Ulcer_0_7791.jpeg,Mouth_Ulcer_0_7791.jpeg,Mouth Ulcer,Training
E:\Dr. Atef Ismail\Khaled Dental\Paper2\archive (10)\Mouth Ulcer\Mouth_Ulcer_0_6253.jpeg,Mouth_Ulcer_0_6253.jpeg,Mouth Ulcer,Training
E:\Dr. Atef Ismail\Khaled Dental\Paper2\archive (10)\hypodontia\(1091).jpg,(1091).jpg,Hypodontia,Training
E:\Dr. Atef Ismail\Khaled Dental\Paper2\archive (10)\Tooth Discoloration\Tooth_Discoloration_0_1890.jpeg,Tooth_Discoloration_0_1890.jpeg,Tooth Discoloration,Training
E:\Dr. Atef Ismail\Khaled Dental\Paper2\archive (10)\Caries_Gingivitus\caries_0_4892.jpeg,caries_0_4892.jpeg,Caries-Gingivitis,Training
E:\Dr. Atef Ismail\Khaled Dental\Paper2\archive (10)\Tooth Discoloration\Tooth_Discoloration_0_6097.jpeg,Tooth_Discoloration_0_6097.jpeg,Tooth Discoloration,Training
E:\Dr. Atef Ismail\Khaled Dental\Paper2\archive (10)\Gingivitis\(1363).jpg,(1363).jpg,Gingivitis,Training
E:\Dr. Atef Ismail\Khaled Dental\Paper2\archive (10)\Mouth Ulcer\Mouth_Ulcer_0_8006.jpeg,Mouth_Ulcer_0_8006.jpeg,Mouth Ulcer,Training
E:\Dr. Atef Ismail\Khaled Dental\Paper2\archive (10)\Gingivitis\(1915).jpg,(1915).jpg,Gingivitis,Training
E:\Dr. Atef Ismail\Khaled Dental\Paper2\archive (10)\Caries_Gingivitus\caries_0_3592.jpeg,caries_0_3592.jpeg,Caries-Gingivitis,Training
E:\Dr. Atef Ismail\Khaled Dental\Paper2\archive (10)\Mouth Ulcer\Mouth_Ulcer_0_1719.jpeg,Mouth_Ulcer_0_1719.jpeg,Mouth Ulcer,Training
E:\Dr. Atef Ismail\Khaled Dental\Paper2\archive (10)\hypodontia\(380).jpg,(380).jpg,Hypodontia,Training
E:\Dr. Atef Ismail\Khaled Dental\Paper2\archive (10)\Tooth Discoloration\Tooth_Discoloration_0_3595.jpeg,Tooth_Discoloration_0_3595.jpeg,Tooth Discoloration,Training
E:\Dr. Atef Ismail\Khaled Dental\Paper2\archive (10)\Gingivitis\(714).jpg,(714).jpg,Gingivitis,Training
E:\Dr. Atef Ismail\Khaled Dental\Paper2\archive (10)\Caries_Gingivitus\23.jpg,23.jpg,Caries-Gingivitis,Training
E:\Dr. Atef Ismail\Khaled Dental\Paper2\archive (10)\Caries_Gingivitus\470.jpg,470.jpg,Caries-Gingivitis,Training
E:\Dr. Atef Ismail\Khaled Dental\Paper2\archive (10)\Gingivitis\(1829).jpg,(1829).jpg,Gingivitis,Training
E:\Dr. Atef Ismail\Khaled Dental\Paper2\archive (10)\hypodontia\(515).jpg,(515).jpg,Hypodontia,Training
E:\Dr. Atef Ismail\Khaled Dental\Paper2\archive (10)\Calculus\(463).jpg,(463).jpg,Calculus,Training
E:\Dr. Atef Ismail\Khaled Dental\Paper2\archive (10)\Caries_Gingivitus\caries_0_3740.jpeg,caries_0_3740.jpeg,Caries-Gingivitis,Training
E:\Dr. Atef Ismail\Khaled Dental\Paper2\archive (10)\Mouth Ulcer\Mouth_Ulcer_0_8460.jpeg,Mouth_Ulcer_0_8460.jpeg,Mouth Ulcer,Training
E:\Dr. Atef Ismail\Khaled Dental\Paper2\archive (10)\hypodontia\(724).JPG,(724).JPG,Hypodontia,Training
E:\Dr. Atef Ismail\Khaled Dental\Paper2\archive (10)\Caries_Gingivitus\caries_0_4439.jpeg,caries_0_4439.jpeg,Caries-Gingivitis,Training
E:\Dr. Atef Ismail\Khaled Dental\Paper2\archive (10)\Tooth Discoloration\Tooth_Discoloration_0_6387.jpeg,Tooth_Discoloration_0_6387.jpeg,Tooth Discoloration,Training
E:\Dr. Atef Ismail\Khaled Dental\Paper2\archive (10)\Mouth Ulcer\Mouth_Ulcer_0_5830.jpeg,Mouth_Ulcer_0_5830.jpeg,Mouth Ulcer,Training
E:\Dr. Atef Ismail\Khaled Dental\Paper2\archive (10)\Tooth Discoloration\Tooth_Discoloration_0_8603.jpeg,Tooth_Discoloration_0_8603.jpeg,Tooth Discoloration,Training
E:\Dr. Atef Ismail\Khaled Dental\Paper2\archive (10)\Tooth Discoloration\Tooth_Discoloration_0_5573.jpeg,Tooth_Discoloration_0_5573.jpeg,Tooth Discoloration,Training
E:\Dr. Atef Ismail\Khaled Dental\Paper2\archive (10)\Tooth Discoloration\Tooth_Discoloration_0_9891.jpeg,Tooth_Discoloration_0_9891.jpeg,Tooth Discoloration,Training
E:\Dr. Atef Ismail\Khaled Dental\Paper2\archive (10)\Gingivitis\(75).jpg,(75).jpg,Gingivitis,Training
E:\Dr. Atef Ismail\Khaled Dental\Paper2\archive (10)\Mouth Ulcer\Mouth_Ulcer_0_9270.jpeg,Mouth_Ulcer_0_9270.jpeg,Mouth Ulcer,Training
E:\Dr. Atef Ismail\Khaled Dental\Paper2\archive (10)\Caries_Gingivitus\(146).jpg,(146).jpg,Caries-Gingivitis,Training
E:\Dr. Atef Ismail\Khaled Dental\Paper2\archive (10)\Caries_Gingivitus\144.jpg,144.jpg,Caries-Gingivitis,Training
E:\Dr. Atef Ismail\Khaled Dental\Paper2\archive (10)\Tooth Discoloration\Tooth_Discoloration_0_8405.jpeg,Tooth_Discoloration_0_8405.jpeg,Tooth Discoloration,Training
E:\Dr. Atef Ismail\Khaled Dental\Paper2\archive (10)\Mouth Ulcer\Mouth_Ulcer_0_712.jpeg,Mouth_Ulcer_0_712.jpeg,Mouth Ulcer,Training
E:\Dr. Atef Ismail\Khaled Dental\Paper2\archive (10)\Calculus\(1220).jpg,(1220).jpg,Calculus,Training
E:\Dr. Atef Ismail\Khaled Dental\Paper2\archive (10)\Caries_Gingivitus\caries_0_3881.jpeg,caries_0_3881.jpeg,Caries-Gingivitis,Training
E:\Dr. Atef Ismail\Khaled Dental\Paper2\archive (10)\Gingivitis\(2105).jpg,(2105).jpg,Gingivitis,Training
E:\Dr. Atef Ismail\Khaled Dental\Paper2\archive (10)\Mouth Ulcer\Mouth_Ulcer_0_7300.jpeg,Mouth_Ulcer_0_7300.jpeg,Mouth Ulcer,Training
E:\Dr. Atef Ismail\Khaled Dental\Paper2\archive (10)\Tooth Discoloration\Tooth_Discoloration_0_8840.jpeg,Tooth_Discoloration_0_8840.jpeg,Tooth Discoloration,Training
E:\Dr. Atef Ismail\Khaled Dental\Paper2\archive (10)\Gingivitis\(2036).jpg,(2036).jpg,Gingivitis,Training
E:\Dr. Atef Ismail\Khaled Dental\Paper2\archive (10)\Mouth Ulcer\Mouth_Ulcer_0_5453.jpeg,Mouth_Ulcer_0_5453.jpeg,Mouth Ulcer,Training
E:\Dr. Atef Ismail\Khaled Dental\Paper2\archive (10)\Tooth Discoloration\Tooth_Discoloration_0_8934.jpeg,Tooth_Discoloration_0_8934.jpeg,Tooth Discoloration,Training
E:\Dr. Atef Ismail\Khaled Dental\Paper2\archive (10)\Calculus\(231).jpg,(231).jpg,Calculus,Training
E:\Dr. Atef Ismail\Khaled Dental\Paper2\archive (10)\Calculus\(564).jpg,(564).jpg,Calculus,Training
E:\Dr. Atef Ismail\Khaled Dental\Paper2\archive (10)\Calculus\(1214).jpg,(1214).jpg,Calculus,Training
E:\Dr. Atef Ismail\Khaled Dental\Paper2\archive (10)\Gingivitis\(1717).jpg,(1717).jpg,Gingivitis,Training
E:\Dr. Atef Ismail\Khaled Dental\Paper2\archive (10)\Tooth Discoloration\Tooth_Discoloration_0_9058.jpeg,Tooth_Discoloration_0_9058.jpeg,Tooth Discoloration,Training
E:\Dr. Atef Ismail\Khaled Dental\Paper2\archive (10)\Tooth Discoloration\Tooth_Discoloration_0_4775.jpeg,Tooth_Discoloration_0_4775.jpeg,Tooth Discoloration,Training
E:\Dr. Atef Ismail\Khaled Dental\Paper2\archive (10)\Gingivitis\(1542).jpg,(1542).jpg,Gingivitis,Training
E:\Dr. Atef Ismail\Khaled Dental\Paper2\archive (10)\Gingivitis\(351).jpg,(351).jpg,Gingivitis,Training
E:\Dr. Atef Ismail\Khaled Dental\Paper2\archive (10)\Tooth Discoloration\Tooth_Discoloration_0_5159.jpeg,Tooth_Discoloration_0_5159.jpeg,Tooth Discoloration,Training
E:\Dr. Atef Ismail\Khaled Dental\Paper2\archive (10)\Mouth Ulcer\Mouth_Ulcer_0_1045.jpeg,Mouth_Ulcer_0_1045.jpeg,Mouth Ulcer,Training
E:\Dr. Atef Ismail\Khaled Dental\Paper2\archive (10)\hypodontia\(1047).JPG,(1047).JPG,Hypodontia,Training
E:\Dr. Atef Ismail\Khaled Dental\Paper2\archive (10)\Mouth Ulcer\Mouth_Ulcer_0_5763.jpeg,Mouth_Ulcer_0_5763.jpeg,Mouth Ulcer,Training
E:\Dr. Atef Ismail\Khaled Dental\Paper2\archive (10)\Mouth Ulcer\Mouth_Ulcer_0_2078.jpeg,Mouth_Ulcer_0_2078.jpeg,Mouth Ulcer,Training
E:\Dr. Atef Ismail\Khaled Dental\Paper2\archive (10)\Gingivitis\(989).jpg,(989).jpg,Gingivitis,Training
E:\Dr. Atef Ismail\Khaled Dental\Paper2\archive (10)\Gingivitis\(2032).jpg,(2032).jpg,Gingivitis,Training
E:\Dr. Atef Ismail\Khaled Dental\Paper2\archive (10)\Tooth Discoloration\Tooth_Discoloration_0_2722.jpeg,Tooth_Discoloration_0_2722.jpeg,Tooth Discoloration,Training
E:\Dr. Atef Ismail\Khaled Dental\Paper2\archive (10)\Gingivitis\(1119).jpg,(1119).jpg,Gingivitis,Training
E:\Dr. Atef Ismail\Khaled Dental\Paper2\archive (10)\Calculus\(1265).jpg,(1265).jpg,Calculus,Training
E:\Dr. Atef Ismail\Khaled Dental\Paper2\archive (10)\Mouth Ulcer\Mouth_Ulcer_0_5136.jpeg,Mouth_Ulcer_0_5136.jpeg,Mouth Ulcer,Training
E:\Dr. Atef Ismail\Khaled Dental\Paper2\archive (10)\Gingivitis\(1089).jpg,(1089).jpg,Gingivitis,Training
E:\Dr. Atef Ismail\Khaled Dental\Paper2\archive (10)\Mouth Ulcer\Mouth_Ulcer_0_2560.jpeg,Mouth_Ulcer_0_2560.jpeg,Mouth Ulcer,Training
E:\Dr. Atef Ismail\Khaled Dental\Paper2\archive (10)\Tooth Discoloration\Tooth_Discoloration_0_7964.jpeg,Tooth_Discoloration_0_7964.jpeg,Tooth Discoloration,Training
E:\Dr. Atef Ismail\Khaled Dental\Paper2\archive (10)\Caries_Gingivitus\caries_0_540.jpeg,caries_0_540.jpeg,Caries-Gingivitis,Training
E:\Dr. Atef Ismail\Khaled Dental\Paper2\archive (10)\Calculus\(1208).jpg,(1208).jpg,Calculus,Training
E:\Dr. Atef Ismail\Khaled Dental\Paper2\archive (10)\Tooth Discoloration\Tooth_Discoloration_0_1790.jpeg,Tooth_Discoloration_0_1790.jpeg,Tooth Discoloration,Training
E:\Dr. Atef Ismail\Khaled Dental\Paper2\archive (10)\Tooth Discoloration\Tooth_Discoloration_0_377.jpeg,Tooth_Discoloration_0_377.jpeg,Tooth Discoloration,Training
E:\Dr. Atef Ismail\Khaled Dental\Paper2\archive (10)\Gingivitis\(393).jpg,(393).jpg,Gingivitis,Training
E:\Dr. Atef Ismail\Khaled Dental\Paper2\archive (10)\Caries_Gingivitus\137.jpg,137.jpg,Caries-Gingivitis,Training
E:\Dr. Atef Ismail\Khaled Dental\Paper2\archive (10)\Gingivitis\(907).jpg,(907).jpg,Gingivitis,Training
E:\Dr. Atef Ismail\Khaled Dental\Paper2\archive (10)\Mouth Ulcer\Mouth_Ulcer_0_183.jpeg,Mouth_Ulcer_0_183.jpeg,Mouth Ulcer,Training
E:\Dr. Atef Ismail\Khaled Dental\Paper2\archive (10)\Calculus\(815).jpg,(815).jpg,Calculus,Training
E:\Dr. Atef Ismail\Khaled Dental\Paper2\archive (10)\Mouth Ulcer\Mouth_Ulcer_0_3440.jpeg,Mouth_Ulcer_0_3440.jpeg,Mouth Ulcer,Training
E:\Dr. Atef Ismail\Khaled Dental\Paper2\archive (10)\hypodontia\(591).JPG,(591).JPG,Hypodontia,Training
E:\Dr. Atef Ismail\Khaled Dental\Paper2\archive (10)\Mouth Ulcer\Mouth_Ulcer_0_7035.jpeg,Mouth_Ulcer_0_7035.jpeg,Mouth Ulcer,Training
E:\Dr. Atef Ismail\Khaled Dental\Paper2\archive (10)\Gingivitis\(1946).jpg,(1946).jpg,Gingivitis,Training
E:\Dr. Atef Ismail\Khaled Dental\Paper2\archive (10)\hypodontia\(95).JPG,(95).JPG,Hypodontia,Training
E:\Dr. Atef Ismail\Khaled Dental\Paper2\archive (10)\Gingivitis\(2034).jpg,(2034).jpg,Gingivitis,Training
E:\Dr. Atef Ismail\Khaled Dental\Paper2\archive (10)\Mouth Ulcer\Mouth_Ulcer_0_7412.jpeg,Mouth_Ulcer_0_7412.jpeg,Mouth Ulcer,Training
E:\Dr. Atef Ismail\Khaled Dental\Paper2\archive (10)\Gingivitis\(217).jpg,(217).jpg,Gingivitis,Training
E:\Dr. Atef Ismail\Khaled Dental\Paper2\archive (10)\Mouth Ulcer\Mouth_Ulcer_0_2211.jpeg,Mouth_Ulcer_0_2211.jpeg,Mouth Ulcer,Training
E:\Dr. Atef Ismail\Khaled Dental\Paper2\archive (10)\Gingivitis\(510).jpg,(510).jpg,Gingivitis,Training
E:\Dr. Atef Ismail\Khaled Dental\Paper2\archive (10)\Mouth Ulcer\Mouth_Ulcer_0_8692.jpeg,Mouth_Ulcer_0_8692.jpeg,Mouth Ulcer,Training
E:\Dr. Atef Ismail\Khaled Dental\Paper2\archive (10)\Mouth Ulcer\Mouth_Ulcer_0_1085.jpeg,Mouth_Ulcer_0_1085.jpeg,Mouth Ulcer,Training
E:\Dr. Atef Ismail\Khaled Dental\Paper2\archive (10)\Gingivitis\(192).jpg,(192).jpg,Gingivitis,Training
E:\Dr. Atef Ismail\Khaled Dental\Paper2\archive (10)\Tooth Discoloration\Tooth_Discoloration_0_7035.jpeg,Tooth_Discoloration_0_7035.jpeg,Tooth Discoloration,Training
E:\Dr. Atef Ismail\Khaled Dental\Paper2\archive (10)\Gingivitis\(283).jpg,(283).jpg,Gingivitis,Training
E:\Dr. Atef Ismail\Khaled Dental\Paper2\archive (10)\Tooth Discoloration\Tooth_Discoloration_0_5392.jpeg,Tooth_Discoloration_0_5392.jpeg,Tooth Discoloration,Training
E:\Dr. Atef Ismail\Khaled Dental\Paper2\archive (10)\Gingivitis\(1827).jpg,(1827).jpg,Gingivitis,Training
E:\Dr. Atef Ismail\Khaled Dental\Paper2\archive (10)\Tooth Discoloration\Tooth_Discoloration_0_200.jpeg,Tooth_Discoloration_0_200.jpeg,Tooth Discoloration,Training
E:\Dr. Atef Ismail\Khaled Dental\Paper2\archive (10)\Calculus\(1203).jpg,(1203).jpg,Calculus,Training
E:\Dr. Atef Ismail\Khaled Dental\Paper2\archive (10)\Tooth Discoloration\Tooth_Discoloration_0_3143.jpeg,Tooth_Discoloration_0_3143.jpeg,Tooth Discoloration,Training
E:\Dr. Atef Ismail\Khaled Dental\Paper2\archive (10)\Mouth Ulcer\Mouth_Ulcer_0_8258.jpeg,Mouth_Ulcer_0_8258.jpeg,Mouth Ulcer,Training
E:\Dr. Atef Ismail\Khaled Dental\Paper2\archive (10)\hypodontia\(244).jpg,(244).jpg,Hypodontia,Training
E:\Dr. Atef Ismail\Khaled Dental\Paper2\archive (10)\Tooth Discoloration\Tooth_Discoloration_0_8609.jpeg,Tooth_Discoloration_0_8609.jpeg,Tooth Discoloration,Training
E:\Dr. Atef Ismail\Khaled Dental\Paper2\archive (10)\Mouth Ulcer\Mouth_Ulcer_0_8456.jpeg,Mouth_Ulcer_0_8456.jpeg,Mouth Ulcer,Training
E:\Dr. Atef Ismail\Khaled Dental\Paper2\archive (10)\Calculus\(472).jpg,(472).jpg,Calculus,Training
E:\Dr. Atef Ismail\Khaled Dental\Paper2\archive (10)\Caries_Gingivitus\626.jpg,626.jpg,Caries-Gingivitis,Training
E:\Dr. Atef Ismail\Khaled Dental\Paper2\archive (10)\Mouth Ulcer\Mouth_Ulcer_0_9512.jpeg,Mouth_Ulcer_0_9512.jpeg,Mouth Ulcer,Training
E:\Dr. Atef Ismail\Khaled Dental\Paper2\archive (10)\Gingivitis\(2210).jpg,(2210).jpg,Gingivitis,Training
E:\Dr. Atef Ismail\Khaled Dental\Paper2\archive (10)\Gingivitis\(497).jpg,(497).jpg,Gingivitis,Training
E:\Dr. Atef Ismail\Khaled Dental\Paper2\archive (10)\Mouth Ulcer\Mouth_Ulcer_0_6030.jpeg,Mouth_Ulcer_0_6030.jpeg,Mouth Ulcer,Training
E:\Dr. Atef Ismail\Khaled Dental\Paper2\archive (10)\Tooth Discoloration\Tooth_Discoloration_0_3016.jpeg,Tooth_Discoloration_0_3016.jpeg,Tooth Discoloration,Training
E:\Dr. Atef Ismail\Khaled Dental\Paper2\archive (10)\Mouth Ulcer\Mouth_Ulcer_0_6758.jpeg,Mouth_Ulcer_0_6758.jpeg,Mouth Ulcer,Training
E:\Dr. Atef Ismail\Khaled Dental\Paper2\archive (10)\Mouth Ulcer\Mouth_Ulcer_0_5277.jpeg,Mouth_Ulcer_0_5277.jpeg,Mouth Ulcer,Training
E:\Dr. Atef Ismail\Khaled Dental\Paper2\archive (10)\Tooth Discoloration\Tooth_Discoloration_0_8196.jpeg,Tooth_Discoloration_0_8196.jpeg,Tooth Discoloration,Training
E:\Dr. Atef Ismail\Khaled Dental\Paper2\archive (10)\Mouth Ulcer\Mouth_Ulcer_0_211.jpeg,Mouth_Ulcer_0_211.jpeg,Mouth Ulcer,Training
E:\Dr. Atef Ismail\Khaled Dental\Paper2\archive (10)\Mouth Ulcer\Mouth_Ulcer_0_5872.jpeg,Mouth_Ulcer_0_5872.jpeg,Mouth Ulcer,Training
E:\Dr. Atef Ismail\Khaled Dental\Paper2\archive (10)\Caries_Gingivitus\caries_0_5055.jpeg,caries_0_5055.jpeg,Caries-Gingivitis,Training
E:\Dr. Atef Ismail\Khaled Dental\Paper2\archive (10)\Gingivitis\(721).jpg,(721).jpg,Gingivitis,Training
E:\Dr. Atef Ismail\Khaled Dental\Paper2\archive (10)\Calculus\(509).jpg,(509).jpg,Calculus,Training
E:\Dr. Atef Ismail\Khaled Dental\Paper2\archive (10)\Caries_Gingivitus\caries_0_558.jpeg,caries_0_558.jpeg,Caries-Gingivitis,Training
E:\Dr. Atef Ismail\Khaled Dental\Paper2\archive (10)\Calculus\(95).jpg,(95).jpg,Calculus,Training
E:\Dr. Atef Ismail\Khaled Dental\Paper2\archive (10)\Gingivitis\(12).jpg,(12).jpg,Gingivitis,Training
E:\Dr. Atef Ismail\Khaled Dental\Paper2\archive (10)\Gingivitis\(440).jpg,(440).jpg,Gingivitis,Training
E:\Dr. Atef Ismail\Khaled Dental\Paper2\archive (10)\Mouth Ulcer\Mouth_Ulcer_0_1832.jpeg,Mouth_Ulcer_0_1832.jpeg,Mouth Ulcer,Training
E:\Dr. Atef Ismail\Khaled Dental\Paper2\archive (10)\Gingivitis\(1424).jpg,(1424).jpg,Gingivitis,Training
E:\Dr. Atef Ismail\Khaled Dental\Paper2\archive (10)\Calculus\(921).jpg,(921).jpg,Calculus,Training
E:\Dr. Atef Ismail\Khaled Dental\Paper2\archive (10)\Caries_Gingivitus\602.jpg,602.jpg,Caries-Gingivitis,Training
E:\Dr. Atef Ismail\Khaled Dental\Paper2\archive (10)\Calculus\(780).jpg,(780).jpg,Calculus,Training
E:\Dr. Atef Ismail\Khaled Dental\Paper2\archive (10)\Tooth Discoloration\Tooth_Discoloration_0_4556.jpeg,Tooth_Discoloration_0_4556.jpeg,Tooth Discoloration,Training
E:\Dr. Atef Ismail\Khaled Dental\Paper2\archive (10)\Tooth Discoloration\Tooth_Discoloration_0_4638.jpeg,Tooth_Discoloration_0_4638.jpeg,Tooth Discoloration,Training
E:\Dr. Atef Ismail\Khaled Dental\Paper2\archive (10)\Mouth Ulcer\Mouth_Ulcer_0_9150.jpeg,Mouth_Ulcer_0_9150.jpeg,Mouth Ulcer,Training
E:\Dr. Atef Ismail\Khaled Dental\Paper2\archive (10)\Caries_Gingivitus\278.jpg,278.jpg,Caries-Gingivitis,Training
E:\Dr. Atef Ismail\Khaled Dental\Paper2\archive (10)\Tooth Discoloration\Tooth_Discoloration_0_1033.jpeg,Tooth_Discoloration_0_1033.jpeg,Tooth Discoloration,Training
E:\Dr. Atef Ismail\Khaled Dental\Paper2\archive (10)\Gingivitis\(1525).jpg,(1525).jpg,Gingivitis,Training
E:\Dr. Atef Ismail\Khaled Dental\Paper2\archive (10)\Calculus\(1120).jpg,(1120).jpg,Calculus,Training
E:\Dr. Atef Ismail\Khaled Dental\Paper2\archive (10)\Tooth Discoloration\Tooth_Discoloration_0_5817.jpeg,Tooth_Discoloration_0_5817.jpeg,Tooth Discoloration,Training
E:\Dr. Atef Ismail\Khaled Dental\Paper2\archive (10)\Gingivitis\(1005).jpg,(1005).jpg,Gingivitis,Training
E:\Dr. Atef Ismail\Khaled Dental\Paper2\archive (10)\Tooth Discoloration\Tooth_Discoloration_0_7290.jpeg,Tooth_Discoloration_0_7290.jpeg,Tooth Discoloration,Training
E:\Dr. Atef Ismail\Khaled Dental\Paper2\archive (10)\Caries_Gingivitus\caries_0_4917.jpeg,caries_0_4917.jpeg,Caries-Gingivitis,Training
E:\Dr. Atef Ismail\Khaled Dental\Paper2\archive (10)\Tooth Discoloration\Tooth_Discoloration_0_9216.jpeg,Tooth_Discoloration_0_9216.jpeg,Tooth Discoloration,Training
E:\Dr. Atef Ismail\Khaled Dental\Paper2\archive (10)\Gingivitis\(933).jpg,(933).jpg,Gingivitis,Training
E:\Dr. Atef Ismail\Khaled Dental\Paper2\archive (10)\Tooth Discoloration\Tooth_Discoloration_0_6560.jpeg,Tooth_Discoloration_0_6560.jpeg,Tooth Discoloration,Training
E:\Dr. Atef Ismail\Khaled Dental\Paper2\archive (10)\Mouth Ulcer\Mouth_Ulcer_0_6403.jpeg,Mouth_Ulcer_0_6403.jpeg,Mouth Ulcer,Training
E:\Dr. Atef Ismail\Khaled Dental\Paper2\archive (10)\Mouth Ulcer\Mouth_Ulcer_0_3843.jpeg,Mouth_Ulcer_0_3843.jpeg,Mouth Ulcer,Training
E:\Dr. Atef Ismail\Khaled Dental\Paper2\archive (10)\Gingivitis\(323).jpg,(323).jpg,Gingivitis,Training
E:\Dr. Atef Ismail\Khaled Dental\Paper2\archive (10)\Gingivitis\(699).jpg,(699).jpg,Gingivitis,Training
E:\Dr. Atef Ismail\Khaled Dental\Paper2\archive (10)\Gingivitis\(1102).jpg,(1102).jpg,Gingivitis,Training
E:\Dr. Atef Ismail\Khaled Dental\Paper2\archive (10)\hypodontia\(883).JPG,(883).JPG,Hypodontia,Training
E:\Dr. Atef Ismail\Khaled Dental\Paper2\archive (10)\Gingivitis\(1562).jpg,(1562).jpg,Gingivitis,Training
E:\Dr. Atef Ismail\Khaled Dental\Paper2\archive (10)\Caries_Gingivitus\17.jpg,17.jpg,Caries-Gingivitis,Training
E:\Dr. Atef Ismail\Khaled Dental\Paper2\archive (10)\Tooth Discoloration\Tooth_Discoloration_0_5263.jpeg,Tooth_Discoloration_0_5263.jpeg,Tooth Discoloration,Training
E:\Dr. Atef Ismail\Khaled Dental\Paper2\archive (10)\hypodontia\(206).JPG,(206).JPG,Hypodontia,Training
E:\Dr. Atef Ismail\Khaled Dental\Paper2\archive (10)\Mouth Ulcer\Mouth_Ulcer_0_5573.jpeg,Mouth_Ulcer_0_5573.jpeg,Mouth Ulcer,Training
E:\Dr. Atef Ismail\Khaled Dental\Paper2\archive (10)\Calculus\(420).jpg,(420).jpg,Calculus,Training
E:\Dr. Atef Ismail\Khaled Dental\Paper2\archive (10)\Caries_Gingivitus\caries_0_4876.jpeg,caries_0_4876.jpeg,Caries-Gingivitis,Training
E:\Dr. Atef Ismail\Khaled Dental\Paper2\archive (10)\Mouth Ulcer\Mouth_Ulcer_0_3987.jpeg,Mouth_Ulcer_0_3987.jpeg,Mouth Ulcer,Training
E:\Dr. Atef Ismail\Khaled Dental\Paper2\archive (10)\Tooth Discoloration\Tooth_Discoloration_0_1216.jpeg,Tooth_Discoloration_0_1216.jpeg,Tooth Discoloration,Training
E:\Dr. Atef Ismail\Khaled Dental\Paper2\archive (10)\Tooth Discoloration\Tooth_Discoloration_0_8596.jpeg,Tooth_Discoloration_0_8596.jpeg,Tooth Discoloration,Training
E:\Dr. Atef Ismail\Khaled Dental\Paper2\archive (10)\hypodontia\(938).jpg,(938).jpg,Hypodontia,Training
E:\Dr. Atef Ismail\Khaled Dental\Paper2\archive (10)\Gingivitis\(529).jpg,(529).jpg,Gingivitis,Training
E:\Dr. Atef Ismail\Khaled Dental\Paper2\archive (10)\Gingivitis\(197).jpg,(197).jpg,Gingivitis,Training
E:\Dr. Atef Ismail\Khaled Dental\Paper2\archive (10)\Gingivitis\(632).jpg,(632).jpg,Gingivitis,Training
E:\Dr. Atef Ismail\Khaled Dental\Paper2\archive (10)\Tooth Discoloration\Tooth_Discoloration_0_4115.jpeg,Tooth_Discoloration_0_4115.jpeg,Tooth Discoloration,Training
E:\Dr. Atef Ismail\Khaled Dental\Paper2\archive (10)\Mouth Ulcer\Mouth_Ulcer_0_8833.jpeg,Mouth_Ulcer_0_8833.jpeg,Mouth Ulcer,Training
E:\Dr. Atef Ismail\Khaled Dental\Paper2\archive (10)\Mouth Ulcer\Mouth_Ulcer_0_8196.jpeg,Mouth_Ulcer_0_8196.jpeg,Mouth Ulcer,Training
E:\Dr. Atef Ismail\Khaled Dental\Paper2\archive (10)\hypodontia\(378).JPG,(378).JPG,Hypodontia,Training
E:\Dr. Atef Ismail\Khaled Dental\Paper2\archive (10)\Mouth Ulcer\Mouth_Ulcer_0_6775.jpeg,Mouth_Ulcer_0_6775.jpeg,Mouth Ulcer,Training
E:\Dr. Atef Ismail\Khaled Dental\Paper2\archive (10)\Tooth Discoloration\Tooth_Discoloration_0_7478.jpeg,Tooth_Discoloration_0_7478.jpeg,Tooth Discoloration,Training
E:\Dr. Atef Ismail\Khaled Dental\Paper2\archive (10)\Tooth Discoloration\Tooth_Discoloration_0_7736.jpeg,Tooth_Discoloration_0_7736.jpeg,Tooth Discoloration,Training
E:\Dr. Atef Ismail\Khaled Dental\Paper2\archive (10)\Tooth Discoloration\Tooth_Discoloration_0_7827.jpeg,Tooth_Discoloration_0_7827.jpeg,Tooth Discoloration,Training
E:\Dr. Atef Ismail\Khaled Dental\Paper2\archive (10)\Gingivitis\(1441).jpg,(1441).jpg,Gingivitis,Training
E:\Dr. Atef Ismail\Khaled Dental\Paper2\archive (10)\Tooth Discoloration\Tooth_Discoloration_0_1355.jpeg,Tooth_Discoloration_0_1355.jpeg,Tooth Discoloration,Training
E:\Dr. Atef Ismail\Khaled Dental\Paper2\archive (10)\Calculus\(336).jpg,(336).jpg,Calculus,Training
E:\Dr. Atef Ismail\Khaled Dental\Paper2\archive (10)\Calculus\(729).jpg,(729).jpg,Calculus,Training
E:\Dr. Atef Ismail\Khaled Dental\Paper2\archive (10)\Gingivitis\(2067).jpg,(2067).jpg,Gingivitis,Training
E:\Dr. Atef Ismail\Khaled Dental\Paper2\archive (10)\Calculus\(364).jpg,(364).jpg,Calculus,Training
E:\Dr. Atef Ismail\Khaled Dental\Paper2\archive (10)\Mouth Ulcer\Mouth_Ulcer_0_7971.jpeg,Mouth_Ulcer_0_7971.jpeg,Mouth Ulcer,Training
E:\Dr. Atef Ismail\Khaled Dental\Paper2\archive (10)\Calculus\(920).jpg,(920).jpg,Calculus,Training
E:\Dr. Atef Ismail\Khaled Dental\Paper2\archive (10)\Caries_Gingivitus\caries_0_3857.jpeg,caries_0_3857.jpeg,Caries-Gingivitis,Training
E:\Dr. Atef Ismail\Khaled Dental\Paper2\archive (10)\hypodontia\(1072).JPG,(1072).JPG,Hypodontia,Training
E:\Dr. Atef Ismail\Khaled Dental\Paper2\archive (10)\Tooth Discoloration\Tooth_Discoloration_0_8569.jpeg,Tooth_Discoloration_0_8569.jpeg,Tooth Discoloration,Training
E:\Dr. Atef Ismail\Khaled Dental\Paper2\archive (10)\Gingivitis\(973).jpg,(973).jpg,Gingivitis,Training
E:\Dr. Atef Ismail\Khaled Dental\Paper2\archive (10)\Gingivitis\(645).jpg,(645).jpg,Gingivitis,Training
E:\Dr. Atef Ismail\Khaled Dental\Paper2\archive (10)\Gingivitis\(2224).jpg,(2224).jpg,Gingivitis,Training
E:\Dr. Atef Ismail\Khaled Dental\Paper2\archive (10)\hypodontia\(376).jpg,(376).jpg,Hypodontia,Training
E:\Dr. Atef Ismail\Khaled Dental\Paper2\archive (10)\Gingivitis\(1707).jpg,(1707).jpg,Gingivitis,Training
E:\Dr. Atef Ismail\Khaled Dental\Paper2\archive (10)\Calculus\(151).jpg,(151).jpg,Calculus,Training
E:\Dr. Atef Ismail\Khaled Dental\Paper2\archive (10)\Gingivitis\(1058).jpg,(1058).jpg,Gingivitis,Training
E:\Dr. Atef Ismail\Khaled Dental\Paper2\archive (10)\Tooth Discoloration\Tooth_Discoloration_0_7325.jpeg,Tooth_Discoloration_0_7325.jpeg,Tooth Discoloration,Training
E:\Dr. Atef Ismail\Khaled Dental\Paper2\archive (10)\Mouth Ulcer\Mouth_Ulcer_0_8459.jpeg,Mouth_Ulcer_0_8459.jpeg,Mouth Ulcer,Training
E:\Dr. Atef Ismail\Khaled Dental\Paper2\archive (10)\hypodontia\(1092).jpg,(1092).jpg,Hypodontia,Training
E:\Dr. Atef Ismail\Khaled Dental\Paper2\archive (10)\Caries_Gingivitus\57.jpg,57.jpg,Caries-Gingivitis,Training
E:\Dr. Atef Ismail\Khaled Dental\Paper2\archive (10)\Mouth Ulcer\Mouth_Ulcer_0_1595.jpeg,Mouth_Ulcer_0_1595.jpeg,Mouth Ulcer,Training
E:\Dr. Atef Ismail\Khaled Dental\Paper2\archive (10)\Gingivitis\(761).jpg,(761).jpg,Gingivitis,Training
E:\Dr. Atef Ismail\Khaled Dental\Paper2\archive (10)\Gingivitis\(959).jpg,(959).jpg,Gingivitis,Training
E:\Dr. Atef Ismail\Khaled Dental\Paper2\archive (10)\Caries_Gingivitus\caries_0_3300.jpeg,caries_0_3300.jpeg,Caries-Gingivitis,Training
E:\Dr. Atef Ismail\Khaled Dental\Paper2\archive (10)\Caries_Gingivitus\(128).jpg,(128).jpg,Caries-Gingivitis,Training
E:\Dr. Atef Ismail\Khaled Dental\Paper2\archive (10)\Gingivitis\(1973).jpg,(1973).jpg,Gingivitis,Training
E:\Dr. Atef Ismail\Khaled Dental\Paper2\archive (10)\Mouth Ulcer\Mouth_Ulcer_0_8305.jpeg,Mouth_Ulcer_0_8305.jpeg,Mouth Ulcer,Training
E:\Dr. Atef Ismail\Khaled Dental\Paper2\archive (10)\Gingivitis\(213).jpg,(213).jpg,Gingivitis,Training
E:\Dr. Atef Ismail\Khaled Dental\Paper2\archive (10)\hypodontia\(190).JPG,(190).JPG,Hypodontia,Training
E:\Dr. Atef Ismail\Khaled Dental\Paper2\archive (10)\Tooth Discoloration\Tooth_Discoloration_0_8524.jpeg,Tooth_Discoloration_0_8524.jpeg,Tooth Discoloration,Training
E:\Dr. Atef Ismail\Khaled Dental\Paper2\archive (10)\Caries_Gingivitus\(182).jpg,(182).jpg,Caries-Gingivitis,Training
E:\Dr. Atef Ismail\Khaled Dental\Paper2\archive (10)\Gingivitis\(1095).jpg,(1095).jpg,Gingivitis,Training
E:\Dr. Atef Ismail\Khaled Dental\Paper2\archive (10)\Gingivitis\(396).jpg,(396).jpg,Gingivitis,Training
E:\Dr. Atef Ismail\Khaled Dental\Paper2\archive (10)\Calculus\(501).jpg,(501).jpg,Calculus,Training
E:\Dr. Atef Ismail\Khaled Dental\Paper2\archive (10)\Caries_Gingivitus\caries_0_66.jpeg,caries_0_66.jpeg,Caries-Gingivitis,Training
E:\Dr. Atef Ismail\Khaled Dental\Paper2\archive (10)\Mouth Ulcer\Mouth_Ulcer_0_6830.jpeg,Mouth_Ulcer_0_6830.jpeg,Mouth Ulcer,Training
E:\Dr. Atef Ismail\Khaled Dental\Paper2\archive (10)\Tooth Discoloration\Tooth_Discoloration_0_6346.jpeg,Tooth_Discoloration_0_6346.jpeg,Tooth Discoloration,Training
E:\Dr. Atef Ismail\Khaled Dental\Paper2\archive (10)\hypodontia\(581).JPG,(581).JPG,Hypodontia,Training
E:\Dr. Atef Ismail\Khaled Dental\Paper2\archive (10)\Mouth Ulcer\Mouth_Ulcer_0_5754.jpeg,Mouth_Ulcer_0_5754.jpeg,Mouth Ulcer,Training
E:\Dr. Atef Ismail\Khaled Dental\Paper2\archive (10)\Gingivitis\(2190).jpg,(2190).jpg,Gingivitis,Training
E:\Dr. Atef Ismail\Khaled Dental\Paper2\archive (10)\Mouth Ulcer\Mouth_Ulcer_0_5549.jpeg,Mouth_Ulcer_0_5549.jpeg,Mouth Ulcer,Training
E:\Dr. Atef Ismail\Khaled Dental\Paper2\archive (10)\Calculus\(396).jpg,(396).jpg,Calculus,Training
E:\Dr. Atef Ismail\Khaled Dental\Paper2\archive (10)\Mouth Ulcer\Mouth_Ulcer_0_8774.jpeg,Mouth_Ulcer_0_8774.jpeg,Mouth Ulcer,Training
E:\Dr. Atef Ismail\Khaled Dental\Paper2\archive (10)\Mouth Ulcer\Mouth_Ulcer_0_9004.jpeg,Mouth_Ulcer_0_9004.jpeg,Mouth Ulcer,Training
E:\Dr. Atef Ismail\Khaled Dental\Paper2\archive (10)\Gingivitis\(151).jpg,(151).jpg,Gingivitis,Training
E:\Dr. Atef Ismail\Khaled Dental\Paper2\archive (10)\Mouth Ulcer\Mouth_Ulcer_0_1453.jpeg,Mouth_Ulcer_0_1453.jpeg,Mouth Ulcer,Training
E:\Dr. Atef Ismail\Khaled Dental\Paper2\archive (10)\Calculus\(618).jpg,(618).jpg,Calculus,Training
E:\Dr. Atef Ismail\Khaled Dental\Paper2\archive (10)\Mouth Ulcer\Mouth_Ulcer_0_2324.jpeg,Mouth_Ulcer_0_2324.jpeg,Mouth Ulcer,Training
E:\Dr. Atef Ismail\Khaled Dental\Paper2\archive (10)\Caries_Gingivitus\caries_0_4898.jpeg,caries_0_4898.jpeg,Caries-Gingivitis,Training
E:\Dr. Atef Ismail\Khaled Dental\Paper2\archive (10)\Gingivitis\(1560).jpg,(1560).jpg,Gingivitis,Training
E:\Dr. Atef Ismail\Khaled Dental\Paper2\archive (10)\Mouth Ulcer\Mouth_Ulcer_0_7874.jpeg,Mouth_Ulcer_0_7874.jpeg,Mouth Ulcer,Training
E:\Dr. Atef Ismail\Khaled Dental\Paper2\archive (10)\Mouth Ulcer\Mouth_Ulcer_0_4331.jpeg,Mouth_Ulcer_0_4331.jpeg,Mouth Ulcer,Training
E:\Dr. Atef Ismail\Khaled Dental\Paper2\archive (10)\Caries_Gingivitus\caries_0_4078.jpeg,caries_0_4078.jpeg,Caries-Gingivitis,Training
E:\Dr. Atef Ismail\Khaled Dental\Paper2\archive (10)\Mouth Ulcer\Mouth_Ulcer_0_6286.jpeg,Mouth_Ulcer_0_6286.jpeg,Mouth Ulcer,Training
E:\Dr. Atef Ismail\Khaled Dental\Paper2\archive (10)\Mouth Ulcer\Mouth_Ulcer_0_3259.jpeg,Mouth_Ulcer_0_3259.jpeg,Mouth Ulcer,Training
E:\Dr. Atef Ismail\Khaled Dental\Paper2\archive (10)\Caries_Gingivitus\39.jpg,39.jpg,Caries-Gingivitis,Training
E:\Dr. Atef Ismail\Khaled Dental\Paper2\archive (10)\Gingivitis\(2198).jpg,(2198).jpg,Gingivitis,Training
E:\Dr. Atef Ismail\Khaled Dental\Paper2\archive (10)\Caries_Gingivitus\caries_0_457.jpeg,caries_0_457.jpeg,Caries-Gingivitis,Training
E:\Dr. Atef Ismail\Khaled Dental\Paper2\archive (10)\Tooth Discoloration\Tooth_Discoloration_0_7470.jpeg,Tooth_Discoloration_0_7470.jpeg,Tooth Discoloration,Training
E:\Dr. Atef Ismail\Khaled Dental\Paper2\archive (10)\Gingivitis\(1554).jpg,(1554).jpg,Gingivitis,Training
E:\Dr. Atef Ismail\Khaled Dental\Paper2\archive (10)\hypodontia\(908).JPG,(908).JPG,Hypodontia,Training
E:\Dr. Atef Ismail\Khaled Dental\Paper2\archive (10)\Calculus\(576).jpg,(576).jpg,Calculus,Training
E:\Dr. Atef Ismail\Khaled Dental\Paper2\archive (10)\Calculus\(296).jpg,(296).jpg,Calculus,Training
E:\Dr. Atef Ismail\Khaled Dental\Paper2\archive (10)\Tooth Discoloration\Tooth_Discoloration_0_7664.jpeg,Tooth_Discoloration_0_7664.jpeg,Tooth Discoloration,Training
E:\Dr. Atef Ismail\Khaled Dental\Paper2\archive (10)\Mouth Ulcer\Mouth_Ulcer_0_7050.jpeg,Mouth_Ulcer_0_7050.jpeg,Mouth Ulcer,Training
E:\Dr. Atef Ismail\Khaled Dental\Paper2\archive (10)\Gingivitis\(238).jpg,(238).jpg,Gingivitis,Training
E:\Dr. Atef Ismail\Khaled Dental\Paper2\archive (10)\Tooth Discoloration\Tooth_Discoloration_0_7168.jpeg,Tooth_Discoloration_0_7168.jpeg,Tooth Discoloration,Training
E:\Dr. Atef Ismail\Khaled Dental\Paper2\archive (10)\Mouth Ulcer\Mouth_Ulcer_0_4013.jpeg,Mouth_Ulcer_0_4013.jpeg,Mouth Ulcer,Training
E:\Dr. Atef Ismail\Khaled Dental\Paper2\archive (10)\Mouth Ulcer\Mouth_Ulcer_0_9324.jpeg,Mouth_Ulcer_0_9324.jpeg,Mouth Ulcer,Training
E:\Dr. Atef Ismail\Khaled Dental\Paper2\archive (10)\Mouth Ulcer\Mouth_Ulcer_0_8300.jpeg,Mouth_Ulcer_0_8300.jpeg,Mouth Ulcer,Training
E:\Dr. Atef Ismail\Khaled Dental\Paper2\archive (10)\Tooth Discoloration\Tooth_Discoloration_0_9664.jpeg,Tooth_Discoloration_0_9664.jpeg,Tooth Discoloration,Training
E:\Dr. Atef Ismail\Khaled Dental\Paper2\archive (10)\Tooth Discoloration\Tooth_Discoloration_0_1409.jpeg,Tooth_Discoloration_0_1409.jpeg,Tooth Discoloration,Training
E:\Dr. Atef Ismail\Khaled Dental\Paper2\archive (10)\Mouth Ulcer\Mouth_Ulcer_0_1850.jpeg,Mouth_Ulcer_0_1850.jpeg,Mouth Ulcer,Training
E:\Dr. Atef Ismail\Khaled Dental\Paper2\archive (10)\Calculus\(162).jpg,(162).jpg,Calculus,Training
E:\Dr. Atef Ismail\Khaled Dental\Paper2\archive (10)\Gingivitis\(2134).jpg,(2134).jpg,Gingivitis,Training
E:\Dr. Atef Ismail\Khaled Dental\Paper2\archive (10)\Caries_Gingivitus\(31).jpg,(31).jpg,Caries-Gingivitis,Training
E:\Dr. Atef Ismail\Khaled Dental\Paper2\archive (10)\Gingivitis\(2002).jpg,(2002).jpg,Gingivitis,Training
E:\Dr. Atef Ismail\Khaled Dental\Paper2\archive (10)\Tooth Discoloration\Tooth_Discoloration_0_712.jpeg,Tooth_Discoloration_0_712.jpeg,Tooth Discoloration,Training
E:\Dr. Atef Ismail\Khaled Dental\Paper2\archive (10)\Tooth Discoloration\Tooth_Discoloration_0_6919.jpeg,Tooth_Discoloration_0_6919.jpeg,Tooth Discoloration,Training
E:\Dr. Atef Ismail\Khaled Dental\Paper2\archive (10)\Tooth Discoloration\Tooth_Discoloration_0_8220.jpeg,Tooth_Discoloration_0_8220.jpeg,Tooth Discoloration,Training
E:\Dr. Atef Ismail\Khaled Dental\Paper2\archive (10)\Caries_Gingivitus\585.jpg,585.jpg,Caries-Gingivitis,Training
E:\Dr. Atef Ismail\Khaled Dental\Paper2\archive (10)\Gingivitis\(1724).jpg,(1724).jpg,Gingivitis,Training
E:\Dr. Atef Ismail\Khaled Dental\Paper2\archive (10)\Mouth Ulcer\Mouth_Ulcer_0_8175.jpeg,Mouth_Ulcer_0_8175.jpeg,Mouth Ulcer,Training
E:\Dr. Atef Ismail\Khaled Dental\Paper2\archive (10)\Tooth Discoloration\Tooth_Discoloration_0_6070.jpeg,Tooth_Discoloration_0_6070.jpeg,Tooth Discoloration,Training
E:\Dr. Atef Ismail\Khaled Dental\Paper2\archive (10)\Tooth Discoloration\Tooth_Discoloration_0_7275.jpeg,Tooth_Discoloration_0_7275.jpeg,Tooth Discoloration,Training
E:\Dr. Atef Ismail\Khaled Dental\Paper2\archive (10)\Caries_Gingivitus\387.jpg,387.jpg,Caries-Gingivitis,Training
E:\Dr. Atef Ismail\Khaled Dental\Paper2\archive (10)\Caries_Gingivitus\caries_0_3995.jpeg,caries_0_3995.jpeg,Caries-Gingivitis,Training
E:\Dr. Atef Ismail\Khaled Dental\Paper2\archive (10)\Calculus\(1188).jpg,(1188).jpg,Calculus,Training
E:\Dr. Atef Ismail\Khaled Dental\Paper2\archive (10)\Caries_Gingivitus\262.jpg,262.jpg,Caries-Gingivitis,Training
E:\Dr. Atef Ismail\Khaled Dental\Paper2\archive (10)\Gingivitis\(234).jpg,(234).jpg,Gingivitis,Training
E:\Dr. Atef Ismail\Khaled Dental\Paper2\archive (10)\hypodontia\(845).JPG,(845).JPG,Hypodontia,Training
E:\Dr. Atef Ismail\Khaled Dental\Paper2\archive (10)\Gingivitis\(898).jpg,(898).jpg,Gingivitis,Training
E:\Dr. Atef Ismail\Khaled Dental\Paper2\archive (10)\Tooth Discoloration\Tooth_Discoloration_0_7514.jpeg,Tooth_Discoloration_0_7514.jpeg,Tooth Discoloration,Training
E:\Dr. Atef Ismail\Khaled Dental\Paper2\archive (10)\Tooth Discoloration\Tooth_Discoloration_0_223.jpeg,Tooth_Discoloration_0_223.jpeg,Tooth Discoloration,Training
E:\Dr. Atef Ismail\Khaled Dental\Paper2\archive (10)\hypodontia\(688).jpg,(688).jpg,Hypodontia,Training
E:\Dr. Atef Ismail\Khaled Dental\Paper2\archive (10)\Calculus\(1007).jpg,(1007).jpg,Calculus,Training
E:\Dr. Atef Ismail\Khaled Dental\Paper2\archive (10)\Caries_Gingivitus\131.jpg,131.jpg,Caries-Gingivitis,Training
E:\Dr. Atef Ismail\Khaled Dental\Paper2\archive (10)\Mouth Ulcer\Mouth_Ulcer_0_7828.jpeg,Mouth_Ulcer_0_7828.jpeg,Mouth Ulcer,Training
E:\Dr. Atef Ismail\Khaled Dental\Paper2\archive (10)\Gingivitis\(719).jpg,(719).jpg,Gingivitis,Training
E:\Dr. Atef Ismail\Khaled Dental\Paper2\archive (10)\Gingivitis\(480).JPG,(480).JPG,Gingivitis,Training
E:\Dr. Atef Ismail\Khaled Dental\Paper2\archive (10)\Mouth Ulcer\Mouth_Ulcer_0_1270.jpeg,Mouth_Ulcer_0_1270.jpeg,Mouth Ulcer,Training
E:\Dr. Atef Ismail\Khaled Dental\Paper2\archive (10)\Caries_Gingivitus\280.jpg,280.jpg,Caries-Gingivitis,Training
E:\Dr. Atef Ismail\Khaled Dental\Paper2\archive (10)\Calculus\(570).jpg,(570).jpg,Calculus,Training
E:\Dr. Atef Ismail\Khaled Dental\Paper2\archive (10)\Tooth Discoloration\Tooth_Discoloration_0_4971.jpeg,Tooth_Discoloration_0_4971.jpeg,Tooth Discoloration,Training
E:\Dr. Atef Ismail\Khaled Dental\Paper2\archive (10)\Gingivitis\(567).jpg,(567).jpg,Gingivitis,Training
E:\Dr. Atef Ismail\Khaled Dental\Paper2\archive (10)\Tooth Discoloration\Tooth_Discoloration_0_3797.jpeg,Tooth_Discoloration_0_3797.jpeg,Tooth Discoloration,Training
E:\Dr. Atef Ismail\Khaled Dental\Paper2\archive (10)\Tooth Discoloration\Tooth_Discoloration_0_1301.jpeg,Tooth_Discoloration_0_1301.jpeg,Tooth Discoloration,Training
E:\Dr. Atef Ismail\Khaled Dental\Paper2\archive (10)\Gingivitis\(21).jpg,(21).jpg,Gingivitis,Training
E:\Dr. Atef Ismail\Khaled Dental\Paper2\archive (10)\Gingivitis\(65).jpg,(65).jpg,Gingivitis,Training
E:\Dr. Atef Ismail\Khaled Dental\Paper2\archive (10)\Tooth Discoloration\Tooth_Discoloration_0_23.jpeg,Tooth_Discoloration_0_23.jpeg,Tooth Discoloration,Training
E:\Dr. Atef Ismail\Khaled Dental\Paper2\archive (10)\Caries_Gingivitus\391.jpg,391.jpg,Caries-Gingivitis,Training
E:\Dr. Atef Ismail\Khaled Dental\Paper2\archive (10)\Calculus\(612).jpg,(612).jpg,Calculus,Training
E:\Dr. Atef Ismail\Khaled Dental\Paper2\archive (10)\Tooth Discoloration\Tooth_Discoloration_0_4260.jpeg,Tooth_Discoloration_0_4260.jpeg,Tooth Discoloration,Training
E:\Dr. Atef Ismail\Khaled Dental\Paper2\archive (10)\Gingivitis\(1653).jpg,(1653).jpg,Gingivitis,Training
E:\Dr. Atef Ismail\Khaled Dental\Paper2\archive (10)\Mouth Ulcer\Mouth_Ulcer_0_2100.jpeg,Mouth_Ulcer_0_2100.jpeg,Mouth Ulcer,Training
E:\Dr. Atef Ismail\Khaled Dental\Paper2\archive (10)\Tooth Discoloration\Tooth_Discoloration_0_2973.jpeg,Tooth_Discoloration_0_2973.jpeg,Tooth Discoloration,Training
E:\Dr. Atef Ismail\Khaled Dental\Paper2\archive (10)\Gingivitis\(5).jpg,(5).jpg,Gingivitis,Training
E:\Dr. Atef Ismail\Khaled Dental\Paper2\archive (10)\Tooth Discoloration\Tooth_Discoloration_0_7486.jpeg,Tooth_Discoloration_0_7486.jpeg,Tooth Discoloration,Training
E:\Dr. Atef Ismail\Khaled Dental\Paper2\archive (10)\Mouth Ulcer\Mouth_Ulcer_0_1423.jpeg,Mouth_Ulcer_0_1423.jpeg,Mouth Ulcer,Training
E:\Dr. Atef Ismail\Khaled Dental\Paper2\archive (10)\Calculus\(109).jpg,(109).jpg,Calculus,Training
E:\Dr. Atef Ismail\Khaled Dental\Paper2\archive (10)\Gingivitis\(460).jpg,(460).jpg,Gingivitis,Training
E:\Dr. Atef Ismail\Khaled Dental\Paper2\archive (10)\Calculus\(829).jpg,(829).jpg,Calculus,Training
E:\Dr. Atef Ismail\Khaled Dental\Paper2\archive (10)\Gingivitis\(123).jpg,(123).jpg,Gingivitis,Training
E:\Dr. Atef Ismail\Khaled Dental\Paper2\archive (10)\Calculus\(390).jpg,(390).jpg,Calculus,Training
E:\Dr. Atef Ismail\Khaled Dental\Paper2\archive (10)\Gingivitis\(754).jpg,(754).jpg,Gingivitis,Training
E:\Dr. Atef Ismail\Khaled Dental\Paper2\archive (10)\Gingivitis\(930).jpg,(930).jpg,Gingivitis,Training
E:\Dr. Atef Ismail\Khaled Dental\Paper2\archive (10)\Gingivitis\(683).jpg,(683).jpg,Gingivitis,Training
E:\Dr. Atef Ismail\Khaled Dental\Paper2\archive (10)\Gingivitis\(1726).jpg,(1726).jpg,Gingivitis,Training
E:\Dr. Atef Ismail\Khaled Dental\Paper2\archive (10)\Mouth Ulcer\Mouth_Ulcer_0_7246.jpeg,Mouth_Ulcer_0_7246.jpeg,Mouth Ulcer,Training
E:\Dr. Atef Ismail\Khaled Dental\Paper2\archive (10)\Mouth Ulcer\Mouth_Ulcer_0_1829.jpeg,Mouth_Ulcer_0_1829.jpeg,Mouth Ulcer,Training
E:\Dr. Atef Ismail\Khaled Dental\Paper2\archive (10)\Tooth Discoloration\Tooth_Discoloration_0_2459.jpeg,Tooth_Discoloration_0_2459.jpeg,Tooth Discoloration,Training
E:\Dr. Atef Ismail\Khaled Dental\Paper2\archive (10)\Mouth Ulcer\Mouth_Ulcer_0_475.jpeg,Mouth_Ulcer_0_475.jpeg,Mouth Ulcer,Training
E:\Dr. Atef Ismail\Khaled Dental\Paper2\archive (10)\hypodontia\(905).JPG,(905).JPG,Hypodontia,Training
E:\Dr. Atef Ismail\Khaled Dental\Paper2\archive (10)\Tooth Discoloration\Tooth_Discoloration_0_36.jpeg,Tooth_Discoloration_0_36.jpeg,Tooth Discoloration,Training
E:\Dr. Atef Ismail\Khaled Dental\Paper2\archive (10)\Mouth Ulcer\Mouth_Ulcer_0_8253.jpeg,Mouth_Ulcer_0_8253.jpeg,Mouth Ulcer,Training
E:\Dr. Atef Ismail\Khaled Dental\Paper2\archive (10)\Tooth Discoloration\Tooth_Discoloration_0_9487.jpeg,Tooth_Discoloration_0_9487.jpeg,Tooth Discoloration,Training
E:\Dr. Atef Ismail\Khaled Dental\Paper2\archive (10)\Caries_Gingivitus\(60).jpg,(60).jpg,Caries-Gingivitis,Training
E:\Dr. Atef Ismail\Khaled Dental\Paper2\archive (10)\Tooth Discoloration\Tooth_Discoloration_0_5081.jpeg,Tooth_Discoloration_0_5081.jpeg,Tooth Discoloration,Training
E:\Dr. Atef Ismail\Khaled Dental\Paper2\archive (10)\Caries_Gingivitus\caries_0_5028.jpeg,caries_0_5028.jpeg,Caries-Gingivitis,Training
E:\Dr. Atef Ismail\Khaled Dental\Paper2\archive (10)\hypodontia\(444).JPG,(444).JPG,Hypodontia,Training
E:\Dr. Atef Ismail\Khaled Dental\Paper2\archive (10)\Caries_Gingivitus\382.jpg,382.jpg,Caries-Gingivitis,Training
E:\Dr. Atef Ismail\Khaled Dental\Paper2\archive (10)\Calculus\(966).jpg,(966).jpg,Calculus,Training
E:\Dr. Atef Ismail\Khaled Dental\Paper2\archive (10)\Caries_Gingivitus\108.jpg,108.jpg,Caries-Gingivitis,Training
E:\Dr. Atef Ismail\Khaled Dental\Paper2\archive (10)\hypodontia\(275).jpg,(275).jpg,Hypodontia,Training
E:\Dr. Atef Ismail\Khaled Dental\Paper2\archive (10)\Calculus\(906).jpg,(906).jpg,Calculus,Training
E:\Dr. Atef Ismail\Khaled Dental\Paper2\archive (10)\hypodontia\(239).JPG,(239).JPG,Hypodontia,Training
E:\Dr. Atef Ismail\Khaled Dental\Paper2\archive (10)\Caries_Gingivitus\384.jpg,384.jpg,Caries-Gingivitis,Training
E:\Dr. Atef Ismail\Khaled Dental\Paper2\archive (10)\Gingivitis\(1195).jpg,(1195).jpg,Gingivitis,Training
E:\Dr. Atef Ismail\Khaled Dental\Paper2\archive (10)\Gingivitis\(258).jpg,(258).jpg,Gingivitis,Training
E:\Dr. Atef Ismail\Khaled Dental\Paper2\archive (10)\hypodontia\(603).JPG,(603).JPG,Hypodontia,Training
E:\Dr. Atef Ismail\Khaled Dental\Paper2\archive (10)\Tooth Discoloration\Tooth_Discoloration_0_9836.jpeg,Tooth_Discoloration_0_9836.jpeg,Tooth Discoloration,Training
E:\Dr. Atef Ismail\Khaled Dental\Paper2\archive (10)\Mouth Ulcer\Mouth_Ulcer_0_3052.jpeg,Mouth_Ulcer_0_3052.jpeg,Mouth Ulcer,Training
E:\Dr. Atef Ismail\Khaled Dental\Paper2\archive (10)\Mouth Ulcer\Mouth_Ulcer_0_4954.jpeg,Mouth_Ulcer_0_4954.jpeg,Mouth Ulcer,Training
E:\Dr. Atef Ismail\Khaled Dental\Paper2\archive (10)\Gingivitis\(1571).jpg,(1571).jpg,Gingivitis,Training
E:\Dr. Atef Ismail\Khaled Dental\Paper2\archive (10)\Caries_Gingivitus\caries_0_3699.jpeg,caries_0_3699.jpeg,Caries-Gingivitis,Training
E:\Dr. Atef Ismail\Khaled Dental\Paper2\archive (10)\hypodontia\(1139).JPG,(1139).JPG,Hypodontia,Training
E:\Dr. Atef Ismail\Khaled Dental\Paper2\archive (10)\hypodontia\(381).JPG,(381).JPG,Hypodontia,Training
E:\Dr. Atef Ismail\Khaled Dental\Paper2\archive (10)\Gingivitis\(1357).jpg,(1357).jpg,Gingivitis,Training
E:\Dr. Atef Ismail\Khaled Dental\Paper2\archive (10)\hypodontia\(1201).JPG,(1201).JPG,Hypodontia,Training
E:\Dr. Atef Ismail\Khaled Dental\Paper2\archive (10)\hypodontia\(652).JPG,(652).JPG,Hypodontia,Training
E:\Dr. Atef Ismail\Khaled Dental\Paper2\archive (10)\Mouth Ulcer\Mouth_Ulcer_0_8541.jpeg,Mouth_Ulcer_0_8541.jpeg,Mouth Ulcer,Training
E:\Dr. Atef Ismail\Khaled Dental\Paper2\archive (10)\hypodontia\(365).jpg,(365).jpg,Hypodontia,Training
E:\Dr. Atef Ismail\Khaled Dental\Paper2\archive (10)\Caries_Gingivitus\caries_0_4235.jpeg,caries_0_4235.jpeg,Caries-Gingivitis,Training
E:\Dr. Atef Ismail\Khaled Dental\Paper2\archive (10)\Caries_Gingivitus\caries_0_4729.jpeg,caries_0_4729.jpeg,Caries-Gingivitis,Training
E:\Dr. Atef Ismail\Khaled Dental\Paper2\archive (10)\Caries_Gingivitus\27.jpg,27.jpg,Caries-Gingivitis,Training
E:\Dr. Atef Ismail\Khaled Dental\Paper2\archive (10)\Tooth Discoloration\Tooth_Discoloration_0_3485.jpeg,Tooth_Discoloration_0_3485.jpeg,Tooth Discoloration,Training
E:\Dr. Atef Ismail\Khaled Dental\Paper2\archive (10)\Tooth Discoloration\Tooth_Discoloration_0_5128.jpeg,Tooth_Discoloration_0_5128.jpeg,Tooth Discoloration,Training
E:\Dr. Atef Ismail\Khaled Dental\Paper2\archive (10)\Mouth Ulcer\Mouth_Ulcer_0_3035.jpeg,Mouth_Ulcer_0_3035.jpeg,Mouth Ulcer,Training
E:\Dr. Atef Ismail\Khaled Dental\Paper2\archive (10)\Calculus\(1059).jpg,(1059).jpg,Calculus,Training
E:\Dr. Atef Ismail\Khaled Dental\Paper2\archive (10)\Caries_Gingivitus\300.jpg,300.jpg,Caries-Gingivitis,Training
E:\Dr. Atef Ismail\Khaled Dental\Paper2\archive (10)\Tooth Discoloration\Tooth_Discoloration_0_5000.jpeg,Tooth_Discoloration_0_5000.jpeg,Tooth Discoloration,Training
E:\Dr. Atef Ismail\Khaled Dental\Paper2\archive (10)\hypodontia\(1213).JPG,(1213).JPG,Hypodontia,Training
E:\Dr. Atef Ismail\Khaled Dental\Paper2\archive (10)\Tooth Discoloration\Tooth_Discoloration_0_4860.jpeg,Tooth_Discoloration_0_4860.jpeg,Tooth Discoloration,Training
E:\Dr. Atef Ismail\Khaled Dental\Paper2\archive (10)\Mouth Ulcer\Mouth_Ulcer_0_4229.jpeg,Mouth_Ulcer_0_4229.jpeg,Mouth Ulcer,Training
E:\Dr. Atef Ismail\Khaled Dental\Paper2\archive (10)\Gingivitis\(1933).jpg,(1933).jpg,Gingivitis,Training
E:\Dr. Atef Ismail\Khaled Dental\Paper2\archive (10)\Mouth Ulcer\Mouth_Ulcer_0_6722.jpeg,Mouth_Ulcer_0_6722.jpeg,Mouth Ulcer,Training
E:\Dr. Atef Ismail\Khaled Dental\Paper2\archive (10)\Caries_Gingivitus\51.jpg,51.jpg,Caries-Gingivitis,Training
E:\Dr. Atef Ismail\Khaled Dental\Paper2\archive (10)\Tooth Discoloration\Tooth_Discoloration_0_8071.jpeg,Tooth_Discoloration_0_8071.jpeg,Tooth Discoloration,Training
E:\Dr. Atef Ismail\Khaled Dental\Paper2\archive (10)\Mouth Ulcer\Mouth_Ulcer_0_8279.jpeg,Mouth_Ulcer_0_8279.jpeg,Mouth Ulcer,Training
E:\Dr. Atef Ismail\Khaled Dental\Paper2\archive (10)\Tooth Discoloration\Tooth_Discoloration_0_8700.jpeg,Tooth_Discoloration_0_8700.jpeg,Tooth Discoloration,Training
E:\Dr. Atef Ismail\Khaled Dental\Paper2\archive (10)\hypodontia\(472).JPG,(472).JPG,Hypodontia,Training
E:\Dr. Atef Ismail\Khaled Dental\Paper2\archive (10)\Gingivitis\(212).jpg,(212).jpg,Gingivitis,Training
E:\Dr. Atef Ismail\Khaled Dental\Paper2\archive (10)\Caries_Gingivitus\341.jpg,341.jpg,Caries-Gingivitis,Training
E:\Dr. Atef Ismail\Khaled Dental\Paper2\archive (10)\Mouth Ulcer\Mouth_Ulcer_0_2398.jpeg,Mouth_Ulcer_0_2398.jpeg,Mouth Ulcer,Training
E:\Dr. Atef Ismail\Khaled Dental\Paper2\archive (10)\Gingivitis\(1008).jpg,(1008).jpg,Gingivitis,Training
E:\Dr. Atef Ismail\Khaled Dental\Paper2\archive (10)\hypodontia\(105).jpg,(105).jpg,Hypodontia,Training
E:\Dr. Atef Ismail\Khaled Dental\Paper2\archive (10)\hypodontia\(837).JPG,(837).JPG,Hypodontia,Training
E:\Dr. Atef Ismail\Khaled Dental\Paper2\archive (10)\hypodontia\(962).jpg,(962).jpg,Hypodontia,Training
E:\Dr. Atef Ismail\Khaled Dental\Paper2\archive (10)\Mouth Ulcer\Mouth_Ulcer_0_2619.jpeg,Mouth_Ulcer_0_2619.jpeg,Mouth Ulcer,Training
E:\Dr. Atef Ismail\Khaled Dental\Paper2\archive (10)\Mouth Ulcer\Mouth_Ulcer_0_1808.jpeg,Mouth_Ulcer_0_1808.jpeg,Mouth Ulcer,Training
E:\Dr. Atef Ismail\Khaled Dental\Paper2\archive (10)\Caries_Gingivitus\(220).jpg,(220).jpg,Caries-Gingivitis,Training
E:\Dr. Atef Ismail\Khaled Dental\Paper2\archive (10)\Mouth Ulcer\Mouth_Ulcer_0_3002.jpeg,Mouth_Ulcer_0_3002.jpeg,Mouth Ulcer,Training
E:\Dr. Atef Ismail\Khaled Dental\Paper2\archive (10)\Gingivitis\(1883).jpg,(1883).jpg,Gingivitis,Training
E:\Dr. Atef Ismail\Khaled Dental\Paper2\archive (10)\Mouth Ulcer\Mouth_Ulcer_0_4965.jpeg,Mouth_Ulcer_0_4965.jpeg,Mouth Ulcer,Training
E:\Dr. Atef Ismail\Khaled Dental\Paper2\archive (10)\Mouth Ulcer\Mouth_Ulcer_0_7618.jpeg,Mouth_Ulcer_0_7618.jpeg,Mouth Ulcer,Training
E:\Dr. Atef Ismail\Khaled Dental\Paper2\archive (10)\Gingivitis\(1430).jpg,(1430).jpg,Gingivitis,Training
E:\Dr. Atef Ismail\Khaled Dental\Paper2\archive (10)\Gingivitis\(1711).jpg,(1711).jpg,Gingivitis,Training
E:\Dr. Atef Ismail\Khaled Dental\Paper2\archive (10)\Gingivitis\(939).jpg,(939).jpg,Gingivitis,Training
E:\Dr. Atef Ismail\Khaled Dental\Paper2\archive (10)\Mouth Ulcer\Mouth_Ulcer_0_7536.jpeg,Mouth_Ulcer_0_7536.jpeg,Mouth Ulcer,Training
E:\Dr. Atef Ismail\Khaled Dental\Paper2\archive (10)\Mouth Ulcer\Mouth_Ulcer_0_5848.jpeg,Mouth_Ulcer_0_5848.jpeg,Mouth Ulcer,Training
E:\Dr. Atef Ismail\Khaled Dental\Paper2\archive (10)\Tooth Discoloration\Tooth_Discoloration_0_4001.jpeg,Tooth_Discoloration_0_4001.jpeg,Tooth Discoloration,Training
E:\Dr. Atef Ismail\Khaled Dental\Paper2\archive (10)\hypodontia\(760).JPG,(760).JPG,Hypodontia,Training
E:\Dr. Atef Ismail\Khaled Dental\Paper2\archive (10)\Mouth Ulcer\Mouth_Ulcer_0_7747.jpeg,Mouth_Ulcer_0_7747.jpeg,Mouth Ulcer,Training
E:\Dr. Atef Ismail\Khaled Dental\Paper2\archive (10)\Gingivitis\(2118).jpg,(2118).jpg,Gingivitis,Training
E:\Dr. Atef Ismail\Khaled Dental\Paper2\archive (10)\Tooth Discoloration\Tooth_Discoloration_0_365.jpeg,Tooth_Discoloration_0_365.jpeg,Tooth Discoloration,Training
E:\Dr. Atef Ismail\Khaled Dental\Paper2\archive (10)\Gingivitis\(1006).jpg,(1006).jpg,Gingivitis,Training
E:\Dr. Atef Ismail\Khaled Dental\Paper2\archive (10)\Calculus\(441).jpg,(441).jpg,Calculus,Training
E:\Dr. Atef Ismail\Khaled Dental\Paper2\archive (10)\Mouth Ulcer\Mouth_Ulcer_0_2491.jpeg,Mouth_Ulcer_0_2491.jpeg,Mouth Ulcer,Training
E:\Dr. Atef Ismail\Khaled Dental\Paper2\archive (10)\Caries_Gingivitus\caries_0_3764.jpeg,caries_0_3764.jpeg,Caries-Gingivitis,Training
E:\Dr. Atef Ismail\Khaled Dental\Paper2\archive (10)\Caries_Gingivitus\caries_0_4411.jpeg,caries_0_4411.jpeg,Caries-Gingivitis,Training
E:\Dr. Atef Ismail\Khaled Dental\Paper2\archive (10)\Tooth Discoloration\Tooth_Discoloration_0_1145.jpeg,Tooth_Discoloration_0_1145.jpeg,Tooth Discoloration,Training
E:\Dr. Atef Ismail\Khaled Dental\Paper2\archive (10)\Mouth Ulcer\Mouth_Ulcer_0_918.jpeg,Mouth_Ulcer_0_918.jpeg,Mouth Ulcer,Training
E:\Dr. Atef Ismail\Khaled Dental\Paper2\archive (10)\Mouth Ulcer\Mouth_Ulcer_0_9384.jpeg,Mouth_Ulcer_0_9384.jpeg,Mouth Ulcer,Training
E:\Dr. Atef Ismail\Khaled Dental\Paper2\archive (10)\Tooth Discoloration\Tooth_Discoloration_0_7901.jpeg,Tooth_Discoloration_0_7901.jpeg,Tooth Discoloration,Training
E:\Dr. Atef Ismail\Khaled Dental\Paper2\archive (10)\Mouth Ulcer\Mouth_Ulcer_0_1333.jpeg,Mouth_Ulcer_0_1333.jpeg,Mouth Ulcer,Training
E:\Dr. Atef Ismail\Khaled Dental\Paper2\archive (10)\Mouth Ulcer\Mouth_Ulcer_0_2074.jpeg,Mouth_Ulcer_0_2074.jpeg,Mouth Ulcer,Training
E:\Dr. Atef Ismail\Khaled Dental\Paper2\archive (10)\Calculus\(1054).jpg,(1054).jpg,Calculus,Training
E:\Dr. Atef Ismail\Khaled Dental\Paper2\archive (10)\Mouth Ulcer\Mouth_Ulcer_0_9679.jpeg,Mouth_Ulcer_0_9679.jpeg,Mouth Ulcer,Training
E:\Dr. Atef Ismail\Khaled Dental\Paper2\archive (10)\Mouth Ulcer\Mouth_Ulcer_0_3413.jpeg,Mouth_Ulcer_0_3413.jpeg,Mouth Ulcer,Training
E:\Dr. Atef Ismail\Khaled Dental\Paper2\archive (10)\hypodontia\(132).jpg,(132).jpg,Hypodontia,Training
E:\Dr. Atef Ismail\Khaled Dental\Paper2\archive (10)\Gingivitis\(1700).jpg,(1700).jpg,Gingivitis,Training
E:\Dr. Atef Ismail\Khaled Dental\Paper2\archive (10)\Gingivitis\(2082).jpg,(2082).jpg,Gingivitis,Training
E:\Dr. Atef Ismail\Khaled Dental\Paper2\archive (10)\Gingivitis\(1921).jpg,(1921).jpg,Gingivitis,Training
E:\Dr. Atef Ismail\Khaled Dental\Paper2\archive (10)\Calculus\(106).jpg,(106).jpg,Calculus,Training
E:\Dr. Atef Ismail\Khaled Dental\Paper2\archive (10)\Gingivitis\(702).jpg,(702).jpg,Gingivitis,Training
E:\Dr. Atef Ismail\Khaled Dental\Paper2\archive (10)\Gingivitis\(1234).jpg,(1234).jpg,Gingivitis,Training
E:\Dr. Atef Ismail\Khaled Dental\Paper2\archive (10)\Mouth Ulcer\Mouth_Ulcer_0_544.jpeg,Mouth_Ulcer_0_544.jpeg,Mouth Ulcer,Training
E:\Dr. Atef Ismail\Khaled Dental\Paper2\archive (10)\Gingivitis\(1977).jpg,(1977).jpg,Gingivitis,Training
E:\Dr. Atef Ismail\Khaled Dental\Paper2\archive (10)\Mouth Ulcer\Mouth_Ulcer_0_9643.jpeg,Mouth_Ulcer_0_9643.jpeg,Mouth Ulcer,Training
E:\Dr. Atef Ismail\Khaled Dental\Paper2\archive (10)\Mouth Ulcer\Mouth_Ulcer_0_7194.jpeg,Mouth_Ulcer_0_7194.jpeg,Mouth Ulcer,Training
E:\Dr. Atef Ismail\Khaled Dental\Paper2\archive (10)\Calculus\(809).jpg,(809).jpg,Calculus,Training
E:\Dr. Atef Ismail\Khaled Dental\Paper2\archive (10)\Mouth Ulcer\Mouth_Ulcer_0_6306.jpeg,Mouth_Ulcer_0_6306.jpeg,Mouth Ulcer,Training
E:\Dr. Atef Ismail\Khaled Dental\Paper2\archive (10)\Gingivitis\(2248).jpg,(2248).jpg,Gingivitis,Training
E:\Dr. Atef Ismail\Khaled Dental\Paper2\archive (10)\Calculus\(859).jpg,(859).jpg,Calculus,Training
E:\Dr. Atef Ismail\Khaled Dental\Paper2\archive (10)\Mouth Ulcer\Mouth_Ulcer_0_2143.jpeg,Mouth_Ulcer_0_2143.jpeg,Mouth Ulcer,Training
E:\Dr. Atef Ismail\Khaled Dental\Paper2\archive (10)\Gingivitis\(2053).jpg,(2053).jpg,Gingivitis,Training
E:\Dr. Atef Ismail\Khaled Dental\Paper2\archive (10)\hypodontia\(806).jpg,(806).jpg,Hypodontia,Training
E:\Dr. Atef Ismail\Khaled Dental\Paper2\archive (10)\Mouth Ulcer\Mouth_Ulcer_0_6858.jpeg,Mouth_Ulcer_0_6858.jpeg,Mouth Ulcer,Training
E:\Dr. Atef Ismail\Khaled Dental\Paper2\archive (10)\Calculus\(1173).jpg,(1173).jpg,Calculus,Training
E:\Dr. Atef Ismail\Khaled Dental\Paper2\archive (10)\Mouth Ulcer\Mouth_Ulcer_0_4487.jpeg,Mouth_Ulcer_0_4487.jpeg,Mouth Ulcer,Training
E:\Dr. Atef Ismail\Khaled Dental\Paper2\archive (10)\Caries_Gingivitus\caries_0_3521.jpeg,caries_0_3521.jpeg,Caries-Gingivitis,Training
E:\Dr. Atef Ismail\Khaled Dental\Paper2\archive (10)\Calculus\(734).jpg,(734).jpg,Calculus,Training
E:\Dr. Atef Ismail\Khaled Dental\Paper2\archive (10)\Calculus\(650).jpg,(650).jpg,Calculus,Training
E:\Dr. Atef Ismail\Khaled Dental\Paper2\archive (10)\Mouth Ulcer\Mouth_Ulcer_0_3926.jpeg,Mouth_Ulcer_0_3926.jpeg,Mouth Ulcer,Training
E:\Dr. Atef Ismail\Khaled Dental\Paper2\archive (10)\Gingivitis\(538).jpg,(538).jpg,Gingivitis,Training
E:\Dr. Atef Ismail\Khaled Dental\Paper2\archive (10)\Gingivitis\(1043).jpg,(1043).jpg,Gingivitis,Training
E:\Dr. Atef Ismail\Khaled Dental\Paper2\archive (10)\hypodontia\(765).jpg,(765).jpg,Hypodontia,Training
E:\Dr. Atef Ismail\Khaled Dental\Paper2\archive (10)\Gingivitis\(2260).jpg,(2260).jpg,Gingivitis,Training
E:\Dr. Atef Ismail\Khaled Dental\Paper2\archive (10)\Mouth Ulcer\Mouth_Ulcer_0_5261.jpeg,Mouth_Ulcer_0_5261.jpeg,Mouth Ulcer,Training
E:\Dr. Atef Ismail\Khaled Dental\Paper2\archive (10)\Tooth Discoloration\Tooth_Discoloration_0_5208.jpeg,Tooth_Discoloration_0_5208.jpeg,Tooth Discoloration,Training
E:\Dr. Atef Ismail\Khaled Dental\Paper2\archive (10)\Mouth Ulcer\Mouth_Ulcer_0_1337.jpeg,Mouth_Ulcer_0_1337.jpeg,Mouth Ulcer,Training
E:\Dr. Atef Ismail\Khaled Dental\Paper2\archive (10)\Caries_Gingivitus\637.jpg,637.jpg,Caries-Gingivitis,Training
E:\Dr. Atef Ismail\Khaled Dental\Paper2\archive (10)\hypodontia\(733).JPG,(733).JPG,Hypodontia,Training
E:\Dr. Atef Ismail\Khaled Dental\Paper2\archive (10)\Calculus\(369).jpg,(369).jpg,Calculus,Training
E:\Dr. Atef Ismail\Khaled Dental\Paper2\archive (10)\Tooth Discoloration\Tooth_Discoloration_0_9755.jpeg,Tooth_Discoloration_0_9755.jpeg,Tooth Discoloration,Training
E:\Dr. Atef Ismail\Khaled Dental\Paper2\archive (10)\Caries_Gingivitus\147.jpg,147.jpg,Caries-Gingivitis,Training
E:\Dr. Atef Ismail\Khaled Dental\Paper2\archive (10)\hypodontia\(1162).JPG,(1162).JPG,Hypodontia,Training
E:\Dr. Atef Ismail\Khaled Dental\Paper2\archive (10)\Gingivitis\(1347).jpg,(1347).jpg,Gingivitis,Training
E:\Dr. Atef Ismail\Khaled Dental\Paper2\archive (10)\Mouth Ulcer\Mouth_Ulcer_0_5849.jpeg,Mouth_Ulcer_0_5849.jpeg,Mouth Ulcer,Training
E:\Dr. Atef Ismail\Khaled Dental\Paper2\archive (10)\Calculus\(294).jpg,(294).jpg,Calculus,Training
E:\Dr. Atef Ismail\Khaled Dental\Paper2\archive (10)\Tooth Discoloration\Tooth_Discoloration_0_1835.jpeg,Tooth_Discoloration_0_1835.jpeg,Tooth Discoloration,Training
E:\Dr. Atef Ismail\Khaled Dental\Paper2\archive (10)\Caries_Gingivitus\112.jpg,112.jpg,Caries-Gingivitis,Training
E:\Dr. Atef Ismail\Khaled Dental\Paper2\archive (10)\Mouth Ulcer\Mouth_Ulcer_0_8749.jpeg,Mouth_Ulcer_0_8749.jpeg,Mouth Ulcer,Training
E:\Dr. Atef Ismail\Khaled Dental\Paper2\archive (10)\Calculus\(852).jpg,(852).jpg,Calculus,Training
E:\Dr. Atef Ismail\Khaled Dental\Paper2\archive (10)\Gingivitis\(1140).jpg,(1140).jpg,Gingivitis,Training
E:\Dr. Atef Ismail\Khaled Dental\Paper2\archive (10)\Gingivitis\(2174).jpg,(2174).jpg,Gingivitis,Training
E:\Dr. Atef Ismail\Khaled Dental\Paper2\archive (10)\Gingivitis\(1938).jpg,(1938).jpg,Gingivitis,Training
E:\Dr. Atef Ismail\Khaled Dental\Paper2\archive (10)\hypodontia\(533).jpg,(533).jpg,Hypodontia,Training
E:\Dr. Atef Ismail\Khaled Dental\Paper2\archive (10)\Caries_Gingivitus\389.jpg,389.jpg,Caries-Gingivitis,Training
E:\Dr. Atef Ismail\Khaled Dental\Paper2\archive (10)\Mouth Ulcer\Mouth_Ulcer_0_312.jpeg,Mouth_Ulcer_0_312.jpeg,Mouth Ulcer,Training
E:\Dr. Atef Ismail\Khaled Dental\Paper2\archive (10)\Mouth Ulcer\Mouth_Ulcer_0_6359.jpeg,Mouth_Ulcer_0_6359.jpeg,Mouth Ulcer,Training
E:\Dr. Atef Ismail\Khaled Dental\Paper2\archive (10)\Mouth Ulcer\Mouth_Ulcer_0_3914.jpeg,Mouth_Ulcer_0_3914.jpeg,Mouth Ulcer,Training
E:\Dr. Atef Ismail\Khaled Dental\Paper2\archive (10)\Mouth Ulcer\Mouth_Ulcer_0_4051.jpeg,Mouth_Ulcer_0_4051.jpeg,Mouth Ulcer,Training
E:\Dr. Atef Ismail\Khaled Dental\Paper2\archive (10)\Gingivitis\(1836).jpg,(1836).jpg,Gingivitis,Training
E:\Dr. Atef Ismail\Khaled Dental\Paper2\archive (10)\Gingivitis\(301).jpg,(301).jpg,Gingivitis,Training
E:\Dr. Atef Ismail\Khaled Dental\Paper2\archive (10)\Calculus\(873).jpg,(873).jpg,Calculus,Training
E:\Dr. Atef Ismail\Khaled Dental\Paper2\archive (10)\Caries_Gingivitus\390.jpg,390.jpg,Caries-Gingivitis,Training
E:\Dr. Atef Ismail\Khaled Dental\Paper2\archive (10)\Tooth Discoloration\Tooth_Discoloration_0_2583.jpeg,Tooth_Discoloration_0_2583.jpeg,Tooth Discoloration,Training
E:\Dr. Atef Ismail\Khaled Dental\Paper2\archive (10)\Gingivitis\(1066).jpg,(1066).jpg,Gingivitis,Training
E:\Dr. Atef Ismail\Khaled Dental\Paper2\archive (10)\Tooth Discoloration\Tooth_Discoloration_0_9834.jpeg,Tooth_Discoloration_0_9834.jpeg,Tooth Discoloration,Training
E:\Dr. Atef Ismail\Khaled Dental\Paper2\archive (10)\Tooth Discoloration\Tooth_Discoloration_0_4577.jpeg,Tooth_Discoloration_0_4577.jpeg,Tooth Discoloration,Training
E:\Dr. Atef Ismail\Khaled Dental\Paper2\archive (10)\Mouth Ulcer\Mouth_Ulcer_0_7132.jpeg,Mouth_Ulcer_0_7132.jpeg,Mouth Ulcer,Training
E:\Dr. Atef Ismail\Khaled Dental\Paper2\archive (10)\Caries_Gingivitus\caries_0_3643.jpeg,caries_0_3643.jpeg,Caries-Gingivitis,Training
E:\Dr. Atef Ismail\Khaled Dental\Paper2\archive (10)\hypodontia\(41).JPG,(41).JPG,Hypodontia,Training
E:\Dr. Atef Ismail\Khaled Dental\Paper2\archive (10)\Gingivitis\(569).jpg,(569).jpg,Gingivitis,Training
E:\Dr. Atef Ismail\Khaled Dental\Paper2\archive (10)\Tooth Discoloration\Tooth_Discoloration_0_2505.jpeg,Tooth_Discoloration_0_2505.jpeg,Tooth Discoloration,Training
E:\Dr. Atef Ismail\Khaled Dental\Paper2\archive (10)\Gingivitis\(1356).jpg,(1356).jpg,Gingivitis,Training
E:\Dr. Atef Ismail\Khaled Dental\Paper2\archive (10)\Gingivitis\(1692).jpg,(1692).jpg,Gingivitis,Training
E:\Dr. Atef Ismail\Khaled Dental\Paper2\archive (10)\Gingivitis\(360).jpg,(360).jpg,Gingivitis,Training
E:\Dr. Atef Ismail\Khaled Dental\Paper2\archive (10)\Mouth Ulcer\Mouth_Ulcer_0_1574.jpeg,Mouth_Ulcer_0_1574.jpeg,Mouth Ulcer,Training
E:\Dr. Atef Ismail\Khaled Dental\Paper2\archive (10)\Mouth Ulcer\Mouth_Ulcer_0_9871.jpeg,Mouth_Ulcer_0_9871.jpeg,Mouth Ulcer,Training
E:\Dr. Atef Ismail\Khaled Dental\Paper2\archive (10)\Tooth Discoloration\Tooth_Discoloration_0_1916.jpeg,Tooth_Discoloration_0_1916.jpeg,Tooth Discoloration,Training
E:\Dr. Atef Ismail\Khaled Dental\Paper2\archive (10)\Caries_Gingivitus\caries_0_4368.jpeg,caries_0_4368.jpeg,Caries-Gingivitis,Training
E:\Dr. Atef Ismail\Khaled Dental\Paper2\archive (10)\hypodontia\(328).JPG,(328).JPG,Hypodontia,Training
E:\Dr. Atef Ismail\Khaled Dental\Paper2\archive (10)\Tooth Discoloration\Tooth_Discoloration_0_4089.jpeg,Tooth_Discoloration_0_4089.jpeg,Tooth Discoloration,Training
E:\Dr. Atef Ismail\Khaled Dental\Paper2\archive (10)\Gingivitis\(616).jpg,(616).jpg,Gingivitis,Training
E:\Dr. Atef Ismail\Khaled Dental\Paper2\archive (10)\Gingivitis\(821).jpg,(821).jpg,Gingivitis,Training
E:\Dr. Atef Ismail\Khaled Dental\Paper2\archive (10)\Gingivitis\(950).jpg,(950).jpg,Gingivitis,Training
E:\Dr. Atef Ismail\Khaled Dental\Paper2\archive (10)\Tooth Discoloration\Tooth_Discoloration_0_6789.jpeg,Tooth_Discoloration_0_6789.jpeg,Tooth Discoloration,Training
E:\Dr. Atef Ismail\Khaled Dental\Paper2\archive (10)\Mouth Ulcer\Mouth_Ulcer_0_8261.jpeg,Mouth_Ulcer_0_8261.jpeg,Mouth Ulcer,Training
E:\Dr. Atef Ismail\Khaled Dental\Paper2\archive (10)\Gingivitis\(198).jpg,(198).jpg,Gingivitis,Training
E:\Dr. Atef Ismail\Khaled Dental\Paper2\archive (10)\Calculus\(404).jpg,(404).jpg,Calculus,Training
E:\Dr. Atef Ismail\Khaled Dental\Paper2\archive (10)\Mouth Ulcer\Mouth_Ulcer_0_7633.jpeg,Mouth_Ulcer_0_7633.jpeg,Mouth Ulcer,Training
E:\Dr. Atef Ismail\Khaled Dental\Paper2\archive (10)\Gingivitis\(1321).jpg,(1321).jpg,Gingivitis,Training
E:\Dr. Atef Ismail\Khaled Dental\Paper2\archive (10)\hypodontia\(632).JPG,(632).JPG,Hypodontia,Training
E:\Dr. Atef Ismail\Khaled Dental\Paper2\archive (10)\Mouth Ulcer\Mouth_Ulcer_0_6593.jpeg,Mouth_Ulcer_0_6593.jpeg,Mouth Ulcer,Training
E:\Dr. Atef Ismail\Khaled Dental\Paper2\archive (10)\Calculus\(1041).jpg,(1041).jpg,Calculus,Training
E:\Dr. Atef Ismail\Khaled Dental\Paper2\archive (10)\Calculus\(219).jpg,(219).jpg,Calculus,Training
E:\Dr. Atef Ismail\Khaled Dental\Paper2\archive (10)\Tooth Discoloration\Tooth_Discoloration_0_5627.jpeg,Tooth_Discoloration_0_5627.jpeg,Tooth Discoloration,Training
E:\Dr. Atef Ismail\Khaled Dental\Paper2\archive (10)\Gingivitis\(2255).jpg,(2255).jpg,Gingivitis,Training
E:\Dr. Atef Ismail\Khaled Dental\Paper2\archive (10)\Gingivitis\(1115)(1).jpg,(1115)(1).jpg,Gingivitis,Training
E:\Dr. Atef Ismail\Khaled Dental\Paper2\archive (10)\Mouth Ulcer\Mouth_Ulcer_0_996.jpeg,Mouth_Ulcer_0_996.jpeg,Mouth Ulcer,Training
E:\Dr. Atef Ismail\Khaled Dental\Paper2\archive (10)\Tooth Discoloration\Tooth_Discoloration_0_9751.jpeg,Tooth_Discoloration_0_9751.jpeg,Tooth Discoloration,Training
E:\Dr. Atef Ismail\Khaled Dental\Paper2\archive (10)\Calculus\(1074).jpg,(1074).jpg,Calculus,Training
E:\Dr. Atef Ismail\Khaled Dental\Paper2\archive (10)\Mouth Ulcer\Mouth_Ulcer_0_1656.jpeg,Mouth_Ulcer_0_1656.jpeg,Mouth Ulcer,Training
E:\Dr. Atef Ismail\Khaled Dental\Paper2\archive (10)\Mouth Ulcer\Mouth_Ulcer_0_2366.jpeg,Mouth_Ulcer_0_2366.jpeg,Mouth Ulcer,Training
E:\Dr. Atef Ismail\Khaled Dental\Paper2\archive (10)\Mouth Ulcer\Mouth_Ulcer_0_3087.jpeg,Mouth_Ulcer_0_3087.jpeg,Mouth Ulcer,Training
E:\Dr. Atef Ismail\Khaled Dental\Paper2\archive (10)\Caries_Gingivitus\413.jpg,413.jpg,Caries-Gingivitis,Training
E:\Dr. Atef Ismail\Khaled Dental\Paper2\archive (10)\Mouth Ulcer\Mouth_Ulcer_0_2195.jpeg,Mouth_Ulcer_0_2195.jpeg,Mouth Ulcer,Training
E:\Dr. Atef Ismail\Khaled Dental\Paper2\archive (10)\Mouth Ulcer\Mouth_Ulcer_0_1800.jpeg,Mouth_Ulcer_0_1800.jpeg,Mouth Ulcer,Training
E:\Dr. Atef Ismail\Khaled Dental\Paper2\archive (10)\Calculus\(181).jpg,(181).jpg,Calculus,Training
E:\Dr. Atef Ismail\Khaled Dental\Paper2\archive (10)\Caries_Gingivitus\(59).jpg,(59).jpg,Caries-Gingivitis,Training
E:\Dr. Atef Ismail\Khaled Dental\Paper2\archive (10)\hypodontia\(746).JPG,(746).JPG,Hypodontia,Training
E:\Dr. Atef Ismail\Khaled Dental\Paper2\archive (10)\Calculus\(685).jpg,(685).jpg,Calculus,Training
E:\Dr. Atef Ismail\Khaled Dental\Paper2\archive (10)\Tooth Discoloration\Tooth_Discoloration_0_7437.jpeg,Tooth_Discoloration_0_7437.jpeg,Tooth Discoloration,Training
E:\Dr. Atef Ismail\Khaled Dental\Paper2\archive (10)\Gingivitis\(157).jpg,(157).jpg,Gingivitis,Training
E:\Dr. Atef Ismail\Khaled Dental\Paper2\archive (10)\Gingivitis\(825).jpg,(825).jpg,Gingivitis,Training
E:\Dr. Atef Ismail\Khaled Dental\Paper2\archive (10)\Calculus\(762).jpg,(762).jpg,Calculus,Training
E:\Dr. Atef Ismail\Khaled Dental\Paper2\archive (10)\Gingivitis\(1750).jpg,(1750).jpg,Gingivitis,Training
E:\Dr. Atef Ismail\Khaled Dental\Paper2\archive (10)\Calculus\(503).jpg,(503).jpg,Calculus,Training
E:\Dr. Atef Ismail\Khaled Dental\Paper2\archive (10)\hypodontia\(946).jpg,(946).jpg,Hypodontia,Training
E:\Dr. Atef Ismail\Khaled Dental\Paper2\archive (10)\Mouth Ulcer\Mouth_Ulcer_0_6390.jpeg,Mouth_Ulcer_0_6390.jpeg,Mouth Ulcer,Training
E:\Dr. Atef Ismail\Khaled Dental\Paper2\archive (10)\Tooth Discoloration\Tooth_Discoloration_0_5150.jpeg,Tooth_Discoloration_0_5150.jpeg,Tooth Discoloration,Training
E:\Dr. Atef Ismail\Khaled Dental\Paper2\archive (10)\Mouth Ulcer\Mouth_Ulcer_0_8357.jpeg,Mouth_Ulcer_0_8357.jpeg,Mouth Ulcer,Training
E:\Dr. Atef Ismail\Khaled Dental\Paper2\archive (10)\Mouth Ulcer\Mouth_Ulcer_0_1549.jpeg,Mouth_Ulcer_0_1549.jpeg,Mouth Ulcer,Training
E:\Dr. Atef Ismail\Khaled Dental\Paper2\archive (10)\Mouth Ulcer\Mouth_Ulcer_0_5879.jpeg,Mouth_Ulcer_0_5879.jpeg,Mouth Ulcer,Training
E:\Dr. Atef Ismail\Khaled Dental\Paper2\archive (10)\Calculus\(123).jpg,(123).jpg,Calculus,Training
E:\Dr. Atef Ismail\Khaled Dental\Paper2\archive (10)\Gingivitis\(2023).jpg,(2023).jpg,Gingivitis,Training
E:\Dr. Atef Ismail\Khaled Dental\Paper2\archive (10)\Calculus\(190).jpg,(190).jpg,Calculus,Training
E:\Dr. Atef Ismail\Khaled Dental\Paper2\archive (10)\hypodontia\(737).JPG,(737).JPG,Hypodontia,Training
E:\Dr. Atef Ismail\Khaled Dental\Paper2\archive (10)\Tooth Discoloration\Tooth_Discoloration_0_9069.jpeg,Tooth_Discoloration_0_9069.jpeg,Tooth Discoloration,Training
E:\Dr. Atef Ismail\Khaled Dental\Paper2\archive (10)\hypodontia\(995).JPG,(995).JPG,Hypodontia,Training
E:\Dr. Atef Ismail\Khaled Dental\Paper2\archive (10)\Mouth Ulcer\Mouth_Ulcer_0_7595.jpeg,Mouth_Ulcer_0_7595.jpeg,Mouth Ulcer,Training
E:\Dr. Atef Ismail\Khaled Dental\Paper2\archive (10)\Calculus\(794).jpg,(794).jpg,Calculus,Training
E:\Dr. Atef Ismail\Khaled Dental\Paper2\archive (10)\Tooth Discoloration\Tooth_Discoloration_0_9962.jpeg,Tooth_Discoloration_0_9962.jpeg,Tooth Discoloration,Training
E:\Dr. Atef Ismail\Khaled Dental\Paper2\archive (10)\Mouth Ulcer\Mouth_Ulcer_0_2185.jpeg,Mouth_Ulcer_0_2185.jpeg,Mouth Ulcer,Training
E:\Dr. Atef Ismail\Khaled Dental\Paper2\archive (10)\Calculus\(1124).jpg,(1124).jpg,Calculus,Training
E:\Dr. Atef Ismail\Khaled Dental\Paper2\archive (10)\Gingivitis\(44).jpg,(44).jpg,Gingivitis,Training
E:\Dr. Atef Ismail\Khaled Dental\Paper2\archive (10)\Tooth Discoloration\Tooth_Discoloration_0_1143.jpeg,Tooth_Discoloration_0_1143.jpeg,Tooth Discoloration,Training
E:\Dr. Atef Ismail\Khaled Dental\Paper2\archive (10)\Tooth Discoloration\Tooth_Discoloration_0_6329.jpeg,Tooth_Discoloration_0_6329.jpeg,Tooth Discoloration,Training
E:\Dr. Atef Ismail\Khaled Dental\Paper2\archive (10)\Gingivitis\(1803).jpg,(1803).jpg,Gingivitis,Training
E:\Dr. Atef Ismail\Khaled Dental\Paper2\archive (10)\Mouth Ulcer\Mouth_Ulcer_0_5379.jpeg,Mouth_Ulcer_0_5379.jpeg,Mouth Ulcer,Training
E:\Dr. Atef Ismail\Khaled Dental\Paper2\archive (10)\Tooth Discoloration\Tooth_Discoloration_0_8661.jpeg,Tooth_Discoloration_0_8661.jpeg,Tooth Discoloration,Training
E:\Dr. Atef Ismail\Khaled Dental\Paper2\archive (10)\Mouth Ulcer\Mouth_Ulcer_0_3119.jpeg,Mouth_Ulcer_0_3119.jpeg,Mouth Ulcer,Training
E:\Dr. Atef Ismail\Khaled Dental\Paper2\archive (10)\Tooth Discoloration\Tooth_Discoloration_0_5273.jpeg,Tooth_Discoloration_0_5273.jpeg,Tooth Discoloration,Training
E:\Dr. Atef Ismail\Khaled Dental\Paper2\archive (10)\Calculus\(672).jpg,(672).jpg,Calculus,Training
E:\Dr. Atef Ismail\Khaled Dental\Paper2\archive (10)\Mouth Ulcer\Mouth_Ulcer_0_3510.jpeg,Mouth_Ulcer_0_3510.jpeg,Mouth Ulcer,Training
E:\Dr. Atef Ismail\Khaled Dental\Paper2\archive (10)\Calculus\(1028).jpg,(1028).jpg,Calculus,Training
E:\Dr. Atef Ismail\Khaled Dental\Paper2\archive (10)\Caries_Gingivitus\caries_0_441.jpeg,caries_0_441.jpeg,Caries-Gingivitis,Training
E:\Dr. Atef Ismail\Khaled Dental\Paper2\archive (10)\Mouth Ulcer\Mouth_Ulcer_0_319.jpeg,Mouth_Ulcer_0_319.jpeg,Mouth Ulcer,Training
E:\Dr. Atef Ismail\Khaled Dental\Paper2\archive (10)\Mouth Ulcer\Mouth_Ulcer_0_6247.jpeg,Mouth_Ulcer_0_6247.jpeg,Mouth Ulcer,Training
E:\Dr. Atef Ismail\Khaled Dental\Paper2\archive (10)\Gingivitis\(690).jpg,(690).jpg,Gingivitis,Training
E:\Dr. Atef Ismail\Khaled Dental\Paper2\archive (10)\Caries_Gingivitus\caries_0_244.jpeg,caries_0_244.jpeg,Caries-Gingivitis,Training
E:\Dr. Atef Ismail\Khaled Dental\Paper2\archive (10)\Tooth Discoloration\Tooth_Discoloration_0_2174.jpeg,Tooth_Discoloration_0_2174.jpeg,Tooth Discoloration,Training
E:\Dr. Atef Ismail\Khaled Dental\Paper2\archive (10)\Mouth Ulcer\Mouth_Ulcer_0_1353.jpeg,Mouth_Ulcer_0_1353.jpeg,Mouth Ulcer,Training
E:\Dr. Atef Ismail\Khaled Dental\Paper2\archive (10)\Mouth Ulcer\Mouth_Ulcer_0_8769.jpeg,Mouth_Ulcer_0_8769.jpeg,Mouth Ulcer,Training
E:\Dr. Atef Ismail\Khaled Dental\Paper2\archive (10)\Gingivitis\(495).jpg,(495).jpg,Gingivitis,Training
E:\Dr. Atef Ismail\Khaled Dental\Paper2\archive (10)\Gingivitis\(617).jpg,(617).jpg,Gingivitis,Training
E:\Dr. Atef Ismail\Khaled Dental\Paper2\archive (10)\Caries_Gingivitus\219.jpg,219.jpg,Caries-Gingivitis,Training
E:\Dr. Atef Ismail\Khaled Dental\Paper2\archive (10)\Calculus\(295).jpg,(295).jpg,Calculus,Training
E:\Dr. Atef Ismail\Khaled Dental\Paper2\archive (10)\Mouth Ulcer\Mouth_Ulcer_0_9030.jpeg,Mouth_Ulcer_0_9030.jpeg,Mouth Ulcer,Training
E:\Dr. Atef Ismail\Khaled Dental\Paper2\archive (10)\Tooth Discoloration\Tooth_Discoloration_0_6881.jpeg,Tooth_Discoloration_0_6881.jpeg,Tooth Discoloration,Training
E:\Dr. Atef Ismail\Khaled Dental\Paper2\archive (10)\Mouth Ulcer\Mouth_Ulcer_0_8184.jpeg,Mouth_Ulcer_0_8184.jpeg,Mouth Ulcer,Training
E:\Dr. Atef Ismail\Khaled Dental\Paper2\archive (10)\Tooth Discoloration\Tooth_Discoloration_0_2594.jpeg,Tooth_Discoloration_0_2594.jpeg,Tooth Discoloration,Training
E:\Dr. Atef Ismail\Khaled Dental\Paper2\archive (10)\Gingivitis\(172).jpg,(172).jpg,Gingivitis,Training
E:\Dr. Atef Ismail\Khaled Dental\Paper2\archive (10)\Gingivitis\(536).jpg,(536).jpg,Gingivitis,Training
E:\Dr. Atef Ismail\Khaled Dental\Paper2\archive (10)\Tooth Discoloration\Tooth_Discoloration_0_5803.jpeg,Tooth_Discoloration_0_5803.jpeg,Tooth Discoloration,Training
E:\Dr. Atef Ismail\Khaled Dental\Paper2\archive (10)\Caries_Gingivitus\207.jpg,207.jpg,Caries-Gingivitis,Training
E:\Dr. Atef Ismail\Khaled Dental\Paper2\archive (10)\Gingivitis\(860).jpg,(860).jpg,Gingivitis,Training
E:\Dr. Atef Ismail\Khaled Dental\Paper2\archive (10)\Gingivitis\(928).jpg,(928).jpg,Gingivitis,Training
E:\Dr. Atef Ismail\Khaled Dental\Paper2\archive (10)\Gingivitis\(2057).jpg,(2057).jpg,Gingivitis,Training
E:\Dr. Atef Ismail\Khaled Dental\Paper2\archive (10)\Calculus\(848).jpg,(848).jpg,Calculus,Training
E:\Dr. Atef Ismail\Khaled Dental\Paper2\archive (10)\Mouth Ulcer\Mouth_Ulcer_0_3296.jpeg,Mouth_Ulcer_0_3296.jpeg,Mouth Ulcer,Training
E:\Dr. Atef Ismail\Khaled Dental\Paper2\archive (10)\Mouth Ulcer\Mouth_Ulcer_0_9518.jpeg,Mouth_Ulcer_0_9518.jpeg,Mouth Ulcer,Training
E:\Dr. Atef Ismail\Khaled Dental\Paper2\archive (10)\Gingivitis\(1216).jpg,(1216).jpg,Gingivitis,Training
E:\Dr. Atef Ismail\Khaled Dental\Paper2\archive (10)\Mouth Ulcer\Mouth_Ulcer_0_6848.jpeg,Mouth_Ulcer_0_6848.jpeg,Mouth Ulcer,Training
E:\Dr. Atef Ismail\Khaled Dental\Paper2\archive (10)\Gingivitis\(1528).jpg,(1528).jpg,Gingivitis,Training
E:\Dr. Atef Ismail\Khaled Dental\Paper2\archive (10)\hypodontia\(197).JPG,(197).JPG,Hypodontia,Training
E:\Dr. Atef Ismail\Khaled Dental\Paper2\archive (10)\Calculus\(1273).jpg,(1273).jpg,Calculus,Training
E:\Dr. Atef Ismail\Khaled Dental\Paper2\archive (10)\Caries_Gingivitus\133.jpg,133.jpg,Caries-Gingivitis,Training
E:\Dr. Atef Ismail\Khaled Dental\Paper2\archive (10)\Gingivitis\(422).jpg,(422).jpg,Gingivitis,Training
E:\Dr. Atef Ismail\Khaled Dental\Paper2\archive (10)\Mouth Ulcer\Mouth_Ulcer_0_3054.jpeg,Mouth_Ulcer_0_3054.jpeg,Mouth Ulcer,Training
E:\Dr. Atef Ismail\Khaled Dental\Paper2\archive (10)\Mouth Ulcer\Mouth_Ulcer_0_6353.jpeg,Mouth_Ulcer_0_6353.jpeg,Mouth Ulcer,Training
E:\Dr. Atef Ismail\Khaled Dental\Paper2\archive (10)\Tooth Discoloration\Tooth_Discoloration_0_6744.jpeg,Tooth_Discoloration_0_6744.jpeg,Tooth Discoloration,Training
E:\Dr. Atef Ismail\Khaled Dental\Paper2\archive (10)\Tooth Discoloration\Tooth_Discoloration_0_8467.jpeg,Tooth_Discoloration_0_8467.jpeg,Tooth Discoloration,Training
E:\Dr. Atef Ismail\Khaled Dental\Paper2\archive (10)\Caries_Gingivitus\caries_0_4977.jpeg,caries_0_4977.jpeg,Caries-Gingivitis,Training
E:\Dr. Atef Ismail\Khaled Dental\Paper2\archive (10)\Mouth Ulcer\Mouth_Ulcer_0_7082.jpeg,Mouth_Ulcer_0_7082.jpeg,Mouth Ulcer,Training
E:\Dr. Atef Ismail\Khaled Dental\Paper2\archive (10)\Gingivitis\(286).jpg,(286).jpg,Gingivitis,Training
E:\Dr. Atef Ismail\Khaled Dental\Paper2\archive (10)\hypodontia\(400).jpg,(400).jpg,Hypodontia,Training
E:\Dr. Atef Ismail\Khaled Dental\Paper2\archive (10)\hypodontia\(1234).jpg,(1234).jpg,Hypodontia,Training
E:\Dr. Atef Ismail\Khaled Dental\Paper2\archive (10)\hypodontia\(899).JPG,(899).JPG,Hypodontia,Training
E:\Dr. Atef Ismail\Khaled Dental\Paper2\archive (10)\hypodontia\(830).jpg,(830).jpg,Hypodontia,Training
E:\Dr. Atef Ismail\Khaled Dental\Paper2\archive (10)\hypodontia\(657).JPG,(657).JPG,Hypodontia,Training
E:\Dr. Atef Ismail\Khaled Dental\Paper2\archive (10)\Gingivitis\(37).jpg,(37).jpg,Gingivitis,Training
E:\Dr. Atef Ismail\Khaled Dental\Paper2\archive (10)\Gingivitis\(1592).jpg,(1592).jpg,Gingivitis,Training
E:\Dr. Atef Ismail\Khaled Dental\Paper2\archive (10)\Calculus\(345).jpg,(345).jpg,Calculus,Training
E:\Dr. Atef Ismail\Khaled Dental\Paper2\archive (10)\Calculus\(1000).jpg,(1000).jpg,Calculus,Training
E:\Dr. Atef Ismail\Khaled Dental\Paper2\archive (10)\Caries_Gingivitus\(116).jpg,(116).jpg,Caries-Gingivitis,Training
E:\Dr. Atef Ismail\Khaled Dental\Paper2\archive (10)\Tooth Discoloration\Tooth_Discoloration_0_7145.jpeg,Tooth_Discoloration_0_7145.jpeg,Tooth Discoloration,Training
E:\Dr. Atef Ismail\Khaled Dental\Paper2\archive (10)\Calculus\(119).jpg,(119).jpg,Calculus,Training
E:\Dr. Atef Ismail\Khaled Dental\Paper2\archive (10)\hypodontia\(769).JPG,(769).JPG,Hypodontia,Training
E:\Dr. Atef Ismail\Khaled Dental\Paper2\archive (10)\Mouth Ulcer\Mouth_Ulcer_0_8230.jpeg,Mouth_Ulcer_0_8230.jpeg,Mouth Ulcer,Training
E:\Dr. Atef Ismail\Khaled Dental\Paper2\archive (10)\Gingivitis\(556).jpg,(556).jpg,Gingivitis,Training
E:\Dr. Atef Ismail\Khaled Dental\Paper2\archive (10)\Mouth Ulcer\Mouth_Ulcer_0_4167.jpeg,Mouth_Ulcer_0_4167.jpeg,Mouth Ulcer,Training
E:\Dr. Atef Ismail\Khaled Dental\Paper2\archive (10)\Tooth Discoloration\Tooth_Discoloration_0_4300.jpeg,Tooth_Discoloration_0_4300.jpeg,Tooth Discoloration,Training
E:\Dr. Atef Ismail\Khaled Dental\Paper2\archive (10)\Mouth Ulcer\Mouth_Ulcer_0_7970.jpeg,Mouth_Ulcer_0_7970.jpeg,Mouth Ulcer,Training
E:\Dr. Atef Ismail\Khaled Dental\Paper2\archive (10)\Tooth Discoloration\Tooth_Discoloration_0_5089.jpeg,Tooth_Discoloration_0_5089.jpeg,Tooth Discoloration,Training
E:\Dr. Atef Ismail\Khaled Dental\Paper2\archive (10)\Calculus\(1113).jpg,(1113).jpg,Calculus,Training
E:\Dr. Atef Ismail\Khaled Dental\Paper2\archive (10)\Tooth Discoloration\Tooth_Discoloration_0_6880.jpeg,Tooth_Discoloration_0_6880.jpeg,Tooth Discoloration,Training
E:\Dr. Atef Ismail\Khaled Dental\Paper2\archive (10)\Mouth Ulcer\Mouth_Ulcer_0_3931.jpeg,Mouth_Ulcer_0_3931.jpeg,Mouth Ulcer,Training
E:\Dr. Atef Ismail\Khaled Dental\Paper2\archive (10)\hypodontia\(633).JPG,(633).JPG,Hypodontia,Training
E:\Dr. Atef Ismail\Khaled Dental\Paper2\archive (10)\Mouth Ulcer\Mouth_Ulcer_0_7079.jpeg,Mouth_Ulcer_0_7079.jpeg,Mouth Ulcer,Training
E:\Dr. Atef Ismail\Khaled Dental\Paper2\archive (10)\Gingivitis\(1570).jpg,(1570).jpg,Gingivitis,Training
E:\Dr. Atef Ismail\Khaled Dental\Paper2\archive (10)\Tooth Discoloration\Tooth_Discoloration_0_9848.jpeg,Tooth_Discoloration_0_9848.jpeg,Tooth Discoloration,Training
E:\Dr. Atef Ismail\Khaled Dental\Paper2\archive (10)\Caries_Gingivitus\(92).jpg,(92).jpg,Caries-Gingivitis,Training
E:\Dr. Atef Ismail\Khaled Dental\Paper2\archive (10)\hypodontia\(583).JPG,(583).JPG,Hypodontia,Training
E:\Dr. Atef Ismail\Khaled Dental\Paper2\archive (10)\Calculus\(682).jpg,(682).jpg,Calculus,Training
E:\Dr. Atef Ismail\Khaled Dental\Paper2\archive (10)\Mouth Ulcer\Mouth_Ulcer_0_8744.jpeg,Mouth_Ulcer_0_8744.jpeg,Mouth Ulcer,Training
E:\Dr. Atef Ismail\Khaled Dental\Paper2\archive (10)\hypodontia\(251).jpg,(251).jpg,Hypodontia,Training
E:\Dr. Atef Ismail\Khaled Dental\Paper2\archive (10)\Calculus\(144).jpg,(144).jpg,Calculus,Training
E:\Dr. Atef Ismail\Khaled Dental\Paper2\archive (10)\hypodontia\(129).jpg,(129).jpg,Hypodontia,Training
E:\Dr. Atef Ismail\Khaled Dental\Paper2\archive (10)\Caries_Gingivitus\caries_0_5192.jpeg,caries_0_5192.jpeg,Caries-Gingivitis,Training
E:\Dr. Atef Ismail\Khaled Dental\Paper2\archive (10)\Gingivitis\(483).jpg,(483).jpg,Gingivitis,Training
E:\Dr. Atef Ismail\Khaled Dental\Paper2\archive (10)\Tooth Discoloration\Tooth_Discoloration_0_7112.jpeg,Tooth_Discoloration_0_7112.jpeg,Tooth Discoloration,Training
E:\Dr. Atef Ismail\Khaled Dental\Paper2\archive (10)\hypodontia\(1080).jpg,(1080).jpg,Hypodontia,Training
E:\Dr. Atef Ismail\Khaled Dental\Paper2\archive (10)\Mouth Ulcer\Mouth_Ulcer_0_5006.jpeg,Mouth_Ulcer_0_5006.jpeg,Mouth Ulcer,Training
E:\Dr. Atef Ismail\Khaled Dental\Paper2\archive (10)\Tooth Discoloration\Tooth_Discoloration_0_6833.jpeg,Tooth_Discoloration_0_6833.jpeg,Tooth Discoloration,Training
E:\Dr. Atef Ismail\Khaled Dental\Paper2\archive (10)\hypodontia\(1208).JPG,(1208).JPG,Hypodontia,Training
E:\Dr. Atef Ismail\Khaled Dental\Paper2\archive (10)\hypodontia\(630).JPG,(630).JPG,Hypodontia,Training
E:\Dr. Atef Ismail\Khaled Dental\Paper2\archive (10)\Calculus\(769).jpg,(769).jpg,Calculus,Training
E:\Dr. Atef Ismail\Khaled Dental\Paper2\archive (10)\Gingivitis\(2041).jpg,(2041).jpg,Gingivitis,Training
E:\Dr. Atef Ismail\Khaled Dental\Paper2\archive (10)\Mouth Ulcer\Mouth_Ulcer_0_1496.jpeg,Mouth_Ulcer_0_1496.jpeg,Mouth Ulcer,Training
E:\Dr. Atef Ismail\Khaled Dental\Paper2\archive (10)\hypodontia\(18).JPG,(18).JPG,Hypodontia,Training
E:\Dr. Atef Ismail\Khaled Dental\Paper2\archive (10)\Mouth Ulcer\Mouth_Ulcer_0_1084.jpeg,Mouth_Ulcer_0_1084.jpeg,Mouth Ulcer,Training
E:\Dr. Atef Ismail\Khaled Dental\Paper2\archive (10)\Mouth Ulcer\Mouth_Ulcer_0_8303.jpeg,Mouth_Ulcer_0_8303.jpeg,Mouth Ulcer,Training
E:\Dr. Atef Ismail\Khaled Dental\Paper2\archive (10)\Tooth Discoloration\Tooth_Discoloration_0_8453.jpeg,Tooth_Discoloration_0_8453.jpeg,Tooth Discoloration,Training
E:\Dr. Atef Ismail\Khaled Dental\Paper2\archive (10)\hypodontia\(635).JPG,(635).JPG,Hypodontia,Training
E:\Dr. Atef Ismail\Khaled Dental\Paper2\archive (10)\Gingivitis\(1193).jpg,(1193).jpg,Gingivitis,Training
E:\Dr. Atef Ismail\Khaled Dental\Paper2\archive (10)\Calculus\(640).jpg,(640).jpg,Calculus,Training
E:\Dr. Atef Ismail\Khaled Dental\Paper2\archive (10)\Gingivitis\(191).jpg,(191).jpg,Gingivitis,Training
E:\Dr. Atef Ismail\Khaled Dental\Paper2\archive (10)\Caries_Gingivitus\caries_0_3484.jpeg,caries_0_3484.jpeg,Caries-Gingivitis,Training
E:\Dr. Atef Ismail\Khaled Dental\Paper2\archive (10)\Caries_Gingivitus\380.jpg,380.jpg,Caries-Gingivitis,Training
E:\Dr. Atef Ismail\Khaled Dental\Paper2\archive (10)\Calculus\(1051).jpg,(1051).jpg,Calculus,Training
E:\Dr. Atef Ismail\Khaled Dental\Paper2\archive (10)\Calculus\(237).jpg,(237).jpg,Calculus,Training
E:\Dr. Atef Ismail\Khaled Dental\Paper2\archive (10)\Gingivitis\(1664).jpg,(1664).jpg,Gingivitis,Training
E:\Dr. Atef Ismail\Khaled Dental\Paper2\archive (10)\Calculus\(297).jpg,(297).jpg,Calculus,Training
E:\Dr. Atef Ismail\Khaled Dental\Paper2\archive (10)\Caries_Gingivitus\caries_0_4400.jpeg,caries_0_4400.jpeg,Caries-Gingivitis,Training
E:\Dr. Atef Ismail\Khaled Dental\Paper2\archive (10)\hypodontia\(719).JPG,(719).JPG,Hypodontia,Training
E:\Dr. Atef Ismail\Khaled Dental\Paper2\archive (10)\Mouth Ulcer\Mouth_Ulcer_0_3126.jpeg,Mouth_Ulcer_0_3126.jpeg,Mouth Ulcer,Training
E:\Dr. Atef Ismail\Khaled Dental\Paper2\archive (10)\Gingivitis\(1102)(1).jpg,(1102)(1).jpg,Gingivitis,Training
E:\Dr. Atef Ismail\Khaled Dental\Paper2\archive (10)\hypodontia\(766).JPG,(766).JPG,Hypodontia,Training
E:\Dr. Atef Ismail\Khaled Dental\Paper2\archive (10)\Mouth Ulcer\Mouth_Ulcer_0_7101.jpeg,Mouth_Ulcer_0_7101.jpeg,Mouth Ulcer,Training
E:\Dr. Atef Ismail\Khaled Dental\Paper2\archive (10)\hypodontia\(142).JPG,(142).JPG,Hypodontia,Training
E:\Dr. Atef Ismail\Khaled Dental\Paper2\archive (10)\Mouth Ulcer\Mouth_Ulcer_0_5529.jpeg,Mouth_Ulcer_0_5529.jpeg,Mouth Ulcer,Training
E:\Dr. Atef Ismail\Khaled Dental\Paper2\archive (10)\Gingivitis\(1868).jpg,(1868).jpg,Gingivitis,Training
E:\Dr. Atef Ismail\Khaled Dental\Paper2\archive (10)\Gingivitis\(1491).jpg,(1491).jpg,Gingivitis,Training
E:\Dr. Atef Ismail\Khaled Dental\Paper2\archive (10)\Gingivitis\(1993).jpg,(1993).jpg,Gingivitis,Training
E:\Dr. Atef Ismail\Khaled Dental\Paper2\archive (10)\Gingivitis\(1810).jpg,(1810).jpg,Gingivitis,Training
E:\Dr. Atef Ismail\Khaled Dental\Paper2\archive (10)\Tooth Discoloration\Tooth_Discoloration_0_1956.jpeg,Tooth_Discoloration_0_1956.jpeg,Tooth Discoloration,Training
E:\Dr. Atef Ismail\Khaled Dental\Paper2\archive (10)\Mouth Ulcer\Mouth_Ulcer_0_8685.jpeg,Mouth_Ulcer_0_8685.jpeg,Mouth Ulcer,Training
E:\Dr. Atef Ismail\Khaled Dental\Paper2\archive (10)\Gingivitis\(2010).jpg,(2010).jpg,Gingivitis,Training
E:\Dr. Atef Ismail\Khaled Dental\Paper2\archive (10)\Calculus\(903).jpg,(903).jpg,Calculus,Training
E:\Dr. Atef Ismail\Khaled Dental\Paper2\archive (10)\Gingivitis\(822).jpg,(822).jpg,Gingivitis,Training
E:\Dr. Atef Ismail\Khaled Dental\Paper2\archive (10)\Mouth Ulcer\Mouth_Ulcer_0_3827.jpeg,Mouth_Ulcer_0_3827.jpeg,Mouth Ulcer,Training
E:\Dr. Atef Ismail\Khaled Dental\Paper2\archive (10)\Gingivitis\(857).jpg,(857).jpg,Gingivitis,Training
E:\Dr. Atef Ismail\Khaled Dental\Paper2\archive (10)\Mouth Ulcer\Mouth_Ulcer_0_2115.jpeg,Mouth_Ulcer_0_2115.jpeg,Mouth Ulcer,Training
E:\Dr. Atef Ismail\Khaled Dental\Paper2\archive (10)\Tooth Discoloration\Tooth_Discoloration_0_1679.jpeg,Tooth_Discoloration_0_1679.jpeg,Tooth Discoloration,Training
E:\Dr. Atef Ismail\Khaled Dental\Paper2\archive (10)\Tooth Discoloration\Tooth_Discoloration_0_1917.jpeg,Tooth_Discoloration_0_1917.jpeg,Tooth Discoloration,Training
E:\Dr. Atef Ismail\Khaled Dental\Paper2\archive (10)\Tooth Discoloration\Tooth_Discoloration_0_5538.jpeg,Tooth_Discoloration_0_5538.jpeg,Tooth Discoloration,Training
E:\Dr. Atef Ismail\Khaled Dental\Paper2\archive (10)\Mouth Ulcer\Mouth_Ulcer_0_6059.jpeg,Mouth_Ulcer_0_6059.jpeg,Mouth Ulcer,Training
E:\Dr. Atef Ismail\Khaled Dental\Paper2\archive (10)\Caries_Gingivitus\317.jpg,317.jpg,Caries-Gingivitis,Training
E:\Dr. Atef Ismail\Khaled Dental\Paper2\archive (10)\Mouth Ulcer\Mouth_Ulcer_0_7827.jpeg,Mouth_Ulcer_0_7827.jpeg,Mouth Ulcer,Training
E:\Dr. Atef Ismail\Khaled Dental\Paper2\archive (10)\Mouth Ulcer\Mouth_Ulcer_0_5019.jpeg,Mouth_Ulcer_0_5019.jpeg,Mouth Ulcer,Training
E:\Dr. Atef Ismail\Khaled Dental\Paper2\archive (10)\Caries_Gingivitus\caries_0_3405.jpeg,caries_0_3405.jpeg,Caries-Gingivitis,Training
E:\Dr. Atef Ismail\Khaled Dental\Paper2\archive (10)\Gingivitis\(1359).jpg,(1359).jpg,Gingivitis,Training
E:\Dr. Atef Ismail\Khaled Dental\Paper2\archive (10)\Gingivitis\(1839).jpg,(1839).jpg,Gingivitis,Training
E:\Dr. Atef Ismail\Khaled Dental\Paper2\archive (10)\Gingivitis\(1523).jpg,(1523).jpg,Gingivitis,Training
E:\Dr. Atef Ismail\Khaled Dental\Paper2\archive (10)\Gingivitis\(2200).jpg,(2200).jpg,Gingivitis,Training
E:\Dr. Atef Ismail\Khaled Dental\Paper2\archive (10)\Mouth Ulcer\Mouth_Ulcer_0_1417.jpeg,Mouth_Ulcer_0_1417.jpeg,Mouth Ulcer,Training
E:\Dr. Atef Ismail\Khaled Dental\Paper2\archive (10)\Mouth Ulcer\Mouth_Ulcer_0_6490.jpeg,Mouth_Ulcer_0_6490.jpeg,Mouth Ulcer,Training
E:\Dr. Atef Ismail\Khaled Dental\Paper2\archive (10)\Tooth Discoloration\Tooth_Discoloration_0_6904.jpeg,Tooth_Discoloration_0_6904.jpeg,Tooth Discoloration,Training
E:\Dr. Atef Ismail\Khaled Dental\Paper2\archive (10)\Caries_Gingivitus\15.jpg,15.jpg,Caries-Gingivitis,Training
E:\Dr. Atef Ismail\Khaled Dental\Paper2\archive (10)\Caries_Gingivitus\(176).jpg,(176).jpg,Caries-Gingivitis,Training
E:\Dr. Atef Ismail\Khaled Dental\Paper2\archive (10)\Gingivitis\(879).jpg,(879).jpg,Gingivitis,Training
E:\Dr. Atef Ismail\Khaled Dental\Paper2\archive (10)\Caries_Gingivitus\caries_0_318.jpeg,caries_0_318.jpeg,Caries-Gingivitis,Training
E:\Dr. Atef Ismail\Khaled Dental\Paper2\archive (10)\Caries_Gingivitus\caries_0_521.jpeg,caries_0_521.jpeg,Caries-Gingivitis,Training
E:\Dr. Atef Ismail\Khaled Dental\Paper2\archive (10)\Calculus\(282).jpg,(282).jpg,Calculus,Training
E:\Dr. Atef Ismail\Khaled Dental\Paper2\archive (10)\Calculus\(1192).jpg,(1192).jpg,Calculus,Training
E:\Dr. Atef Ismail\Khaled Dental\Paper2\archive (10)\Tooth Discoloration\Tooth_Discoloration_0_4175.jpeg,Tooth_Discoloration_0_4175.jpeg,Tooth Discoloration,Training
E:\Dr. Atef Ismail\Khaled Dental\Paper2\archive (10)\Gingivitis\(921).jpg,(921).jpg,Gingivitis,Training
E:\Dr. Atef Ismail\Khaled Dental\Paper2\archive (10)\Mouth Ulcer\Mouth_Ulcer_0_8074.jpeg,Mouth_Ulcer_0_8074.jpeg,Mouth Ulcer,Training
E:\Dr. Atef Ismail\Khaled Dental\Paper2\archive (10)\Mouth Ulcer\Mouth_Ulcer_0_9611.jpeg,Mouth_Ulcer_0_9611.jpeg,Mouth Ulcer,Training
E:\Dr. Atef Ismail\Khaled Dental\Paper2\archive (10)\Gingivitis\(2148).jpg,(2148).jpg,Gingivitis,Training
E:\Dr. Atef Ismail\Khaled Dental\Paper2\archive (10)\Tooth Discoloration\Tooth_Discoloration_0_6945.jpeg,Tooth_Discoloration_0_6945.jpeg,Tooth Discoloration,Training
E:\Dr. Atef Ismail\Khaled Dental\Paper2\archive (10)\Mouth Ulcer\Mouth_Ulcer_0_9057.jpeg,Mouth_Ulcer_0_9057.jpeg,Mouth Ulcer,Training
E:\Dr. Atef Ismail\Khaled Dental\Paper2\archive (10)\Gingivitis\(2110).jpg,(2110).jpg,Gingivitis,Training
E:\Dr. Atef Ismail\Khaled Dental\Paper2\archive (10)\Caries_Gingivitus\606.jpg,606.jpg,Caries-Gingivitis,Training
E:\Dr. Atef Ismail\Khaled Dental\Paper2\archive (10)\Mouth Ulcer\Mouth_Ulcer_0_3645.jpeg,Mouth_Ulcer_0_3645.jpeg,Mouth Ulcer,Training
E:\Dr. Atef Ismail\Khaled Dental\Paper2\archive (10)\Caries_Gingivitus\(23).jpg,(23).jpg,Caries-Gingivitis,Training
E:\Dr. Atef Ismail\Khaled Dental\Paper2\archive (10)\Gingivitis\(2124).jpg,(2124).jpg,Gingivitis,Training
E:\Dr. Atef Ismail\Khaled Dental\Paper2\archive (10)\Caries_Gingivitus\caries_0_331.jpeg,caries_0_331.jpeg,Caries-Gingivitis,Training
E:\Dr. Atef Ismail\Khaled Dental\Paper2\archive (10)\Caries_Gingivitus\506.jpg,506.jpg,Caries-Gingivitis,Training
E:\Dr. Atef Ismail\Khaled Dental\Paper2\archive (10)\Tooth Discoloration\Tooth_Discoloration_0_8698.jpeg,Tooth_Discoloration_0_8698.jpeg,Tooth Discoloration,Training
E:\Dr. Atef Ismail\Khaled Dental\Paper2\archive (10)\Mouth Ulcer\Mouth_Ulcer_0_3834.jpeg,Mouth_Ulcer_0_3834.jpeg,Mouth Ulcer,Training
E:\Dr. Atef Ismail\Khaled Dental\Paper2\archive (10)\Mouth Ulcer\Mouth_Ulcer_0_3850.jpeg,Mouth_Ulcer_0_3850.jpeg,Mouth Ulcer,Training
E:\Dr. Atef Ismail\Khaled Dental\Paper2\archive (10)\Gingivitis\(509).jpg,(509).jpg,Gingivitis,Training
E:\Dr. Atef Ismail\Khaled Dental\Paper2\archive (10)\Gingivitis\(1394).jpg,(1394).jpg,Gingivitis,Training
E:\Dr. Atef Ismail\Khaled Dental\Paper2\archive (10)\Calculus\(1065).jpg,(1065).jpg,Calculus,Training
E:\Dr. Atef Ismail\Khaled Dental\Paper2\archive (10)\Gingivitis\(2297).jpg,(2297).jpg,Gingivitis,Training
E:\Dr. Atef Ismail\Khaled Dental\Paper2\archive (10)\Mouth Ulcer\Mouth_Ulcer_0_7283.jpeg,Mouth_Ulcer_0_7283.jpeg,Mouth Ulcer,Training
E:\Dr. Atef Ismail\Khaled Dental\Paper2\archive (10)\Gingivitis\(1845).jpg,(1845).jpg,Gingivitis,Training
E:\Dr. Atef Ismail\Khaled Dental\Paper2\archive (10)\Gingivitis\(735).jpg,(735).jpg,Gingivitis,Training
E:\Dr. Atef Ismail\Khaled Dental\Paper2\archive (10)\Calculus\(306).jpg,(306).jpg,Calculus,Training
E:\Dr. Atef Ismail\Khaled Dental\Paper2\archive (10)\Mouth Ulcer\Mouth_Ulcer_0_3683.jpeg,Mouth_Ulcer_0_3683.jpeg,Mouth Ulcer,Training
E:\Dr. Atef Ismail\Khaled Dental\Paper2\archive (10)\hypodontia\(996).JPG,(996).JPG,Hypodontia,Training
E:\Dr. Atef Ismail\Khaled Dental\Paper2\archive (10)\Calculus\(573).jpg,(573).jpg,Calculus,Training
E:\Dr. Atef Ismail\Khaled Dental\Paper2\archive (10)\Tooth Discoloration\Tooth_Discoloration_0_5085.jpeg,Tooth_Discoloration_0_5085.jpeg,Tooth Discoloration,Training
E:\Dr. Atef Ismail\Khaled Dental\Paper2\archive (10)\Calculus\(223).jpg,(223).jpg,Calculus,Training
E:\Dr. Atef Ismail\Khaled Dental\Paper2\archive (10)\Mouth Ulcer\Mouth_Ulcer_0_6120.jpeg,Mouth_Ulcer_0_6120.jpeg,Mouth Ulcer,Training
E:\Dr. Atef Ismail\Khaled Dental\Paper2\archive (10)\Tooth Discoloration\Tooth_Discoloration_0_3583.jpeg,Tooth_Discoloration_0_3583.jpeg,Tooth Discoloration,Training
E:\Dr. Atef Ismail\Khaled Dental\Paper2\archive (10)\Mouth Ulcer\Mouth_Ulcer_0_3698.jpeg,Mouth_Ulcer_0_3698.jpeg,Mouth Ulcer,Training
E:\Dr. Atef Ismail\Khaled Dental\Paper2\archive (10)\Mouth Ulcer\Mouth_Ulcer_0_5721.jpeg,Mouth_Ulcer_0_5721.jpeg,Mouth Ulcer,Training
E:\Dr. Atef Ismail\Khaled Dental\Paper2\archive (10)\Calculus\(431).jpg,(431).jpg,Calculus,Training
E:\Dr. Atef Ismail\Khaled Dental\Paper2\archive (10)\Caries_Gingivitus\296.jpg,296.jpg,Caries-Gingivitis,Training
E:\Dr. Atef Ismail\Khaled Dental\Paper2\archive (10)\Tooth Discoloration\Tooth_Discoloration_0_730.jpeg,Tooth_Discoloration_0_730.jpeg,Tooth Discoloration,Training
E:\Dr. Atef Ismail\Khaled Dental\Paper2\archive (10)\Calculus\(455).jpg,(455).jpg,Calculus,Training
E:\Dr. Atef Ismail\Khaled Dental\Paper2\archive (10)\Calculus\(872).jpg,(872).jpg,Calculus,Training
E:\Dr. Atef Ismail\Khaled Dental\Paper2\archive (10)\Mouth Ulcer\Mouth_Ulcer_0_9197.jpeg,Mouth_Ulcer_0_9197.jpeg,Mouth Ulcer,Training
E:\Dr. Atef Ismail\Khaled Dental\Paper2\archive (10)\hypodontia\(1161).JPG,(1161).JPG,Hypodontia,Training
E:\Dr. Atef Ismail\Khaled Dental\Paper2\archive (10)\Tooth Discoloration\Tooth_Discoloration_0_9627.jpeg,Tooth_Discoloration_0_9627.jpeg,Tooth Discoloration,Training
E:\Dr. Atef Ismail\Khaled Dental\Paper2\archive (10)\Calculus\(688).jpg,(688).jpg,Calculus,Training
E:\Dr. Atef Ismail\Khaled Dental\Paper2\archive (10)\Gingivitis\(846).jpg,(846).jpg,Gingivitis,Training
E:\Dr. Atef Ismail\Khaled Dental\Paper2\archive (10)\Gingivitis\(1507).jpg,(1507).jpg,Gingivitis,Training
E:\Dr. Atef Ismail\Khaled Dental\Paper2\archive (10)\Calculus\(79).jpg,(79).jpg,Calculus,Training
E:\Dr. Atef Ismail\Khaled Dental\Paper2\archive (10)\Mouth Ulcer\Mouth_Ulcer_0_5911.jpeg,Mouth_Ulcer_0_5911.jpeg,Mouth Ulcer,Training
E:\Dr. Atef Ismail\Khaled Dental\Paper2\archive (10)\Tooth Discoloration\Tooth_Discoloration_0_3542.jpeg,Tooth_Discoloration_0_3542.jpeg,Tooth Discoloration,Training
E:\Dr. Atef Ismail\Khaled Dental\Paper2\archive (10)\Calculus\(1241).jpg,(1241).jpg,Calculus,Training
E:\Dr. Atef Ismail\Khaled Dental\Paper2\archive (10)\Mouth Ulcer\Mouth_Ulcer_0_3470.jpeg,Mouth_Ulcer_0_3470.jpeg,Mouth Ulcer,Training
E:\Dr. Atef Ismail\Khaled Dental\Paper2\archive (10)\Gingivitis\(2251).jpg,(2251).jpg,Gingivitis,Training
E:\Dr. Atef Ismail\Khaled Dental\Paper2\archive (10)\Caries_Gingivitus\383.jpg,383.jpg,Caries-Gingivitis,Training
E:\Dr. Atef Ismail\Khaled Dental\Paper2\archive (10)\Gingivitis\(1402).jpg,(1402).jpg,Gingivitis,Training
E:\Dr. Atef Ismail\Khaled Dental\Paper2\archive (10)\Calculus\(770).jpg,(770).jpg,Calculus,Training
E:\Dr. Atef Ismail\Khaled Dental\Paper2\archive (10)\Mouth Ulcer\Mouth_Ulcer_0_2822.jpeg,Mouth_Ulcer_0_2822.jpeg,Mouth Ulcer,Training
E:\Dr. Atef Ismail\Khaled Dental\Paper2\archive (10)\Calculus\(211).jpg,(211).jpg,Calculus,Training
E:\Dr. Atef Ismail\Khaled Dental\Paper2\archive (10)\Tooth Discoloration\Tooth_Discoloration_0_2575.jpeg,Tooth_Discoloration_0_2575.jpeg,Tooth Discoloration,Training
E:\Dr. Atef Ismail\Khaled Dental\Paper2\archive (10)\Caries_Gingivitus\caries_0_4444.jpeg,caries_0_4444.jpeg,Caries-Gingivitis,Training
E:\Dr. Atef Ismail\Khaled Dental\Paper2\archive (10)\Tooth Discoloration\Tooth_Discoloration_0_5742.jpeg,Tooth_Discoloration_0_5742.jpeg,Tooth Discoloration,Training
E:\Dr. Atef Ismail\Khaled Dental\Paper2\archive (10)\Mouth Ulcer\Mouth_Ulcer_0_5684.jpeg,Mouth_Ulcer_0_5684.jpeg,Mouth Ulcer,Training
E:\Dr. Atef Ismail\Khaled Dental\Paper2\archive (10)\Gingivitis\(1104)(1).jpg,(1104)(1).jpg,Gingivitis,Training
E:\Dr. Atef Ismail\Khaled Dental\Paper2\archive (10)\Mouth Ulcer\Mouth_Ulcer_0_3640.jpeg,Mouth_Ulcer_0_3640.jpeg,Mouth Ulcer,Training
E:\Dr. Atef Ismail\Khaled Dental\Paper2\archive (10)\hypodontia\(582).JPG,(582).JPG,Hypodontia,Training
E:\Dr. Atef Ismail\Khaled Dental\Paper2\archive (10)\Tooth Discoloration\Tooth_Discoloration_0_7545.jpeg,Tooth_Discoloration_0_7545.jpeg,Tooth Discoloration,Training
E:\Dr. Atef Ismail\Khaled Dental\Paper2\archive (10)\Caries_Gingivitus\574.jpg,574.jpg,Caries-Gingivitis,Training
E:\Dr. Atef Ismail\Khaled Dental\Paper2\archive (10)\Tooth Discoloration\Tooth_Discoloration_0_3378.jpeg,Tooth_Discoloration_0_3378.jpeg,Tooth Discoloration,Training
E:\Dr. Atef Ismail\Khaled Dental\Paper2\archive (10)\Gingivitis\(554).jpg,(554).jpg,Gingivitis,Training
E:\Dr. Atef Ismail\Khaled Dental\Paper2\archive (10)\Calculus\(302).jpg,(302).jpg,Calculus,Training
E:\Dr. Atef Ismail\Khaled Dental\Paper2\archive (10)\Caries_Gingivitus\279.jpg,279.jpg,Caries-Gingivitis,Training
E:\Dr. Atef Ismail\Khaled Dental\Paper2\archive (10)\Caries_Gingivitus\494.jpg,494.jpg,Caries-Gingivitis,Training
E:\Dr. Atef Ismail\Khaled Dental\Paper2\archive (10)\Gingivitis\(94).jpg,(94).jpg,Gingivitis,Training
E:\Dr. Atef Ismail\Khaled Dental\Paper2\archive (10)\Tooth Discoloration\Tooth_Discoloration_0_3563.jpeg,Tooth_Discoloration_0_3563.jpeg,Tooth Discoloration,Training
E:\Dr. Atef Ismail\Khaled Dental\Paper2\archive (10)\Caries_Gingivitus\caries_0_4654.jpeg,caries_0_4654.jpeg,Caries-Gingivitis,Training
E:\Dr. Atef Ismail\Khaled Dental\Paper2\archive (10)\Calculus\(723).jpg,(723).jpg,Calculus,Training
E:\Dr. Atef Ismail\Khaled Dental\Paper2\archive (10)\hypodontia\(965).JPG,(965).JPG,Hypodontia,Training
E:\Dr. Atef Ismail\Khaled Dental\Paper2\archive (10)\Mouth Ulcer\Mouth_Ulcer_0_6860.jpeg,Mouth_Ulcer_0_6860.jpeg,Mouth Ulcer,Training
E:\Dr. Atef Ismail\Khaled Dental\Paper2\archive (10)\Caries_Gingivitus\252.jpg,252.jpg,Caries-Gingivitis,Training
E:\Dr. Atef Ismail\Khaled Dental\Paper2\archive (10)\Gingivitis\(858).jpg,(858).jpg,Gingivitis,Training
E:\Dr. Atef Ismail\Khaled Dental\Paper2\archive (10)\Mouth Ulcer\Mouth_Ulcer_0_2860.jpeg,Mouth_Ulcer_0_2860.jpeg,Mouth Ulcer,Training
E:\Dr. Atef Ismail\Khaled Dental\Paper2\archive (10)\Mouth Ulcer\Mouth_Ulcer_0_4373.jpeg,Mouth_Ulcer_0_4373.jpeg,Mouth Ulcer,Training
E:\Dr. Atef Ismail\Khaled Dental\Paper2\archive (10)\Calculus\(1242).jpg,(1242).jpg,Calculus,Training
E:\Dr. Atef Ismail\Khaled Dental\Paper2\archive (10)\Mouth Ulcer\Mouth_Ulcer_0_7489.jpeg,Mouth_Ulcer_0_7489.jpeg,Mouth Ulcer,Training
E:\Dr. Atef Ismail\Khaled Dental\Paper2\archive (10)\Gingivitis\(1316).jpg,(1316).jpg,Gingivitis,Training
E:\Dr. Atef Ismail\Khaled Dental\Paper2\archive (10)\hypodontia\(189).JPG,(189).JPG,Hypodontia,Training
E:\Dr. Atef Ismail\Khaled Dental\Paper2\archive (10)\Mouth Ulcer\Mouth_Ulcer_0_1385.jpeg,Mouth_Ulcer_0_1385.jpeg,Mouth Ulcer,Training
E:\Dr. Atef Ismail\Khaled Dental\Paper2\archive (10)\Gingivitis\(1453).jpg,(1453).jpg,Gingivitis,Training
E:\Dr. Atef Ismail\Khaled Dental\Paper2\archive (10)\Mouth Ulcer\Mouth_Ulcer_0_769.jpeg,Mouth_Ulcer_0_769.jpeg,Mouth Ulcer,Training
E:\Dr. Atef Ismail\Khaled Dental\Paper2\archive (10)\Tooth Discoloration\Tooth_Discoloration_0_5400.jpeg,Tooth_Discoloration_0_5400.jpeg,Tooth Discoloration,Training
E:\Dr. Atef Ismail\Khaled Dental\Paper2\archive (10)\Gingivitis\(1861).jpg,(1861).jpg,Gingivitis,Training
E:\Dr. Atef Ismail\Khaled Dental\Paper2\archive (10)\Gingivitis\(251).jpg,(251).jpg,Gingivitis,Training
E:\Dr. Atef Ismail\Khaled Dental\Paper2\archive (10)\Tooth Discoloration\Tooth_Discoloration_0_7860.jpeg,Tooth_Discoloration_0_7860.jpeg,Tooth Discoloration,Training
E:\Dr. Atef Ismail\Khaled Dental\Paper2\archive (10)\Gingivitis\(1568).jpg,(1568).jpg,Gingivitis,Training
E:\Dr. Atef Ismail\Khaled Dental\Paper2\archive (10)\Gingivitis\(1110)(1).jpg,(1110)(1).jpg,Gingivitis,Training
E:\Dr. Atef Ismail\Khaled Dental\Paper2\archive (10)\Caries_Gingivitus\caries_0_4964.jpeg,caries_0_4964.jpeg,Caries-Gingivitis,Training
E:\Dr. Atef Ismail\Khaled Dental\Paper2\archive (10)\Mouth Ulcer\Mouth_Ulcer_0_5923.jpeg,Mouth_Ulcer_0_5923.jpeg,Mouth Ulcer,Training
E:\Dr. Atef Ismail\Khaled Dental\Paper2\archive (10)\Caries_Gingivitus\138.jpg,138.jpg,Caries-Gingivitis,Training
E:\Dr. Atef Ismail\Khaled Dental\Paper2\archive (10)\Caries_Gingivitus\442.jpg,442.jpg,Caries-Gingivitis,Training
E:\Dr. Atef Ismail\Khaled Dental\Paper2\archive (10)\Mouth Ulcer\Mouth_Ulcer_0_2828.jpeg,Mouth_Ulcer_0_2828.jpeg,Mouth Ulcer,Training
E:\Dr. Atef Ismail\Khaled Dental\Paper2\archive (10)\Mouth Ulcer\Mouth_Ulcer_0_4336.jpeg,Mouth_Ulcer_0_4336.jpeg,Mouth Ulcer,Training
E:\Dr. Atef Ismail\Khaled Dental\Paper2\archive (10)\Mouth Ulcer\Mouth_Ulcer_0_3661.jpeg,Mouth_Ulcer_0_3661.jpeg,Mouth Ulcer,Training
E:\Dr. Atef Ismail\Khaled Dental\Paper2\archive (10)\Tooth Discoloration\Tooth_Discoloration_0_206.jpeg,Tooth_Discoloration_0_206.jpeg,Tooth Discoloration,Training
E:\Dr. Atef Ismail\Khaled Dental\Paper2\archive (10)\Tooth Discoloration\Tooth_Discoloration_0_7257.jpeg,Tooth_Discoloration_0_7257.jpeg,Tooth Discoloration,Training
E:\Dr. Atef Ismail\Khaled Dental\Paper2\archive (10)\Gingivitis\(1833).jpg,(1833).jpg,Gingivitis,Training
E:\Dr. Atef Ismail\Khaled Dental\Paper2\archive (10)\Gingivitis\(605).jpg,(605).jpg,Gingivitis,Training
E:\Dr. Atef Ismail\Khaled Dental\Paper2\archive (10)\Calculus\(308).jpg,(308).jpg,Calculus,Training
E:\Dr. Atef Ismail\Khaled Dental\Paper2\archive (10)\hypodontia\(300).JPG,(300).JPG,Hypodontia,Training
E:\Dr. Atef Ismail\Khaled Dental\Paper2\archive (10)\Mouth Ulcer\Mouth_Ulcer_0_5623.jpeg,Mouth_Ulcer_0_5623.jpeg,Mouth Ulcer,Training
E:\Dr. Atef Ismail\Khaled Dental\Paper2\archive (10)\Gingivitis\(275).jpg,(275).jpg,Gingivitis,Training
E:\Dr. Atef Ismail\Khaled Dental\Paper2\archive (10)\Caries_Gingivitus\445.jpg,445.jpg,Caries-Gingivitis,Training
E:\Dr. Atef Ismail\Khaled Dental\Paper2\archive (10)\Mouth Ulcer\Mouth_Ulcer_0_6684.jpeg,Mouth_Ulcer_0_6684.jpeg,Mouth Ulcer,Training
E:\Dr. Atef Ismail\Khaled Dental\Paper2\archive (10)\Tooth Discoloration\Tooth_Discoloration_0_8138.jpeg,Tooth_Discoloration_0_8138.jpeg,Tooth Discoloration,Training
E:\Dr. Atef Ismail\Khaled Dental\Paper2\archive (10)\Caries_Gingivitus\117.jpg,117.jpg,Caries-Gingivitis,Training
E:\Dr. Atef Ismail\Khaled Dental\Paper2\archive (10)\Tooth Discoloration\Tooth_Discoloration_0_6303.jpeg,Tooth_Discoloration_0_6303.jpeg,Tooth Discoloration,Training
E:\Dr. Atef Ismail\Khaled Dental\Paper2\archive (10)\Mouth Ulcer\Mouth_Ulcer_0_5068.jpeg,Mouth_Ulcer_0_5068.jpeg,Mouth Ulcer,Training
E:\Dr. Atef Ismail\Khaled Dental\Paper2\archive (10)\Tooth Discoloration\Tooth_Discoloration_0_7978.jpeg,Tooth_Discoloration_0_7978.jpeg,Tooth Discoloration,Training
E:\Dr. Atef Ismail\Khaled Dental\Paper2\archive (10)\Gingivitis\(426).jpg,(426).jpg,Gingivitis,Training
E:\Dr. Atef Ismail\Khaled Dental\Paper2\archive (10)\hypodontia\(762).JPG,(762).JPG,Hypodontia,Training
E:\Dr. Atef Ismail\Khaled Dental\Paper2\archive (10)\Mouth Ulcer\Mouth_Ulcer_0_7611.jpeg,Mouth_Ulcer_0_7611.jpeg,Mouth Ulcer,Training
E:\Dr. Atef Ismail\Khaled Dental\Paper2\archive (10)\Mouth Ulcer\Mouth_Ulcer_0_8642.jpeg,Mouth_Ulcer_0_8642.jpeg,Mouth Ulcer,Training
E:\Dr. Atef Ismail\Khaled Dental\Paper2\archive (10)\Calculus\(741).jpg,(741).jpg,Calculus,Training
E:\Dr. Atef Ismail\Khaled Dental\Paper2\archive (10)\Gingivitis\(22).jpg,(22).jpg,Gingivitis,Training
E:\Dr. Atef Ismail\Khaled Dental\Paper2\archive (10)\Calculus\(471).jpg,(471).jpg,Calculus,Training
E:\Dr. Atef Ismail\Khaled Dental\Paper2\archive (10)\Gingivitis\(1101)(1).jpg,(1101)(1).jpg,Gingivitis,Training
E:\Dr. Atef Ismail\Khaled Dental\Paper2\archive (10)\Caries_Gingivitus\caries_0_4356.jpeg,caries_0_4356.jpeg,Caries-Gingivitis,Training
E:\Dr. Atef Ismail\Khaled Dental\Paper2\archive (10)\Mouth Ulcer\Mouth_Ulcer_0_9478.jpeg,Mouth_Ulcer_0_9478.jpeg,Mouth Ulcer,Training
E:\Dr. Atef Ismail\Khaled Dental\Paper2\archive (10)\Mouth Ulcer\Mouth_Ulcer_0_529.jpeg,Mouth_Ulcer_0_529.jpeg,Mouth Ulcer,Training
E:\Dr. Atef Ismail\Khaled Dental\Paper2\archive (10)\Gingivitis\(628).jpg,(628).jpg,Gingivitis,Training
E:\Dr. Atef Ismail\Khaled Dental\Paper2\archive (10)\hypodontia\(58).JPG,(58).JPG,Hypodontia,Training
E:\Dr. Atef Ismail\Khaled Dental\Paper2\archive (10)\Calculus\(1036).jpg,(1036).jpg,Calculus,Training
E:\Dr. Atef Ismail\Khaled Dental\Paper2\archive (10)\Gingivitis\(1320).jpg,(1320).jpg,Gingivitis,Training
E:\Dr. Atef Ismail\Khaled Dental\Paper2\archive (10)\hypodontia\(1183).JPG,(1183).JPG,Hypodontia,Training
E:\Dr. Atef Ismail\Khaled Dental\Paper2\archive (10)\hypodontia\(920).JPG,(920).JPG,Hypodontia,Training
E:\Dr. Atef Ismail\Khaled Dental\Paper2\archive (10)\Mouth Ulcer\Mouth_Ulcer_0_4430.jpeg,Mouth_Ulcer_0_4430.jpeg,Mouth Ulcer,Training
E:\Dr. Atef Ismail\Khaled Dental\Paper2\archive (10)\Tooth Discoloration\Tooth_Discoloration_0_6936.jpeg,Tooth_Discoloration_0_6936.jpeg,Tooth Discoloration,Training
E:\Dr. Atef Ismail\Khaled Dental\Paper2\archive (10)\Calculus\(999).jpg,(999).jpg,Calculus,Training
E:\Dr. Atef Ismail\Khaled Dental\Paper2\archive (10)\Tooth Discoloration\Tooth_Discoloration_0_1153.jpeg,Tooth_Discoloration_0_1153.jpeg,Tooth Discoloration,Training
E:\Dr. Atef Ismail\Khaled Dental\Paper2\archive (10)\Mouth Ulcer\Mouth_Ulcer_0_2070.jpeg,Mouth_Ulcer_0_2070.jpeg,Mouth Ulcer,Training
E:\Dr. Atef Ismail\Khaled Dental\Paper2\archive (10)\Gingivitis\(2079).jpg,(2079).jpg,Gingivitis,Training
E:\Dr. Atef Ismail\Khaled Dental\Paper2\archive (10)\Tooth Discoloration\Tooth_Discoloration_0_8913.jpeg,Tooth_Discoloration_0_8913.jpeg,Tooth Discoloration,Training
E:\Dr. Atef Ismail\Khaled Dental\Paper2\archive (10)\Calculus\(802).jpg,(802).jpg,Calculus,Training
E:\Dr. Atef Ismail\Khaled Dental\Paper2\archive (10)\Mouth Ulcer\Mouth_Ulcer_0_6659.jpeg,Mouth_Ulcer_0_6659.jpeg,Mouth Ulcer,Training
E:\Dr. Atef Ismail\Khaled Dental\Paper2\archive (10)\Caries_Gingivitus\(169).jpg,(169).jpg,Caries-Gingivitis,Training
E:\Dr. Atef Ismail\Khaled Dental\Paper2\archive (10)\Tooth Discoloration\Tooth_Discoloration_0_1634.jpeg,Tooth_Discoloration_0_1634.jpeg,Tooth Discoloration,Training
E:\Dr. Atef Ismail\Khaled Dental\Paper2\archive (10)\Mouth Ulcer\Mouth_Ulcer_0_5039.jpeg,Mouth_Ulcer_0_5039.jpeg,Mouth Ulcer,Training
E:\Dr. Atef Ismail\Khaled Dental\Paper2\archive (10)\Tooth Discoloration\Tooth_Discoloration_0_9394.jpeg,Tooth_Discoloration_0_9394.jpeg,Tooth Discoloration,Training
E:\Dr. Atef Ismail\Khaled Dental\Paper2\archive (10)\Gingivitis\(1226).jpg,(1226).jpg,Gingivitis,Training
E:\Dr. Atef Ismail\Khaled Dental\Paper2\archive (10)\Caries_Gingivitus\338.jpg,338.jpg,Caries-Gingivitis,Training
E:\Dr. Atef Ismail\Khaled Dental\Paper2\archive (10)\Tooth Discoloration\Tooth_Discoloration_0_9146.jpeg,Tooth_Discoloration_0_9146.jpeg,Tooth Discoloration,Training
E:\Dr. Atef Ismail\Khaled Dental\Paper2\archive (10)\hypodontia\(702).JPG,(702).JPG,Hypodontia,Training
E:\Dr. Atef Ismail\Khaled Dental\Paper2\archive (10)\Gingivitis\(1466).jpg,(1466).jpg,Gingivitis,Training
E:\Dr. Atef Ismail\Khaled Dental\Paper2\archive (10)\Mouth Ulcer\Mouth_Ulcer_0_3857.jpeg,Mouth_Ulcer_0_3857.jpeg,Mouth Ulcer,Training
E:\Dr. Atef Ismail\Khaled Dental\Paper2\archive (10)\Caries_Gingivitus\(186).jpg,(186).jpg,Caries-Gingivitis,Training
E:\Dr. Atef Ismail\Khaled Dental\Paper2\archive (10)\Gingivitis\(2268).jpg,(2268).jpg,Gingivitis,Training
E:\Dr. Atef Ismail\Khaled Dental\Paper2\archive (10)\Mouth Ulcer\Mouth_Ulcer_0_701.jpeg,Mouth_Ulcer_0_701.jpeg,Mouth Ulcer,Training
E:\Dr. Atef Ismail\Khaled Dental\Paper2\archive (10)\Gingivitis\(1701).jpg,(1701).jpg,Gingivitis,Training
E:\Dr. Atef Ismail\Khaled Dental\Paper2\archive (10)\Mouth Ulcer\Mouth_Ulcer_0_743.jpeg,Mouth_Ulcer_0_743.jpeg,Mouth Ulcer,Training
E:\Dr. Atef Ismail\Khaled Dental\Paper2\archive (10)\Caries_Gingivitus\(158).jpg,(158).jpg,Caries-Gingivitis,Training
E:\Dr. Atef Ismail\Khaled Dental\Paper2\archive (10)\Gingivitis\(1536).jpg,(1536).jpg,Gingivitis,Training
E:\Dr. Atef Ismail\Khaled Dental\Paper2\archive (10)\Gingivitis\(1366).jpg,(1366).jpg,Gingivitis,Training
E:\Dr. Atef Ismail\Khaled Dental\Paper2\archive (10)\Mouth Ulcer\Mouth_Ulcer_0_5153.jpeg,Mouth_Ulcer_0_5153.jpeg,Mouth Ulcer,Training
E:\Dr. Atef Ismail\Khaled Dental\Paper2\archive (10)\Caries_Gingivitus\(188).jpg,(188).jpg,Caries-Gingivitis,Training
E:\Dr. Atef Ismail\Khaled Dental\Paper2\archive (10)\Tooth Discoloration\Tooth_Discoloration_0_5180.jpeg,Tooth_Discoloration_0_5180.jpeg,Tooth Discoloration,Training
E:\Dr. Atef Ismail\Khaled Dental\Paper2\archive (10)\Calculus\(959).jpg,(959).jpg,Calculus,Training
E:\Dr. Atef Ismail\Khaled Dental\Paper2\archive (10)\Mouth Ulcer\Mouth_Ulcer_0_5215.jpeg,Mouth_Ulcer_0_5215.jpeg,Mouth Ulcer,Training
E:\Dr. Atef Ismail\Khaled Dental\Paper2\archive (10)\Gingivitis\(1965).jpg,(1965).jpg,Gingivitis,Training
E:\Dr. Atef Ismail\Khaled Dental\Paper2\archive (10)\Gingivitis\(1036).jpg,(1036).jpg,Gingivitis,Training
E:\Dr. Atef Ismail\Khaled Dental\Paper2\archive (10)\Mouth Ulcer\Mouth_Ulcer_0_9064.jpeg,Mouth_Ulcer_0_9064.jpeg,Mouth Ulcer,Training
E:\Dr. Atef Ismail\Khaled Dental\Paper2\archive (10)\Gingivitis\(1256).jpg,(1256).jpg,Gingivitis,Training
E:\Dr. Atef Ismail\Khaled Dental\Paper2\archive (10)\Gingivitis\(2207).jpg,(2207).jpg,Gingivitis,Training
E:\Dr. Atef Ismail\Khaled Dental\Paper2\archive (10)\Caries_Gingivitus\73.jpg,73.jpg,Caries-Gingivitis,Training
E:\Dr. Atef Ismail\Khaled Dental\Paper2\archive (10)\Caries_Gingivitus\122.jpg,122.jpg,Caries-Gingivitis,Training
E:\Dr. Atef Ismail\Khaled Dental\Paper2\archive (10)\Mouth Ulcer\Mouth_Ulcer_0_810.jpeg,Mouth_Ulcer_0_810.jpeg,Mouth Ulcer,Training
E:\Dr. Atef Ismail\Khaled Dental\Paper2\archive (10)\Mouth Ulcer\Mouth_Ulcer_0_9375.jpeg,Mouth_Ulcer_0_9375.jpeg,Mouth Ulcer,Training
E:\Dr. Atef Ismail\Khaled Dental\Paper2\archive (10)\Mouth Ulcer\Mouth_Ulcer_0_4696.jpeg,Mouth_Ulcer_0_4696.jpeg,Mouth Ulcer,Training
E:\Dr. Atef Ismail\Khaled Dental\Paper2\archive (10)\Mouth Ulcer\Mouth_Ulcer_0_2128.jpeg,Mouth_Ulcer_0_2128.jpeg,Mouth Ulcer,Training
E:\Dr. Atef Ismail\Khaled Dental\Paper2\archive (10)\Tooth Discoloration\Tooth_Discoloration_0_1874.jpeg,Tooth_Discoloration_0_1874.jpeg,Tooth Discoloration,Training
E:\Dr. Atef Ismail\Khaled Dental\Paper2\archive (10)\Mouth Ulcer\Mouth_Ulcer_0_7403.jpeg,Mouth_Ulcer_0_7403.jpeg,Mouth Ulcer,Training
E:\Dr. Atef Ismail\Khaled Dental\Paper2\archive (10)\Mouth Ulcer\Mouth_Ulcer_0_3704.jpeg,Mouth_Ulcer_0_3704.jpeg,Mouth Ulcer,Training
E:\Dr. Atef Ismail\Khaled Dental\Paper2\archive (10)\Tooth Discoloration\Tooth_Discoloration_0_4930.jpeg,Tooth_Discoloration_0_4930.jpeg,Tooth Discoloration,Training
E:\Dr. Atef Ismail\Khaled Dental\Paper2\archive (10)\Caries_Gingivitus\449.jpg,449.jpg,Caries-Gingivitis,Training
E:\Dr. Atef Ismail\Khaled Dental\Paper2\archive (10)\Tooth Discoloration\Tooth_Discoloration_0_8916.jpeg,Tooth_Discoloration_0_8916.jpeg,Tooth Discoloration,Training
E:\Dr. Atef Ismail\Khaled Dental\Paper2\archive (10)\Mouth Ulcer\Mouth_Ulcer_0_5002.jpeg,Mouth_Ulcer_0_5002.jpeg,Mouth Ulcer,Training
E:\Dr. Atef Ismail\Khaled Dental\Paper2\archive (10)\Calculus\(176).jpg,(176).jpg,Calculus,Training
E:\Dr. Atef Ismail\Khaled Dental\Paper2\archive (10)\Gingivitis\(2304).jpg,(2304).jpg,Gingivitis,Training
E:\Dr. Atef Ismail\Khaled Dental\Paper2\archive (10)\Mouth Ulcer\Mouth_Ulcer_0_3644.jpeg,Mouth_Ulcer_0_3644.jpeg,Mouth Ulcer,Training
E:\Dr. Atef Ismail\Khaled Dental\Paper2\archive (10)\hypodontia\(225).JPG,(225).JPG,Hypodontia,Training
E:\Dr. Atef Ismail\Khaled Dental\Paper2\archive (10)\Tooth Discoloration\Tooth_Discoloration_0_476.jpeg,Tooth_Discoloration_0_476.jpeg,Tooth Discoloration,Training
E:\Dr. Atef Ismail\Khaled Dental\Paper2\archive (10)\Mouth Ulcer\Mouth_Ulcer_0_1439.jpeg,Mouth_Ulcer_0_1439.jpeg,Mouth Ulcer,Training
E:\Dr. Atef Ismail\Khaled Dental\Paper2\archive (10)\Mouth Ulcer\Mouth_Ulcer_0_7441.jpeg,Mouth_Ulcer_0_7441.jpeg,Mouth Ulcer,Training
E:\Dr. Atef Ismail\Khaled Dental\Paper2\archive (10)\Tooth Discoloration\Tooth_Discoloration_0_5939.jpeg,Tooth_Discoloration_0_5939.jpeg,Tooth Discoloration,Training
E:\Dr. Atef Ismail\Khaled Dental\Paper2\archive (10)\Caries_Gingivitus\caries_0_565.jpeg,caries_0_565.jpeg,Caries-Gingivitis,Training
E:\Dr. Atef Ismail\Khaled Dental\Paper2\archive (10)\Caries_Gingivitus\caries_0_4821.jpeg,caries_0_4821.jpeg,Caries-Gingivitis,Training
E:\Dr. Atef Ismail\Khaled Dental\Paper2\archive (10)\hypodontia\(327).JPG,(327).JPG,Hypodontia,Training
E:\Dr. Atef Ismail\Khaled Dental\Paper2\archive (10)\Calculus\(148).jpg,(148).jpg,Calculus,Training
E:\Dr. Atef Ismail\Khaled Dental\Paper2\archive (10)\Tooth Discoloration\Tooth_Discoloration_0_380.jpeg,Tooth_Discoloration_0_380.jpeg,Tooth Discoloration,Training
E:\Dr. Atef Ismail\Khaled Dental\Paper2\archive (10)\Mouth Ulcer\Mouth_Ulcer_0_3922.jpeg,Mouth_Ulcer_0_3922.jpeg,Mouth Ulcer,Training
E:\Dr. Atef Ismail\Khaled Dental\Paper2\archive (10)\Tooth Discoloration\Tooth_Discoloration_0_4864.jpeg,Tooth_Discoloration_0_4864.jpeg,Tooth Discoloration,Training
E:\Dr. Atef Ismail\Khaled Dental\Paper2\archive (10)\Calculus\(988).jpg,(988).jpg,Calculus,Training
E:\Dr. Atef Ismail\Khaled Dental\Paper2\archive (10)\Calculus\(20).jpg,(20).jpg,Calculus,Training
E:\Dr. Atef Ismail\Khaled Dental\Paper2\archive (10)\Mouth Ulcer\Mouth_Ulcer_0_3995.jpeg,Mouth_Ulcer_0_3995.jpeg,Mouth Ulcer,Training
E:\Dr. Atef Ismail\Khaled Dental\Paper2\archive (10)\Mouth Ulcer\Mouth_Ulcer_0_6753.jpeg,Mouth_Ulcer_0_6753.jpeg,Mouth Ulcer,Training
E:\Dr. Atef Ismail\Khaled Dental\Paper2\archive (10)\Mouth Ulcer\Mouth_Ulcer_0_4765.jpeg,Mouth_Ulcer_0_4765.jpeg,Mouth Ulcer,Training
E:\Dr. Atef Ismail\Khaled Dental\Paper2\archive (10)\Mouth Ulcer\Mouth_Ulcer_0_7323.jpeg,Mouth_Ulcer_0_7323.jpeg,Mouth Ulcer,Training
E:\Dr. Atef Ismail\Khaled Dental\Paper2\archive (10)\Tooth Discoloration\Tooth_Discoloration_0_6409.jpeg,Tooth_Discoloration_0_6409.jpeg,Tooth Discoloration,Training
E:\Dr. Atef Ismail\Khaled Dental\Paper2\archive (10)\Tooth Discoloration\Tooth_Discoloration_0_8786.jpeg,Tooth_Discoloration_0_8786.jpeg,Tooth Discoloration,Training
E:\Dr. Atef Ismail\Khaled Dental\Paper2\archive (10)\Tooth Discoloration\Tooth_Discoloration_0_1448.jpeg,Tooth_Discoloration_0_1448.jpeg,Tooth Discoloration,Training
E:\Dr. Atef Ismail\Khaled Dental\Paper2\archive (10)\Calculus\(329).jpg,(329).jpg,Calculus,Training
E:\Dr. Atef Ismail\Khaled Dental\Paper2\archive (10)\Mouth Ulcer\Mouth_Ulcer_0_9465.jpeg,Mouth_Ulcer_0_9465.jpeg,Mouth Ulcer,Training
E:\Dr. Atef Ismail\Khaled Dental\Paper2\archive (10)\Gingivitis\(1280).jpg,(1280).jpg,Gingivitis,Training
E:\Dr. Atef Ismail\Khaled Dental\Paper2\archive (10)\Mouth Ulcer\Mouth_Ulcer_0_7736.jpeg,Mouth_Ulcer_0_7736.jpeg,Mouth Ulcer,Training
E:\Dr. Atef Ismail\Khaled Dental\Paper2\archive (10)\Mouth Ulcer\Mouth_Ulcer_0_3957.jpeg,Mouth_Ulcer_0_3957.jpeg,Mouth Ulcer,Training
E:\Dr. Atef Ismail\Khaled Dental\Paper2\archive (10)\Tooth Discoloration\Tooth_Discoloration_0_999.jpeg,Tooth_Discoloration_0_999.jpeg,Tooth Discoloration,Training
E:\Dr. Atef Ismail\Khaled Dental\Paper2\archive (10)\Gingivitis\(1893).jpg,(1893).jpg,Gingivitis,Training
E:\Dr. Atef Ismail\Khaled Dental\Paper2\archive (10)\Gingivitis\(70).jpg,(70).jpg,Gingivitis,Training
E:\Dr. Atef Ismail\Khaled Dental\Paper2\archive (10)\Calculus\(469).jpg,(469).jpg,Calculus,Training
E:\Dr. Atef Ismail\Khaled Dental\Paper2\archive (10)\Caries_Gingivitus\caries_0_4054.jpeg,caries_0_4054.jpeg,Caries-Gingivitis,Training
E:\Dr. Atef Ismail\Khaled Dental\Paper2\archive (10)\Gingivitis\(1389).jpg,(1389).jpg,Gingivitis,Training
E:\Dr. Atef Ismail\Khaled Dental\Paper2\archive (10)\Mouth Ulcer\Mouth_Ulcer_0_2361.jpeg,Mouth_Ulcer_0_2361.jpeg,Mouth Ulcer,Training
E:\Dr. Atef Ismail\Khaled Dental\Paper2\archive (10)\hypodontia\(1063).JPG,(1063).JPG,Hypodontia,Training
E:\Dr. Atef Ismail\Khaled Dental\Paper2\archive (10)\Mouth Ulcer\Mouth_Ulcer_0_6124.jpeg,Mouth_Ulcer_0_6124.jpeg,Mouth Ulcer,Training
E:\Dr. Atef Ismail\Khaled Dental\Paper2\archive (10)\Mouth Ulcer\Mouth_Ulcer_0_8872.jpeg,Mouth_Ulcer_0_8872.jpeg,Mouth Ulcer,Training
E:\Dr. Atef Ismail\Khaled Dental\Paper2\archive (10)\Tooth Discoloration\Tooth_Discoloration_0_7088.jpeg,Tooth_Discoloration_0_7088.jpeg,Tooth Discoloration,Training
E:\Dr. Atef Ismail\Khaled Dental\Paper2\archive (10)\Mouth Ulcer\Mouth_Ulcer_0_6368.jpeg,Mouth_Ulcer_0_6368.jpeg,Mouth Ulcer,Training
E:\Dr. Atef Ismail\Khaled Dental\Paper2\archive (10)\Gingivitis\(1276).jpg,(1276).jpg,Gingivitis,Training
E:\Dr. Atef Ismail\Khaled Dental\Paper2\archive (10)\Gingivitis\(688).jpg,(688).jpg,Gingivitis,Training
E:\Dr. Atef Ismail\Khaled Dental\Paper2\archive (10)\Tooth Discoloration\Tooth_Discoloration_0_8495.jpeg,Tooth_Discoloration_0_8495.jpeg,Tooth Discoloration,Training
E:\Dr. Atef Ismail\Khaled Dental\Paper2\archive (10)\Mouth Ulcer\Mouth_Ulcer_0_2909.jpeg,Mouth_Ulcer_0_2909.jpeg,Mouth Ulcer,Training
E:\Dr. Atef Ismail\Khaled Dental\Paper2\archive (10)\hypodontia\(127).jpg,(127).jpg,Hypodontia,Training
E:\Dr. Atef Ismail\Khaled Dental\Paper2\archive (10)\Calculus\(1025).jpg,(1025).jpg,Calculus,Training
E:\Dr. Atef Ismail\Khaled Dental\Paper2\archive (10)\Mouth Ulcer\Mouth_Ulcer_0_8168.jpeg,Mouth_Ulcer_0_8168.jpeg,Mouth Ulcer,Training
E:\Dr. Atef Ismail\Khaled Dental\Paper2\archive (10)\hypodontia\(861).JPG,(861).JPG,Hypodontia,Training
E:\Dr. Atef Ismail\Khaled Dental\Paper2\archive (10)\Calculus\(1164).jpg,(1164).jpg,Calculus,Training
E:\Dr. Atef Ismail\Khaled Dental\Paper2\archive (10)\hypodontia\(1142).JPG,(1142).JPG,Hypodontia,Training
E:\Dr. Atef Ismail\Khaled Dental\Paper2\archive (10)\Tooth Discoloration\Tooth_Discoloration_0_1746.jpeg,Tooth_Discoloration_0_1746.jpeg,Tooth Discoloration,Training
E:\Dr. Atef Ismail\Khaled Dental\Paper2\archive (10)\Calculus\(844).jpg,(844).jpg,Calculus,Training
E:\Dr. Atef Ismail\Khaled Dental\Paper2\archive (10)\Mouth Ulcer\Mouth_Ulcer_0_2517.jpeg,Mouth_Ulcer_0_2517.jpeg,Mouth Ulcer,Training
E:\Dr. Atef Ismail\Khaled Dental\Paper2\archive (10)\Calculus\(629).jpg,(629).jpg,Calculus,Training
E:\Dr. Atef Ismail\Khaled Dental\Paper2\archive (10)\Tooth Discoloration\Tooth_Discoloration_0_4708.jpeg,Tooth_Discoloration_0_4708.jpeg,Tooth Discoloration,Training
E:\Dr. Atef Ismail\Khaled Dental\Paper2\archive (10)\Mouth Ulcer\Mouth_Ulcer_0_2607.jpeg,Mouth_Ulcer_0_2607.jpeg,Mouth Ulcer,Training
E:\Dr. Atef Ismail\Khaled Dental\Paper2\archive (10)\Mouth Ulcer\Mouth_Ulcer_0_8840.jpeg,Mouth_Ulcer_0_8840.jpeg,Mouth Ulcer,Training
E:\Dr. Atef Ismail\Khaled Dental\Paper2\archive (10)\Tooth Discoloration\Tooth_Discoloration_0_7838.jpeg,Tooth_Discoloration_0_7838.jpeg,Tooth Discoloration,Training
E:\Dr. Atef Ismail\Khaled Dental\Paper2\archive (10)\Tooth Discoloration\Tooth_Discoloration_0_5417.jpeg,Tooth_Discoloration_0_5417.jpeg,Tooth Discoloration,Training
E:\Dr. Atef Ismail\Khaled Dental\Paper2\archive (10)\Gingivitis\(1435).jpg,(1435).jpg,Gingivitis,Training
E:\Dr. Atef Ismail\Khaled Dental\Paper2\archive (10)\Mouth Ulcer\Mouth_Ulcer_0_3285.jpeg,Mouth_Ulcer_0_3285.jpeg,Mouth Ulcer,Training
E:\Dr. Atef Ismail\Khaled Dental\Paper2\archive (10)\Mouth Ulcer\Mouth_Ulcer_0_7220.jpeg,Mouth_Ulcer_0_7220.jpeg,Mouth Ulcer,Training
E:\Dr. Atef Ismail\Khaled Dental\Paper2\archive (10)\Gingivitis\(445).jpg,(445).jpg,Gingivitis,Training
E:\Dr. Atef Ismail\Khaled Dental\Paper2\archive (10)\Calculus\(353).jpg,(353).jpg,Calculus,Training
E:\Dr. Atef Ismail\Khaled Dental\Paper2\archive (10)\Mouth Ulcer\Mouth_Ulcer_0_9786.jpeg,Mouth_Ulcer_0_9786.jpeg,Mouth Ulcer,Training
E:\Dr. Atef Ismail\Khaled Dental\Paper2\archive (10)\hypodontia\(759).JPG,(759).JPG,Hypodontia,Training
E:\Dr. Atef Ismail\Khaled Dental\Paper2\archive (10)\Mouth Ulcer\Mouth_Ulcer_0_5806.jpeg,Mouth_Ulcer_0_5806.jpeg,Mouth Ulcer,Training
E:\Dr. Atef Ismail\Khaled Dental\Paper2\archive (10)\Mouth Ulcer\Mouth_Ulcer_0_6343.jpeg,Mouth_Ulcer_0_6343.jpeg,Mouth Ulcer,Training
E:\Dr. Atef Ismail\Khaled Dental\Paper2\archive (10)\Mouth Ulcer\Mouth_Ulcer_0_8806.jpeg,Mouth_Ulcer_0_8806.jpeg,Mouth Ulcer,Training
E:\Dr. Atef Ismail\Khaled Dental\Paper2\archive (10)\Caries_Gingivitus\caries_0_3790.jpeg,caries_0_3790.jpeg,Caries-Gingivitis,Training
E:\Dr. Atef Ismail\Khaled Dental\Paper2\archive (10)\Tooth Discoloration\Tooth_Discoloration_0_9446.jpeg,Tooth_Discoloration_0_9446.jpeg,Tooth Discoloration,Training
E:\Dr. Atef Ismail\Khaled Dental\Paper2\archive (10)\Tooth Discoloration\Tooth_Discoloration_0_3313.jpeg,Tooth_Discoloration_0_3313.jpeg,Tooth Discoloration,Training
E:\Dr. Atef Ismail\Khaled Dental\Paper2\archive (10)\hypodontia\(427).JPG,(427).JPG,Hypodontia,Training
E:\Dr. Atef Ismail\Khaled Dental\Paper2\archive (10)\Caries_Gingivitus\385.jpg,385.jpg,Caries-Gingivitis,Training
E:\Dr. Atef Ismail\Khaled Dental\Paper2\archive (10)\Calculus\(934).jpg,(934).jpg,Calculus,Training
E:\Dr. Atef Ismail\Khaled Dental\Paper2\archive (10)\Mouth Ulcer\Mouth_Ulcer_0_867.jpeg,Mouth_Ulcer_0_867.jpeg,Mouth Ulcer,Training
E:\Dr. Atef Ismail\Khaled Dental\Paper2\archive (10)\hypodontia\(646).JPG,(646).JPG,Hypodontia,Training
E:\Dr. Atef Ismail\Khaled Dental\Paper2\archive (10)\Calculus\(189).jpg,(189).jpg,Calculus,Training
E:\Dr. Atef Ismail\Khaled Dental\Paper2\archive (10)\Tooth Discoloration\Tooth_Discoloration_0_2865.jpeg,Tooth_Discoloration_0_2865.jpeg,Tooth Discoloration,Training
E:\Dr. Atef Ismail\Khaled Dental\Paper2\archive (10)\hypodontia\(157).JPG,(157).JPG,Hypodontia,Training
E:\Dr. Atef Ismail\Khaled Dental\Paper2\archive (10)\Caries_Gingivitus\caries_0_3503.jpeg,caries_0_3503.jpeg,Caries-Gingivitis,Training
E:\Dr. Atef Ismail\Khaled Dental\Paper2\archive (10)\Tooth Discoloration\Tooth_Discoloration_0_5953.jpeg,Tooth_Discoloration_0_5953.jpeg,Tooth Discoloration,Training
E:\Dr. Atef Ismail\Khaled Dental\Paper2\archive (10)\Caries_Gingivitus\caries_0_3601.jpeg,caries_0_3601.jpeg,Caries-Gingivitis,Training
E:\Dr. Atef Ismail\Khaled Dental\Paper2\archive (10)\Calculus\(870).jpg,(870).jpg,Calculus,Training
E:\Dr. Atef Ismail\Khaled Dental\Paper2\archive (10)\Gingivitis\(1432).jpg,(1432).jpg,Gingivitis,Training
E:\Dr. Atef Ismail\Khaled Dental\Paper2\archive (10)\Tooth Discoloration\Tooth_Discoloration_0_2029.jpeg,Tooth_Discoloration_0_2029.jpeg,Tooth Discoloration,Training
E:\Dr. Atef Ismail\Khaled Dental\Paper2\archive (10)\Tooth Discoloration\Tooth_Discoloration_0_8398.jpeg,Tooth_Discoloration_0_8398.jpeg,Tooth Discoloration,Training
E:\Dr. Atef Ismail\Khaled Dental\Paper2\archive (10)\Mouth Ulcer\Mouth_Ulcer_0_8866.jpeg,Mouth_Ulcer_0_8866.jpeg,Mouth Ulcer,Training
E:\Dr. Atef Ismail\Khaled Dental\Paper2\archive (10)\Caries_Gingivitus\587.jpg,587.jpg,Caries-Gingivitis,Training
E:\Dr. Atef Ismail\Khaled Dental\Paper2\archive (10)\Caries_Gingivitus\caries_0_4403.jpeg,caries_0_4403.jpeg,Caries-Gingivitis,Training
E:\Dr. Atef Ismail\Khaled Dental\Paper2\archive (10)\hypodontia\(1171).JPG,(1171).JPG,Hypodontia,Training
E:\Dr. Atef Ismail\Khaled Dental\Paper2\archive (10)\Gingivitis\(1145).jpg,(1145).jpg,Gingivitis,Training
E:\Dr. Atef Ismail\Khaled Dental\Paper2\archive (10)\Caries_Gingivitus\caries_0_22.jpeg,caries_0_22.jpeg,Caries-Gingivitis,Training
E:\Dr. Atef Ismail\Khaled Dental\Paper2\archive (10)\Mouth Ulcer\Mouth_Ulcer_0_1297.jpeg,Mouth_Ulcer_0_1297.jpeg,Mouth Ulcer,Training
E:\Dr. Atef Ismail\Khaled Dental\Paper2\archive (10)\Caries_Gingivitus\caries_0_5059.jpeg,caries_0_5059.jpeg,Caries-Gingivitis,Training
E:\Dr. Atef Ismail\Khaled Dental\Paper2\archive (10)\Caries_Gingivitus\caries_0_5006.jpeg,caries_0_5006.jpeg,Caries-Gingivitis,Training
E:\Dr. Atef Ismail\Khaled Dental\Paper2\archive (10)\Calculus\(311).jpg,(311).jpg,Calculus,Training
E:\Dr. Atef Ismail\Khaled Dental\Paper2\archive (10)\Gingivitis\(279).jpg,(279).jpg,Gingivitis,Training
E:\Dr. Atef Ismail\Khaled Dental\Paper2\archive (10)\Mouth Ulcer\Mouth_Ulcer_0_5250.jpeg,Mouth_Ulcer_0_5250.jpeg,Mouth Ulcer,Training
E:\Dr. Atef Ismail\Khaled Dental\Paper2\archive (10)\Tooth Discoloration\Tooth_Discoloration_0_9296.jpeg,Tooth_Discoloration_0_9296.jpeg,Tooth Discoloration,Training
E:\Dr. Atef Ismail\Khaled Dental\Paper2\archive (10)\hypodontia\(669).jpg,(669).jpg,Hypodontia,Training
E:\Dr. Atef Ismail\Khaled Dental\Paper2\archive (10)\Mouth Ulcer\Mouth_Ulcer_0_3258.jpeg,Mouth_Ulcer_0_3258.jpeg,Mouth Ulcer,Training
E:\Dr. Atef Ismail\Khaled Dental\Paper2\archive (10)\hypodontia\(661).jpg,(661).jpg,Hypodontia,Training
E:\Dr. Atef Ismail\Khaled Dental\Paper2\archive (10)\hypodontia\(338).JPG,(338).JPG,Hypodontia,Training
E:\Dr. Atef Ismail\Khaled Dental\Paper2\archive (10)\Caries_Gingivitus\caries_0_98.jpeg,caries_0_98.jpeg,Caries-Gingivitis,Training
E:\Dr. Atef Ismail\Khaled Dental\Paper2\archive (10)\Mouth Ulcer\Mouth_Ulcer_0_1945.jpeg,Mouth_Ulcer_0_1945.jpeg,Mouth Ulcer,Training
E:\Dr. Atef Ismail\Khaled Dental\Paper2\archive (10)\hypodontia\(979).JPG,(979).JPG,Hypodontia,Training
E:\Dr. Atef Ismail\Khaled Dental\Paper2\archive (10)\Mouth Ulcer\Mouth_Ulcer_0_8962.jpeg,Mouth_Ulcer_0_8962.jpeg,Mouth Ulcer,Training
E:\Dr. Atef Ismail\Khaled Dental\Paper2\archive (10)\Gingivitis\(1398).jpg,(1398).jpg,Gingivitis,Training
E:\Dr. Atef Ismail\Khaled Dental\Paper2\archive (10)\hypodontia\(726).JPG,(726).JPG,Hypodontia,Training
E:\Dr. Atef Ismail\Khaled Dental\Paper2\archive (10)\Gingivitis\(809).jpg,(809).jpg,Gingivitis,Training
E:\Dr. Atef Ismail\Khaled Dental\Paper2\archive (10)\Caries_Gingivitus\caries_0_3624.jpeg,caries_0_3624.jpeg,Caries-Gingivitis,Training
E:\Dr. Atef Ismail\Khaled Dental\Paper2\archive (10)\Caries_Gingivitus\caries_0_25.jpeg,caries_0_25.jpeg,Caries-Gingivitis,Training
E:\Dr. Atef Ismail\Khaled Dental\Paper2\archive (10)\Mouth Ulcer\Mouth_Ulcer_0_5837.jpeg,Mouth_Ulcer_0_5837.jpeg,Mouth Ulcer,Training
E:\Dr. Atef Ismail\Khaled Dental\Paper2\archive (10)\Calculus\(736).jpg,(736).jpg,Calculus,Training
E:\Dr. Atef Ismail\Khaled Dental\Paper2\archive (10)\Mouth Ulcer\Mouth_Ulcer_0_8366.jpeg,Mouth_Ulcer_0_8366.jpeg,Mouth Ulcer,Training
E:\Dr. Atef Ismail\Khaled Dental\Paper2\archive (10)\Mouth Ulcer\Mouth_Ulcer_0_9589.jpeg,Mouth_Ulcer_0_9589.jpeg,Mouth Ulcer,Training
E:\Dr. Atef Ismail\Khaled Dental\Paper2\archive (10)\hypodontia\(870).JPG,(870).JPG,Hypodontia,Training
E:\Dr. Atef Ismail\Khaled Dental\Paper2\archive (10)\hypodontia\(1043).jpg,(1043).jpg,Hypodontia,Training
E:\Dr. Atef Ismail\Khaled Dental\Paper2\archive (10)\Mouth Ulcer\Mouth_Ulcer_0_4101.jpeg,Mouth_Ulcer_0_4101.jpeg,Mouth Ulcer,Training
E:\Dr. Atef Ismail\Khaled Dental\Paper2\archive (10)\hypodontia\(304).JPG,(304).JPG,Hypodontia,Training
E:\Dr. Atef Ismail\Khaled Dental\Paper2\archive (10)\Mouth Ulcer\Mouth_Ulcer_0_8063.jpeg,Mouth_Ulcer_0_8063.jpeg,Mouth Ulcer,Training
E:\Dr. Atef Ismail\Khaled Dental\Paper2\archive (10)\Caries_Gingivitus\caries_0_3982.jpeg,caries_0_3982.jpeg,Caries-Gingivitis,Training
E:\Dr. Atef Ismail\Khaled Dental\Paper2\archive (10)\hypodontia\(536).jpg,(536).jpg,Hypodontia,Training
E:\Dr. Atef Ismail\Khaled Dental\Paper2\archive (10)\Mouth Ulcer\Mouth_Ulcer_0_7255.jpeg,Mouth_Ulcer_0_7255.jpeg,Mouth Ulcer,Training
E:\Dr. Atef Ismail\Khaled Dental\Paper2\archive (10)\Caries_Gingivitus\caries_0_3991.jpeg,caries_0_3991.jpeg,Caries-Gingivitis,Training
E:\Dr. Atef Ismail\Khaled Dental\Paper2\archive (10)\Calculus\(516).jpg,(516).jpg,Calculus,Training
E:\Dr. Atef Ismail\Khaled Dental\Paper2\archive (10)\Mouth Ulcer\Mouth_Ulcer_0_2450.jpeg,Mouth_Ulcer_0_2450.jpeg,Mouth Ulcer,Training
E:\Dr. Atef Ismail\Khaled Dental\Paper2\archive (10)\Caries_Gingivitus\caries_0_499.jpeg,caries_0_499.jpeg,Caries-Gingivitis,Training
E:\Dr. Atef Ismail\Khaled Dental\Paper2\archive (10)\Gingivitis\(1725).jpg,(1725).jpg,Gingivitis,Training
E:\Dr. Atef Ismail\Khaled Dental\Paper2\archive (10)\Caries_Gingivitus\554.jpg,554.jpg,Caries-Gingivitis,Training
E:\Dr. Atef Ismail\Khaled Dental\Paper2\archive (10)\hypodontia\(354).JPG,(354).JPG,Hypodontia,Training
E:\Dr. Atef Ismail\Khaled Dental\Paper2\archive (10)\Mouth Ulcer\Mouth_Ulcer_0_7723.jpeg,Mouth_Ulcer_0_7723.jpeg,Mouth Ulcer,Training
E:\Dr. Atef Ismail\Khaled Dental\Paper2\archive (10)\Calculus\(749).jpg,(749).jpg,Calculus,Training
E:\Dr. Atef Ismail\Khaled Dental\Paper2\archive (10)\Gingivitis\(1622).jpg,(1622).jpg,Gingivitis,Training
E:\Dr. Atef Ismail\Khaled Dental\Paper2\archive (10)\Mouth Ulcer\Mouth_Ulcer_0_742.jpeg,Mouth_Ulcer_0_742.jpeg,Mouth Ulcer,Training
E:\Dr. Atef Ismail\Khaled Dental\Paper2\archive (10)\Caries_Gingivitus\519.jpg,519.jpg,Caries-Gingivitis,Training
E:\Dr. Atef Ismail\Khaled Dental\Paper2\archive (10)\Gingivitis\(1501).jpg,(1501).jpg,Gingivitis,Training
E:\Dr. Atef Ismail\Khaled Dental\Paper2\archive (10)\Mouth Ulcer\Mouth_Ulcer_0_1266.jpeg,Mouth_Ulcer_0_1266.jpeg,Mouth Ulcer,Training
E:\Dr. Atef Ismail\Khaled Dental\Paper2\archive (10)\Mouth Ulcer\Mouth_Ulcer_0_2457.jpeg,Mouth_Ulcer_0_2457.jpeg,Mouth Ulcer,Training
E:\Dr. Atef Ismail\Khaled Dental\Paper2\archive (10)\Gingivitis\(966).jpg,(966).jpg,Gingivitis,Training
E:\Dr. Atef Ismail\Khaled Dental\Paper2\archive (10)\Tooth Discoloration\Tooth_Discoloration_0_8622.jpeg,Tooth_Discoloration_0_8622.jpeg,Tooth Discoloration,Training
E:\Dr. Atef Ismail\Khaled Dental\Paper2\archive (10)\Gingivitis\(1054).jpg,(1054).jpg,Gingivitis,Training
E:\Dr. Atef Ismail\Khaled Dental\Paper2\archive (10)\hypodontia\(1188).JPG,(1188).JPG,Hypodontia,Training
E:\Dr. Atef Ismail\Khaled Dental\Paper2\archive (10)\Tooth Discoloration\Tooth_Discoloration_0_8483.jpeg,Tooth_Discoloration_0_8483.jpeg,Tooth Discoloration,Training
E:\Dr. Atef Ismail\Khaled Dental\Paper2\archive (10)\Caries_Gingivitus\caries_0_4782.jpeg,caries_0_4782.jpeg,Caries-Gingivitis,Training
E:\Dr. Atef Ismail\Khaled Dental\Paper2\archive (10)\Gingivitis\(2256).jpg,(2256).jpg,Gingivitis,Training
E:\Dr. Atef Ismail\Khaled Dental\Paper2\archive (10)\Caries_Gingivitus\(195).jpg,(195).jpg,Caries-Gingivitis,Training
E:\Dr. Atef Ismail\Khaled Dental\Paper2\archive (10)\Caries_Gingivitus\caries_0_4232.jpeg,caries_0_4232.jpeg,Caries-Gingivitis,Training
E:\Dr. Atef Ismail\Khaled Dental\Paper2\archive (10)\hypodontia\(718).JPG,(718).JPG,Hypodontia,Training
E:\Dr. Atef Ismail\Khaled Dental\Paper2\archive (10)\Tooth Discoloration\Tooth_Discoloration_0_1325.jpeg,Tooth_Discoloration_0_1325.jpeg,Tooth Discoloration,Training
E:\Dr. Atef Ismail\Khaled Dental\Paper2\archive (10)\Caries_Gingivitus\636.jpg,636.jpg,Caries-Gingivitis,Training
E:\Dr. Atef Ismail\Khaled Dental\Paper2\archive (10)\Mouth Ulcer\Mouth_Ulcer_0_5047.jpeg,Mouth_Ulcer_0_5047.jpeg,Mouth Ulcer,Training
E:\Dr. Atef Ismail\Khaled Dental\Paper2\archive (10)\Mouth Ulcer\Mouth_Ulcer_0_4994.jpeg,Mouth_Ulcer_0_4994.jpeg,Mouth Ulcer,Training
E:\Dr. Atef Ismail\Khaled Dental\Paper2\archive (10)\Tooth Discoloration\Tooth_Discoloration_0_7237.jpeg,Tooth_Discoloration_0_7237.jpeg,Tooth Discoloration,Training
E:\Dr. Atef Ismail\Khaled Dental\Paper2\archive (10)\Gingivitis\(472).jpg,(472).jpg,Gingivitis,Training
E:\Dr. Atef Ismail\Khaled Dental\Paper2\archive (10)\hypodontia\(319).JPG,(319).JPG,Hypodontia,Training
E:\Dr. Atef Ismail\Khaled Dental\Paper2\archive (10)\hypodontia\(285).JPG,(285).JPG,Hypodontia,Training
E:\Dr. Atef Ismail\Khaled Dental\Paper2\archive (10)\Gingivitis\(654).jpg,(654).jpg,Gingivitis,Training
E:\Dr. Atef Ismail\Khaled Dental\Paper2\archive (10)\Caries_Gingivitus\caries_0_4084.jpeg,caries_0_4084.jpeg,Caries-Gingivitis,Training
E:\Dr. Atef Ismail\Khaled Dental\Paper2\archive (10)\Caries_Gingivitus\402.jpg,402.jpg,Caries-Gingivitis,Training
E:\Dr. Atef Ismail\Khaled Dental\Paper2\archive (10)\Mouth Ulcer\Mouth_Ulcer_0_3879.jpeg,Mouth_Ulcer_0_3879.jpeg,Mouth Ulcer,Training
E:\Dr. Atef Ismail\Khaled Dental\Paper2\archive (10)\Tooth Discoloration\Tooth_Discoloration_0_6084.jpeg,Tooth_Discoloration_0_6084.jpeg,Tooth Discoloration,Training
E:\Dr. Atef Ismail\Khaled Dental\Paper2\archive (10)\Calculus\(243).jpg,(243).jpg,Calculus,Training
E:\Dr. Atef Ismail\Khaled Dental\Paper2\archive (10)\Calculus\(703).jpg,(703).jpg,Calculus,Training
E:\Dr. Atef Ismail\Khaled Dental\Paper2\archive (10)\Caries_Gingivitus\(150).jpg,(150).jpg,Caries-Gingivitis,Training
E:\Dr. Atef Ismail\Khaled Dental\Paper2\archive (10)\Tooth Discoloration\Tooth_Discoloration_0_4104.jpeg,Tooth_Discoloration_0_4104.jpeg,Tooth Discoloration,Training
E:\Dr. Atef Ismail\Khaled Dental\Paper2\archive (10)\hypodontia\(634).JPG,(634).JPG,Hypodontia,Training
E:\Dr. Atef Ismail\Khaled Dental\Paper2\archive (10)\Tooth Discoloration\Tooth_Discoloration_0_4093.jpeg,Tooth_Discoloration_0_4093.jpeg,Tooth Discoloration,Training
E:\Dr. Atef Ismail\Khaled Dental\Paper2\archive (10)\Mouth Ulcer\Mouth_Ulcer_0_7211.jpeg,Mouth_Ulcer_0_7211.jpeg,Mouth Ulcer,Training
E:\Dr. Atef Ismail\Khaled Dental\Paper2\archive (10)\Mouth Ulcer\Mouth_Ulcer_0_3162.jpeg,Mouth_Ulcer_0_3162.jpeg,Mouth Ulcer,Training
E:\Dr. Atef Ismail\Khaled Dental\Paper2\archive (10)\Mouth Ulcer\Mouth_Ulcer_0_8959.jpeg,Mouth_Ulcer_0_8959.jpeg,Mouth Ulcer,Training
E:\Dr. Atef Ismail\Khaled Dental\Paper2\archive (10)\Mouth Ulcer\Mouth_Ulcer_0_8954.jpeg,Mouth_Ulcer_0_8954.jpeg,Mouth Ulcer,Training
E:\Dr. Atef Ismail\Khaled Dental\Paper2\archive (10)\hypodontia\(133).jpg,(133).jpg,Hypodontia,Training
E:\Dr. Atef Ismail\Khaled Dental\Paper2\archive (10)\hypodontia\(361).JPG,(361).JPG,Hypodontia,Training
E:\Dr. Atef Ismail\Khaled Dental\Paper2\archive (10)\Mouth Ulcer\Mouth_Ulcer_0_8284.jpeg,Mouth_Ulcer_0_8284.jpeg,Mouth Ulcer,Training
E:\Dr. Atef Ismail\Khaled Dental\Paper2\archive (10)\Tooth Discoloration\Tooth_Discoloration_0_6595.jpeg,Tooth_Discoloration_0_6595.jpeg,Tooth Discoloration,Training
E:\Dr. Atef Ismail\Khaled Dental\Paper2\archive (10)\Caries_Gingivitus\(205).jpg,(205).jpg,Caries-Gingivitis,Training
E:\Dr. Atef Ismail\Khaled Dental\Paper2\archive (10)\Calculus\(1237).jpg,(1237).jpg,Calculus,Training
E:\Dr. Atef Ismail\Khaled Dental\Paper2\archive (10)\Gingivitis\(350).jpg,(350).jpg,Gingivitis,Training
E:\Dr. Atef Ismail\Khaled Dental\Paper2\archive (10)\Tooth Discoloration\Tooth_Discoloration_0_7476.jpeg,Tooth_Discoloration_0_7476.jpeg,Tooth Discoloration,Training
E:\Dr. Atef Ismail\Khaled Dental\Paper2\archive (10)\Mouth Ulcer\Mouth_Ulcer_0_9330.jpeg,Mouth_Ulcer_0_9330.jpeg,Mouth Ulcer,Training
E:\Dr. Atef Ismail\Khaled Dental\Paper2\archive (10)\Mouth Ulcer\Mouth_Ulcer_0_3620.jpeg,Mouth_Ulcer_0_3620.jpeg,Mouth Ulcer,Training
E:\Dr. Atef Ismail\Khaled Dental\Paper2\archive (10)\Calculus\(850).jpg,(850).jpg,Calculus,Training
E:\Dr. Atef Ismail\Khaled Dental\Paper2\archive (10)\Gingivitis\(419).jpg,(419).jpg,Gingivitis,Training
E:\Dr. Atef Ismail\Khaled Dental\Paper2\archive (10)\Mouth Ulcer\Mouth_Ulcer_0_815.jpeg,Mouth_Ulcer_0_815.jpeg,Mouth Ulcer,Training
E:\Dr. Atef Ismail\Khaled Dental\Paper2\archive (10)\Mouth Ulcer\Mouth_Ulcer_0_7534.jpeg,Mouth_Ulcer_0_7534.jpeg,Mouth Ulcer,Training
E:\Dr. Atef Ismail\Khaled Dental\Paper2\archive (10)\Tooth Discoloration\Tooth_Discoloration_0_720.jpeg,Tooth_Discoloration_0_720.jpeg,Tooth Discoloration,Training
E:\Dr. Atef Ismail\Khaled Dental\Paper2\archive (10)\Calculus\(221).jpg,(221).jpg,Calculus,Training
E:\Dr. Atef Ismail\Khaled Dental\Paper2\archive (10)\Tooth Discoloration\Tooth_Discoloration_0_1308.jpeg,Tooth_Discoloration_0_1308.jpeg,Tooth Discoloration,Training
E:\Dr. Atef Ismail\Khaled Dental\Paper2\archive (10)\Tooth Discoloration\Tooth_Discoloration_0_9231.jpeg,Tooth_Discoloration_0_9231.jpeg,Tooth Discoloration,Training
E:\Dr. Atef Ismail\Khaled Dental\Paper2\archive (10)\Calculus\(3).jpg,(3).jpg,Calculus,Training
E:\Dr. Atef Ismail\Khaled Dental\Paper2\archive (10)\Caries_Gingivitus\165.jpg,165.jpg,Caries-Gingivitis,Training
E:\Dr. Atef Ismail\Khaled Dental\Paper2\archive (10)\Calculus\(1211).jpg,(1211).jpg,Calculus,Training
E:\Dr. Atef Ismail\Khaled Dental\Paper2\archive (10)\Mouth Ulcer\Mouth_Ulcer_0_2898.jpeg,Mouth_Ulcer_0_2898.jpeg,Mouth Ulcer,Training
E:\Dr. Atef Ismail\Khaled Dental\Paper2\archive (10)\Gingivitis\(1727).jpg,(1727).jpg,Gingivitis,Training
E:\Dr. Atef Ismail\Khaled Dental\Paper2\archive (10)\Tooth Discoloration\Tooth_Discoloration_0_5808.jpeg,Tooth_Discoloration_0_5808.jpeg,Tooth Discoloration,Training
E:\Dr. Atef Ismail\Khaled Dental\Paper2\archive (10)\hypodontia\(468).JPG,(468).JPG,Hypodontia,Training
E:\Dr. Atef Ismail\Khaled Dental\Paper2\archive (10)\Mouth Ulcer\Mouth_Ulcer_0_8262.jpeg,Mouth_Ulcer_0_8262.jpeg,Mouth Ulcer,Training
E:\Dr. Atef Ismail\Khaled Dental\Paper2\archive (10)\Tooth Discoloration\Tooth_Discoloration_0_9317.jpeg,Tooth_Discoloration_0_9317.jpeg,Tooth Discoloration,Training
E:\Dr. Atef Ismail\Khaled Dental\Paper2\archive (10)\Tooth Discoloration\Tooth_Discoloration_0_1705.jpeg,Tooth_Discoloration_0_1705.jpeg,Tooth Discoloration,Training
E:\Dr. Atef Ismail\Khaled Dental\Paper2\archive (10)\Mouth Ulcer\Mouth_Ulcer_0_9559.jpeg,Mouth_Ulcer_0_9559.jpeg,Mouth Ulcer,Training
E:\Dr. Atef Ismail\Khaled Dental\Paper2\archive (10)\Tooth Discoloration\Tooth_Discoloration_0_2902.jpeg,Tooth_Discoloration_0_2902.jpeg,Tooth Discoloration,Training
E:\Dr. Atef Ismail\Khaled Dental\Paper2\archive (10)\Calculus\(391).jpg,(391).jpg,Calculus,Training
E:\Dr. Atef Ismail\Khaled Dental\Paper2\archive (10)\Gingivitis\(1757).jpg,(1757).jpg,Gingivitis,Training
E:\Dr. Atef Ismail\Khaled Dental\Paper2\archive (10)\Tooth Discoloration\Tooth_Discoloration_0_7538.jpeg,Tooth_Discoloration_0_7538.jpeg,Tooth Discoloration,Training
E:\Dr. Atef Ismail\Khaled Dental\Paper2\archive (10)\Tooth Discoloration\Tooth_Discoloration_0_5801.jpeg,Tooth_Discoloration_0_5801.jpeg,Tooth Discoloration,Training
E:\Dr. Atef Ismail\Khaled Dental\Paper2\archive (10)\hypodontia\(749).JPG,(749).JPG,Hypodontia,Training
E:\Dr. Atef Ismail\Khaled Dental\Paper2\archive (10)\hypodontia\(891).JPG,(891).JPG,Hypodontia,Training
E:\Dr. Atef Ismail\Khaled Dental\Paper2\archive (10)\Caries_Gingivitus\141.jpg,141.jpg,Caries-Gingivitis,Training
E:\Dr. Atef Ismail\Khaled Dental\Paper2\archive (10)\Mouth Ulcer\Mouth_Ulcer_0_3484.jpeg,Mouth_Ulcer_0_3484.jpeg,Mouth Ulcer,Training
E:\Dr. Atef Ismail\Khaled Dental\Paper2\archive (10)\Tooth Discoloration\Tooth_Discoloration_0_1664.jpeg,Tooth_Discoloration_0_1664.jpeg,Tooth Discoloration,Training
E:\Dr. Atef Ismail\Khaled Dental\Paper2\archive (10)\Gingivitis\(526).jpg,(526).jpg,Gingivitis,Training
E:\Dr. Atef Ismail\Khaled Dental\Paper2\archive (10)\Tooth Discoloration\Tooth_Discoloration_0_2294.jpeg,Tooth_Discoloration_0_2294.jpeg,Tooth Discoloration,Training
E:\Dr. Atef Ismail\Khaled Dental\Paper2\archive (10)\Caries_Gingivitus\caries_0_3526.jpeg,caries_0_3526.jpeg,Caries-Gingivitis,Training
E:\Dr. Atef Ismail\Khaled Dental\Paper2\archive (10)\Gingivitis\(1754).jpg,(1754).jpg,Gingivitis,Training
E:\Dr. Atef Ismail\Khaled Dental\Paper2\archive (10)\Tooth Discoloration\Tooth_Discoloration_0_409.jpeg,Tooth_Discoloration_0_409.jpeg,Tooth Discoloration,Training
E:\Dr. Atef Ismail\Khaled Dental\Paper2\archive (10)\Mouth Ulcer\Mouth_Ulcer_0_7509.jpeg,Mouth_Ulcer_0_7509.jpeg,Mouth Ulcer,Training
E:\Dr. Atef Ismail\Khaled Dental\Paper2\archive (10)\Gingivitis\(1905).jpg,(1905).jpg,Gingivitis,Training
E:\Dr. Atef Ismail\Khaled Dental\Paper2\archive (10)\Mouth Ulcer\Mouth_Ulcer_0_3766.jpeg,Mouth_Ulcer_0_3766.jpeg,Mouth Ulcer,Training
E:\Dr. Atef Ismail\Khaled Dental\Paper2\archive (10)\Caries_Gingivitus\caries_0_613.jpeg,caries_0_613.jpeg,Caries-Gingivitis,Training
E:\Dr. Atef Ismail\Khaled Dental\Paper2\archive (10)\Mouth Ulcer\Mouth_Ulcer_0_5893.jpeg,Mouth_Ulcer_0_5893.jpeg,Mouth Ulcer,Training
E:\Dr. Atef Ismail\Khaled Dental\Paper2\archive (10)\Tooth Discoloration\Tooth_Discoloration_0_8799.jpeg,Tooth_Discoloration_0_8799.jpeg,Tooth Discoloration,Training
E:\Dr. Atef Ismail\Khaled Dental\Paper2\archive (10)\Gingivitis\(214).jpg,(214).jpg,Gingivitis,Training
E:\Dr. Atef Ismail\Khaled Dental\Paper2\archive (10)\Mouth Ulcer\Mouth_Ulcer_0_438.jpeg,Mouth_Ulcer_0_438.jpeg,Mouth Ulcer,Training
E:\Dr. Atef Ismail\Khaled Dental\Paper2\archive (10)\Tooth Discoloration\Tooth_Discoloration_0_5606.jpeg,Tooth_Discoloration_0_5606.jpeg,Tooth Discoloration,Training
E:\Dr. Atef Ismail\Khaled Dental\Paper2\archive (10)\hypodontia\(1065).jpg,(1065).jpg,Hypodontia,Training
E:\Dr. Atef Ismail\Khaled Dental\Paper2\archive (10)\Mouth Ulcer\Mouth_Ulcer_0_7481.jpeg,Mouth_Ulcer_0_7481.jpeg,Mouth Ulcer,Training
E:\Dr. Atef Ismail\Khaled Dental\Paper2\archive (10)\Mouth Ulcer\Mouth_Ulcer_0_3554.jpeg,Mouth_Ulcer_0_3554.jpeg,Mouth Ulcer,Training
E:\Dr. Atef Ismail\Khaled Dental\Paper2\archive (10)\Gingivitis\(373).jpg,(373).jpg,Gingivitis,Training
E:\Dr. Atef Ismail\Khaled Dental\Paper2\archive (10)\Gingivitis\(1031).jpg,(1031).jpg,Gingivitis,Training
E:\Dr. Atef Ismail\Khaled Dental\Paper2\archive (10)\hypodontia\(1041).JPG,(1041).JPG,Hypodontia,Training
E:\Dr. Atef Ismail\Khaled Dental\Paper2\archive (10)\Caries_Gingivitus\568.jpg,568.jpg,Caries-Gingivitis,Training
E:\Dr. Atef Ismail\Khaled Dental\Paper2\archive (10)\Mouth Ulcer\Mouth_Ulcer_0_9898.jpeg,Mouth_Ulcer_0_9898.jpeg,Mouth Ulcer,Training
E:\Dr. Atef Ismail\Khaled Dental\Paper2\archive (10)\Tooth Discoloration\Tooth_Discoloration_0_8625.jpeg,Tooth_Discoloration_0_8625.jpeg,Tooth Discoloration,Training
E:\Dr. Atef Ismail\Khaled Dental\Paper2\archive (10)\Mouth Ulcer\Mouth_Ulcer_0_9650.jpeg,Mouth_Ulcer_0_9650.jpeg,Mouth Ulcer,Training
E:\Dr. Atef Ismail\Khaled Dental\Paper2\archive (10)\Mouth Ulcer\Mouth_Ulcer_0_9536.jpeg,Mouth_Ulcer_0_9536.jpeg,Mouth Ulcer,Training
E:\Dr. Atef Ismail\Khaled Dental\Paper2\archive (10)\Caries_Gingivitus\caries_0_4846.jpeg,caries_0_4846.jpeg,Caries-Gingivitis,Training
E:\Dr. Atef Ismail\Khaled Dental\Paper2\archive (10)\Tooth Discoloration\Tooth_Discoloration_0_8688.jpeg,Tooth_Discoloration_0_8688.jpeg,Tooth Discoloration,Training
E:\Dr. Atef Ismail\Khaled Dental\Paper2\archive (10)\Tooth Discoloration\Tooth_Discoloration_0_3323.jpeg,Tooth_Discoloration_0_3323.jpeg,Tooth Discoloration,Training
E:\Dr. Atef Ismail\Khaled Dental\Paper2\archive (10)\Mouth Ulcer\Mouth_Ulcer_0_7051.jpeg,Mouth_Ulcer_0_7051.jpeg,Mouth Ulcer,Training
E:\Dr. Atef Ismail\Khaled Dental\Paper2\archive (10)\hypodontia\(941).jpg,(941).jpg,Hypodontia,Training
E:\Dr. Atef Ismail\Khaled Dental\Paper2\archive (10)\Calculus\(756).jpg,(756).jpg,Calculus,Training
E:\Dr. Atef Ismail\Khaled Dental\Paper2\archive (10)\hypodontia\(984).JPG,(984).JPG,Hypodontia,Training
E:\Dr. Atef Ismail\Khaled Dental\Paper2\archive (10)\hypodontia\(268).jpg,(268).jpg,Hypodontia,Training
E:\Dr. Atef Ismail\Khaled Dental\Paper2\archive (10)\Caries_Gingivitus\(3).jpg,(3).jpg,Caries-Gingivitis,Training
E:\Dr. Atef Ismail\Khaled Dental\Paper2\archive (10)\hypodontia\(297).JPG,(297).JPG,Hypodontia,Training
E:\Dr. Atef Ismail\Khaled Dental\Paper2\archive (10)\Mouth Ulcer\Mouth_Ulcer_0_218.jpeg,Mouth_Ulcer_0_218.jpeg,Mouth Ulcer,Training
E:\Dr. Atef Ismail\Khaled Dental\Paper2\archive (10)\Calculus\(6).jpg,(6).jpg,Calculus,Training
E:\Dr. Atef Ismail\Khaled Dental\Paper2\archive (10)\Tooth Discoloration\Tooth_Discoloration_0_8317.jpeg,Tooth_Discoloration_0_8317.jpeg,Tooth Discoloration,Training
E:\Dr. Atef Ismail\Khaled Dental\Paper2\archive (10)\Mouth Ulcer\Mouth_Ulcer_0_5219.jpeg,Mouth_Ulcer_0_5219.jpeg,Mouth Ulcer,Training
E:\Dr. Atef Ismail\Khaled Dental\Paper2\archive (10)\Caries_Gingivitus\caries_0_83.jpeg,caries_0_83.jpeg,Caries-Gingivitis,Training
E:\Dr. Atef Ismail\Khaled Dental\Paper2\archive (10)\Gingivitis\(36).jpg,(36).jpg,Gingivitis,Training
E:\Dr. Atef Ismail\Khaled Dental\Paper2\archive (10)\Tooth Discoloration\Tooth_Discoloration_0_824.jpeg,Tooth_Discoloration_0_824.jpeg,Tooth Discoloration,Training
E:\Dr. Atef Ismail\Khaled Dental\Paper2\archive (10)\Mouth Ulcer\Mouth_Ulcer_0_7131.jpeg,Mouth_Ulcer_0_7131.jpeg,Mouth Ulcer,Training
E:\Dr. Atef Ismail\Khaled Dental\Paper2\archive (10)\Tooth Discoloration\Tooth_Discoloration_0_637.jpeg,Tooth_Discoloration_0_637.jpeg,Tooth Discoloration,Training
E:\Dr. Atef Ismail\Khaled Dental\Paper2\archive (10)\Tooth Discoloration\Tooth_Discoloration_0_533.jpeg,Tooth_Discoloration_0_533.jpeg,Tooth Discoloration,Training
E:\Dr. Atef Ismail\Khaled Dental\Paper2\archive (10)\Calculus\(585).jpg,(585).jpg,Calculus,Training
E:\Dr. Atef Ismail\Khaled Dental\Paper2\archive (10)\Gingivitis\(575).jpg,(575).jpg,Gingivitis,Training
E:\Dr. Atef Ismail\Khaled Dental\Paper2\archive (10)\Caries_Gingivitus\caries_0_474.jpeg,caries_0_474.jpeg,Caries-Gingivitis,Training
E:\Dr. Atef Ismail\Khaled Dental\Paper2\archive (10)\Gingivitis\(1755).jpg,(1755).jpg,Gingivitis,Training
E:\Dr. Atef Ismail\Khaled Dental\Paper2\archive (10)\hypodontia\(320).JPG,(320).JPG,Hypodontia,Training
E:\Dr. Atef Ismail\Khaled Dental\Paper2\archive (10)\Gingivitis\(1142).jpg,(1142).jpg,Gingivitis,Training
E:\Dr. Atef Ismail\Khaled Dental\Paper2\archive (10)\Tooth Discoloration\Tooth_Discoloration_0_6403.jpeg,Tooth_Discoloration_0_6403.jpeg,Tooth Discoloration,Training
E:\Dr. Atef Ismail\Khaled Dental\Paper2\archive (10)\hypodontia\(599).JPG,(599).JPG,Hypodontia,Training
E:\Dr. Atef Ismail\Khaled Dental\Paper2\archive (10)\Gingivitis\(1551).jpg,(1551).jpg,Gingivitis,Training
E:\Dr. Atef Ismail\Khaled Dental\Paper2\archive (10)\Tooth Discoloration\Tooth_Discoloration_0_7458.jpeg,Tooth_Discoloration_0_7458.jpeg,Tooth Discoloration,Training
E:\Dr. Atef Ismail\Khaled Dental\Paper2\archive (10)\Calculus\(887).jpg,(887).jpg,Calculus,Training
E:\Dr. Atef Ismail\Khaled Dental\Paper2\archive (10)\Calculus\(845).jpg,(845).jpg,Calculus,Training
E:\Dr. Atef Ismail\Khaled Dental\Paper2\archive (10)\Tooth Discoloration\Tooth_Discoloration_0_6717.jpeg,Tooth_Discoloration_0_6717.jpeg,Tooth Discoloration,Training
E:\Dr. Atef Ismail\Khaled Dental\Paper2\archive (10)\Calculus\(638).jpg,(638).jpg,Calculus,Training
E:\Dr. Atef Ismail\Khaled Dental\Paper2\archive (10)\Caries_Gingivitus\(90).jpg,(90).jpg,Caries-Gingivitis,Training
E:\Dr. Atef Ismail\Khaled Dental\Paper2\archive (10)\Gingivitis\(1423).jpg,(1423).jpg,Gingivitis,Training
E:\Dr. Atef Ismail\Khaled Dental\Paper2\archive (10)\Caries_Gingivitus\caries_0_658.jpeg,caries_0_658.jpeg,Caries-Gingivitis,Training
E:\Dr. Atef Ismail\Khaled Dental\Paper2\archive (10)\Mouth Ulcer\Mouth_Ulcer_0_2907.jpeg,Mouth_Ulcer_0_2907.jpeg,Mouth Ulcer,Training
E:\Dr. Atef Ismail\Khaled Dental\Paper2\archive (10)\Mouth Ulcer\Mouth_Ulcer_0_8233.jpeg,Mouth_Ulcer_0_8233.jpeg,Mouth Ulcer,Training
E:\Dr. Atef Ismail\Khaled Dental\Paper2\archive (10)\Mouth Ulcer\Mouth_Ulcer_0_1772.jpeg,Mouth_Ulcer_0_1772.jpeg,Mouth Ulcer,Training
E:\Dr. Atef Ismail\Khaled Dental\Paper2\archive (10)\hypodontia\(928).JPG,(928).JPG,Hypodontia,Training
E:\Dr. Atef Ismail\Khaled Dental\Paper2\archive (10)\Gingivitis\(1260).JPG,(1260).JPG,Gingivitis,Training
E:\Dr. Atef Ismail\Khaled Dental\Paper2\archive (10)\Caries_Gingivitus\345.jpg,345.jpg,Caries-Gingivitis,Training
E:\Dr. Atef Ismail\Khaled Dental\Paper2\archive (10)\hypodontia\(326).JPG,(326).JPG,Hypodontia,Training
E:\Dr. Atef Ismail\Khaled Dental\Paper2\archive (10)\Gingivitis\(1322).jpg,(1322).jpg,Gingivitis,Training
E:\Dr. Atef Ismail\Khaled Dental\Paper2\archive (10)\Gingivitis\(2181).jpg,(2181).jpg,Gingivitis,Training
E:\Dr. Atef Ismail\Khaled Dental\Paper2\archive (10)\Calculus\(398).jpg,(398).jpg,Calculus,Training
E:\Dr. Atef Ismail\Khaled Dental\Paper2\archive (10)\Tooth Discoloration\Tooth_Discoloration_0_4172.jpeg,Tooth_Discoloration_0_4172.jpeg,Tooth Discoloration,Training
E:\Dr. Atef Ismail\Khaled Dental\Paper2\archive (10)\Mouth Ulcer\Mouth_Ulcer_0_6556.jpeg,Mouth_Ulcer_0_6556.jpeg,Mouth Ulcer,Training
E:\Dr. Atef Ismail\Khaled Dental\Paper2\archive (10)\Caries_Gingivitus\411.jpg,411.jpg,Caries-Gingivitis,Training
E:\Dr. Atef Ismail\Khaled Dental\Paper2\archive (10)\Gingivitis\(45).jpg,(45).jpg,Gingivitis,Training
E:\Dr. Atef Ismail\Khaled Dental\Paper2\archive (10)\hypodontia\(1167).JPG,(1167).JPG,Hypodontia,Training
E:\Dr. Atef Ismail\Khaled Dental\Paper2\archive (10)\Tooth Discoloration\Tooth_Discoloration_0_5871.jpeg,Tooth_Discoloration_0_5871.jpeg,Tooth Discoloration,Training
E:\Dr. Atef Ismail\Khaled Dental\Paper2\archive (10)\Caries_Gingivitus\caries_0_567.jpeg,caries_0_567.jpeg,Caries-Gingivitis,Training
E:\Dr. Atef Ismail\Khaled Dental\Paper2\archive (10)\Gingivitis\(2070).jpg,(2070).jpg,Gingivitis,Training
E:\Dr. Atef Ismail\Khaled Dental\Paper2\archive (10)\Gingivitis\(1777).jpg,(1777).jpg,Gingivitis,Training
E:\Dr. Atef Ismail\Khaled Dental\Paper2\archive (10)\Calculus\(1266).jpg,(1266).jpg,Calculus,Training
E:\Dr. Atef Ismail\Khaled Dental\Paper2\archive (10)\Caries_Gingivitus\(43).jpg,(43).jpg,Caries-Gingivitis,Training
E:\Dr. Atef Ismail\Khaled Dental\Paper2\archive (10)\Caries_Gingivitus\caries_0_3254.jpeg,caries_0_3254.jpeg,Caries-Gingivitis,Training
E:\Dr. Atef Ismail\Khaled Dental\Paper2\archive (10)\Calculus\(1086).jpg,(1086).jpg,Calculus,Training
E:\Dr. Atef Ismail\Khaled Dental\Paper2\archive (10)\hypodontia\(1138).JPG,(1138).JPG,Hypodontia,Training
E:\Dr. Atef Ismail\Khaled Dental\Paper2\archive (10)\Caries_Gingivitus\290.jpg,290.jpg,Caries-Gingivitis,Training
E:\Dr. Atef Ismail\Khaled Dental\Paper2\archive (10)\hypodontia\(94).JPG,(94).JPG,Hypodontia,Training
E:\Dr. Atef Ismail\Khaled Dental\Paper2\archive (10)\Mouth Ulcer\Mouth_Ulcer_0_4665.jpeg,Mouth_Ulcer_0_4665.jpeg,Mouth Ulcer,Training
E:\Dr. Atef Ismail\Khaled Dental\Paper2\archive (10)\hypodontia\(171).JPG,(171).JPG,Hypodontia,Training
E:\Dr. Atef Ismail\Khaled Dental\Paper2\archive (10)\Gingivitis\(2127).jpg,(2127).jpg,Gingivitis,Training
E:\Dr. Atef Ismail\Khaled Dental\Paper2\archive (10)\Mouth Ulcer\Mouth_Ulcer_0_3718.jpeg,Mouth_Ulcer_0_3718.jpeg,Mouth Ulcer,Training
E:\Dr. Atef Ismail\Khaled Dental\Paper2\archive (10)\Tooth Discoloration\Tooth_Discoloration_0_7076.jpeg,Tooth_Discoloration_0_7076.jpeg,Tooth Discoloration,Training
E:\Dr. Atef Ismail\Khaled Dental\Paper2\archive (10)\Caries_Gingivitus\396.jpg,396.jpg,Caries-Gingivitis,Training
E:\Dr. Atef Ismail\Khaled Dental\Paper2\archive (10)\Caries_Gingivitus\321.jpg,321.jpg,Caries-Gingivitis,Training
E:\Dr. Atef Ismail\Khaled Dental\Paper2\archive (10)\Tooth Discoloration\Tooth_Discoloration_0_2962.jpeg,Tooth_Discoloration_0_2962.jpeg,Tooth Discoloration,Training
E:\Dr. Atef Ismail\Khaled Dental\Paper2\archive (10)\hypodontia\(149).JPG,(149).JPG,Hypodontia,Training
E:\Dr. Atef Ismail\Khaled Dental\Paper2\archive (10)\Mouth Ulcer\Mouth_Ulcer_0_693.jpeg,Mouth_Ulcer_0_693.jpeg,Mouth Ulcer,Training
E:\Dr. Atef Ismail\Khaled Dental\Paper2\archive (10)\Mouth Ulcer\Mouth_Ulcer_0_4896.jpeg,Mouth_Ulcer_0_4896.jpeg,Mouth Ulcer,Training
E:\Dr. Atef Ismail\Khaled Dental\Paper2\archive (10)\hypodontia\(885).JPG,(885).JPG,Hypodontia,Training
E:\Dr. Atef Ismail\Khaled Dental\Paper2\archive (10)\hypodontia\(695).JPG,(695).JPG,Hypodontia,Training
E:\Dr. Atef Ismail\Khaled Dental\Paper2\archive (10)\hypodontia\(1103).jpg,(1103).jpg,Hypodontia,Training
E:\Dr. Atef Ismail\Khaled Dental\Paper2\archive (10)\Caries_Gingivitus\178.jpg,178.jpg,Caries-Gingivitis,Training
E:\Dr. Atef Ismail\Khaled Dental\Paper2\archive (10)\Mouth Ulcer\Mouth_Ulcer_0_7923.jpeg,Mouth_Ulcer_0_7923.jpeg,Mouth Ulcer,Training
E:\Dr. Atef Ismail\Khaled Dental\Paper2\archive (10)\Caries_Gingivitus\19.jpg,19.jpg,Caries-Gingivitis,Training
E:\Dr. Atef Ismail\Khaled Dental\Paper2\archive (10)\Mouth Ulcer\Mouth_Ulcer_0_3941.jpeg,Mouth_Ulcer_0_3941.jpeg,Mouth Ulcer,Training
E:\Dr. Atef Ismail\Khaled Dental\Paper2\archive (10)\Caries_Gingivitus\caries_0_4860.jpeg,caries_0_4860.jpeg,Caries-Gingivitis,Training
E:\Dr. Atef Ismail\Khaled Dental\Paper2\archive (10)\Calculus\(177).jpg,(177).jpg,Calculus,Training
E:\Dr. Atef Ismail\Khaled Dental\Paper2\archive (10)\Mouth Ulcer\Mouth_Ulcer_0_196.jpeg,Mouth_Ulcer_0_196.jpeg,Mouth Ulcer,Training
E:\Dr. Atef Ismail\Khaled Dental\Paper2\archive (10)\Mouth Ulcer\Mouth_Ulcer_0_4540.jpeg,Mouth_Ulcer_0_4540.jpeg,Mouth Ulcer,Training
E:\Dr. Atef Ismail\Khaled Dental\Paper2\archive (10)\Mouth Ulcer\Mouth_Ulcer_0_4875.jpeg,Mouth_Ulcer_0_4875.jpeg,Mouth Ulcer,Training
E:\Dr. Atef Ismail\Khaled Dental\Paper2\archive (10)\Tooth Discoloration\Tooth_Discoloration_0_3431.jpeg,Tooth_Discoloration_0_3431.jpeg,Tooth Discoloration,Training
E:\Dr. Atef Ismail\Khaled Dental\Paper2\archive (10)\Calculus\(285).jpg,(285).jpg,Calculus,Training
E:\Dr. Atef Ismail\Khaled Dental\Paper2\archive (10)\Calculus\(1207).jpg,(1207).jpg,Calculus,Training
E:\Dr. Atef Ismail\Khaled Dental\Paper2\archive (10)\Tooth Discoloration\Tooth_Discoloration_0_2423.jpeg,Tooth_Discoloration_0_2423.jpeg,Tooth Discoloration,Training
E:\Dr. Atef Ismail\Khaled Dental\Paper2\archive (10)\Calculus\(165).jpg,(165).jpg,Calculus,Training
E:\Dr. Atef Ismail\Khaled Dental\Paper2\archive (10)\Gingivitis\(869).jpg,(869).jpg,Gingivitis,Training
E:\Dr. Atef Ismail\Khaled Dental\Paper2\archive (10)\Caries_Gingivitus\caries_0_4075.jpeg,caries_0_4075.jpeg,Caries-Gingivitis,Training
E:\Dr. Atef Ismail\Khaled Dental\Paper2\archive (10)\hypodontia\(63).JPG,(63).JPG,Hypodontia,Training
E:\Dr. Atef Ismail\Khaled Dental\Paper2\archive (10)\Gingivitis\(267).jpg,(267).jpg,Gingivitis,Training
E:\Dr. Atef Ismail\Khaled Dental\Paper2\archive (10)\Calculus\(456).jpg,(456).jpg,Calculus,Training
E:\Dr. Atef Ismail\Khaled Dental\Paper2\archive (10)\hypodontia\(1125).JPG,(1125).JPG,Hypodontia,Training
E:\Dr. Atef Ismail\Khaled Dental\Paper2\archive (10)\Tooth Discoloration\Tooth_Discoloration_0_1330.jpeg,Tooth_Discoloration_0_1330.jpeg,Tooth Discoloration,Training
E:\Dr. Atef Ismail\Khaled Dental\Paper2\archive (10)\Calculus\(1295).jpg,(1295).jpg,Calculus,Training
E:\Dr. Atef Ismail\Khaled Dental\Paper2\archive (10)\Calculus\(1070).jpg,(1070).jpg,Calculus,Training
E:\Dr. Atef Ismail\Khaled Dental\Paper2\archive (10)\hypodontia\(707).JPG,(707).JPG,Hypodontia,Training
E:\Dr. Atef Ismail\Khaled Dental\Paper2\archive (10)\Mouth Ulcer\Mouth_Ulcer_0_2516.jpeg,Mouth_Ulcer_0_2516.jpeg,Mouth Ulcer,Training
E:\Dr. Atef Ismail\Khaled Dental\Paper2\archive (10)\Tooth Discoloration\Tooth_Discoloration_0_7564.jpeg,Tooth_Discoloration_0_7564.jpeg,Tooth Discoloration,Training
E:\Dr. Atef Ismail\Khaled Dental\Paper2\archive (10)\Calculus\(1201).jpg,(1201).jpg,Calculus,Training
E:\Dr. Atef Ismail\Khaled Dental\Paper2\archive (10)\Gingivitis\(2158).jpg,(2158).jpg,Gingivitis,Training
E:\Dr. Atef Ismail\Khaled Dental\Paper2\archive (10)\Caries_Gingivitus\caries_0_4017.jpeg,caries_0_4017.jpeg,Caries-Gingivitis,Training
E:\Dr. Atef Ismail\Khaled Dental\Paper2\archive (10)\Caries_Gingivitus\caries_0_5146.jpeg,caries_0_5146.jpeg,Caries-Gingivitis,Training
E:\Dr. Atef Ismail\Khaled Dental\Paper2\archive (10)\Caries_Gingivitus\caries_0_3874.jpeg,caries_0_3874.jpeg,Caries-Gingivitis,Training
E:\Dr. Atef Ismail\Khaled Dental\Paper2\archive (10)\Mouth Ulcer\Mouth_Ulcer_0_3273.jpeg,Mouth_Ulcer_0_3273.jpeg,Mouth Ulcer,Training
E:\Dr. Atef Ismail\Khaled Dental\Paper2\archive (10)\Mouth Ulcer\Mouth_Ulcer_0_449.jpeg,Mouth_Ulcer_0_449.jpeg,Mouth Ulcer,Training
E:\Dr. Atef Ismail\Khaled Dental\Paper2\archive (10)\Calculus\(5).jpg,(5).jpg,Calculus,Training
E:\Dr. Atef Ismail\Khaled Dental\Paper2\archive (10)\hypodontia\(943).jpg,(943).jpg,Hypodontia,Training
E:\Dr. Atef Ismail\Khaled Dental\Paper2\archive (10)\hypodontia\(541).jpg,(541).jpg,Hypodontia,Training
E:\Dr. Atef Ismail\Khaled Dental\Paper2\archive (10)\Tooth Discoloration\Tooth_Discoloration_0_8351.jpeg,Tooth_Discoloration_0_8351.jpeg,Tooth Discoloration,Training
E:\Dr. Atef Ismail\Khaled Dental\Paper2\archive (10)\Mouth Ulcer\Mouth_Ulcer_0_299.jpeg,Mouth_Ulcer_0_299.jpeg,Mouth Ulcer,Training
E:\Dr. Atef Ismail\Khaled Dental\Paper2\archive (10)\Caries_Gingivitus\434.jpg,434.jpg,Caries-Gingivitis,Training
E:\Dr. Atef Ismail\Khaled Dental\Paper2\archive (10)\Calculus\(394).jpg,(394).jpg,Calculus,Training
E:\Dr. Atef Ismail\Khaled Dental\Paper2\archive (10)\Caries_Gingivitus\189.jpg,189.jpg,Caries-Gingivitis,Training
E:\Dr. Atef Ismail\Khaled Dental\Paper2\archive (10)\Gingivitis\(1160).jpg,(1160).jpg,Gingivitis,Training
E:\Dr. Atef Ismail\Khaled Dental\Paper2\archive (10)\hypodontia\(868).JPG,(868).JPG,Hypodontia,Training
E:\Dr. Atef Ismail\Khaled Dental\Paper2\archive (10)\Gingivitis\(1548).jpg,(1548).jpg,Gingivitis,Training
E:\Dr. Atef Ismail\Khaled Dental\Paper2\archive (10)\hypodontia\(927).JPG,(927).JPG,Hypodontia,Training
E:\Dr. Atef Ismail\Khaled Dental\Paper2\archive (10)\Tooth Discoloration\Tooth_Discoloration_0_5102.jpeg,Tooth_Discoloration_0_5102.jpeg,Tooth Discoloration,Training
E:\Dr. Atef Ismail\Khaled Dental\Paper2\archive (10)\Gingivitis\(1337).jpg,(1337).jpg,Gingivitis,Training
E:\Dr. Atef Ismail\Khaled Dental\Paper2\archive (10)\Gingivitis\(1573).jpg,(1573).jpg,Gingivitis,Training
E:\Dr. Atef Ismail\Khaled Dental\Paper2\archive (10)\Calculus\(386).jpg,(386).jpg,Calculus,Training
E:\Dr. Atef Ismail\Khaled Dental\Paper2\archive (10)\hypodontia\(934).JPG,(934).JPG,Hypodontia,Training
E:\Dr. Atef Ismail\Khaled Dental\Paper2\archive (10)\Caries_Gingivitus\263.jpg,263.jpg,Caries-Gingivitis,Training
E:\Dr. Atef Ismail\Khaled Dental\Paper2\archive (10)\Calculus\(498).jpg,(498).jpg,Calculus,Training
E:\Dr. Atef Ismail\Khaled Dental\Paper2\archive (10)\Gingivitis\(713).jpg,(713).jpg,Gingivitis,Training
E:\Dr. Atef Ismail\Khaled Dental\Paper2\archive (10)\Tooth Discoloration\Tooth_Discoloration_0_7998.jpeg,Tooth_Discoloration_0_7998.jpeg,Tooth Discoloration,Training
E:\Dr. Atef Ismail\Khaled Dental\Paper2\archive (10)\hypodontia\(565).JPG,(565).JPG,Hypodontia,Training
E:\Dr. Atef Ismail\Khaled Dental\Paper2\archive (10)\Tooth Discoloration\Tooth_Discoloration_0_7880.jpeg,Tooth_Discoloration_0_7880.jpeg,Tooth Discoloration,Training
E:\Dr. Atef Ismail\Khaled Dental\Paper2\archive (10)\Calculus\(878).jpg,(878).jpg,Calculus,Training
E:\Dr. Atef Ismail\Khaled Dental\Paper2\archive (10)\Calculus\(757).jpg,(757).jpg,Calculus,Training
E:\Dr. Atef Ismail\Khaled Dental\Paper2\archive (10)\Calculus\(293).jpg,(293).jpg,Calculus,Training
E:\Dr. Atef Ismail\Khaled Dental\Paper2\archive (10)\Mouth Ulcer\Mouth_Ulcer_0_1016.jpeg,Mouth_Ulcer_0_1016.jpeg,Mouth Ulcer,Training
E:\Dr. Atef Ismail\Khaled Dental\Paper2\archive (10)\Caries_Gingivitus\(24).jpg,(24).jpg,Caries-Gingivitis,Training
E:\Dr. Atef Ismail\Khaled Dental\Paper2\archive (10)\Mouth Ulcer\Mouth_Ulcer_0_6591.jpeg,Mouth_Ulcer_0_6591.jpeg,Mouth Ulcer,Training
E:\Dr. Atef Ismail\Khaled Dental\Paper2\archive (10)\Caries_Gingivitus\caries_0_35.jpeg,caries_0_35.jpeg,Caries-Gingivitis,Training
E:\Dr. Atef Ismail\Khaled Dental\Paper2\archive (10)\Tooth Discoloration\Tooth_Discoloration_0_3335.jpeg,Tooth_Discoloration_0_3335.jpeg,Tooth Discoloration,Training
E:\Dr. Atef Ismail\Khaled Dental\Paper2\archive (10)\Tooth Discoloration\Tooth_Discoloration_0_277.jpeg,Tooth_Discoloration_0_277.jpeg,Tooth Discoloration,Training
E:\Dr. Atef Ismail\Khaled Dental\Paper2\archive (10)\Mouth Ulcer\Mouth_Ulcer_0_8002.jpeg,Mouth_Ulcer_0_8002.jpeg,Mouth Ulcer,Training
E:\Dr. Atef Ismail\Khaled Dental\Paper2\archive (10)\Calculus\(596).jpg,(596).jpg,Calculus,Training
E:\Dr. Atef Ismail\Khaled Dental\Paper2\archive (10)\Gingivitis\(718).jpg,(718).jpg,Gingivitis,Training
E:\Dr. Atef Ismail\Khaled Dental\Paper2\archive (10)\hypodontia\(563).JPG,(563).JPG,Hypodontia,Training
E:\Dr. Atef Ismail\Khaled Dental\Paper2\archive (10)\Gingivitis\(2047).jpg,(2047).jpg,Gingivitis,Training
E:\Dr. Atef Ismail\Khaled Dental\Paper2\archive (10)\Calculus\(746).jpg,(746).jpg,Calculus,Training
E:\Dr. Atef Ismail\Khaled Dental\Paper2\archive (10)\Caries_Gingivitus\caries_0_456.jpeg,caries_0_456.jpeg,Caries-Gingivitis,Training
E:\Dr. Atef Ismail\Khaled Dental\Paper2\archive (10)\Tooth Discoloration\Tooth_Discoloration_0_2988.jpeg,Tooth_Discoloration_0_2988.jpeg,Tooth Discoloration,Training
E:\Dr. Atef Ismail\Khaled Dental\Paper2\archive (10)\Gingivitis\(443).jpg,(443).jpg,Gingivitis,Training
E:\Dr. Atef Ismail\Khaled Dental\Paper2\archive (10)\Mouth Ulcer\Mouth_Ulcer_0_7619.jpeg,Mouth_Ulcer_0_7619.jpeg,Mouth Ulcer,Training
E:\Dr. Atef Ismail\Khaled Dental\Paper2\archive (10)\Gingivitis\(1869).jpg,(1869).jpg,Gingivitis,Training
E:\Dr. Atef Ismail\Khaled Dental\Paper2\archive (10)\Calculus\(705).jpg,(705).jpg,Calculus,Training
E:\Dr. Atef Ismail\Khaled Dental\Paper2\archive (10)\Tooth Discoloration\Tooth_Discoloration_0_3024.jpeg,Tooth_Discoloration_0_3024.jpeg,Tooth Discoloration,Training
E:\Dr. Atef Ismail\Khaled Dental\Paper2\archive (10)\hypodontia\(176).JPG,(176).JPG,Hypodontia,Training
E:\Dr. Atef Ismail\Khaled Dental\Paper2\archive (10)\Caries_Gingivitus\caries_0_4026.jpeg,caries_0_4026.jpeg,Caries-Gingivitis,Training
E:\Dr. Atef Ismail\Khaled Dental\Paper2\archive (10)\Caries_Gingivitus\(64).jpg,(64).jpg,Caries-Gingivitis,Training
E:\Dr. Atef Ismail\Khaled Dental\Paper2\archive (10)\Mouth Ulcer\Mouth_Ulcer_0_3780.jpeg,Mouth_Ulcer_0_3780.jpeg,Mouth Ulcer,Training
E:\Dr. Atef Ismail\Khaled Dental\Paper2\archive (10)\Caries_Gingivitus\caries_0_3366.jpeg,caries_0_3366.jpeg,Caries-Gingivitis,Training
E:\Dr. Atef Ismail\Khaled Dental\Paper2\archive (10)\Tooth Discoloration\Tooth_Discoloration_0_8654.jpeg,Tooth_Discoloration_0_8654.jpeg,Tooth Discoloration,Training
E:\Dr. Atef Ismail\Khaled Dental\Paper2\archive (10)\Mouth Ulcer\Mouth_Ulcer_0_9644.jpeg,Mouth_Ulcer_0_9644.jpeg,Mouth Ulcer,Training
E:\Dr. Atef Ismail\Khaled Dental\Paper2\archive (10)\Caries_Gingivitus\586.jpg,586.jpg,Caries-Gingivitis,Training
E:\Dr. Atef Ismail\Khaled Dental\Paper2\archive (10)\Mouth Ulcer\Mouth_Ulcer_0_1913.jpeg,Mouth_Ulcer_0_1913.jpeg,Mouth Ulcer,Training
E:\Dr. Atef Ismail\Khaled Dental\Paper2\archive (10)\Mouth Ulcer\Mouth_Ulcer_0_3621.jpeg,Mouth_Ulcer_0_3621.jpeg,Mouth Ulcer,Training
E:\Dr. Atef Ismail\Khaled Dental\Paper2\archive (10)\Gingivitis\(1473).jpg,(1473).jpg,Gingivitis,Training
E:\Dr. Atef Ismail\Khaled Dental\Paper2\archive (10)\Calculus\(788).jpg,(788).jpg,Calculus,Training
E:\Dr. Atef Ismail\Khaled Dental\Paper2\archive (10)\Tooth Discoloration\Tooth_Discoloration_0_5987.jpeg,Tooth_Discoloration_0_5987.jpeg,Tooth Discoloration,Training
E:\Dr. Atef Ismail\Khaled Dental\Paper2\archive (10)\Mouth Ulcer\Mouth_Ulcer_0_3842.jpeg,Mouth_Ulcer_0_3842.jpeg,Mouth Ulcer,Training
E:\Dr. Atef Ismail\Khaled Dental\Paper2\archive (10)\Calculus\(754).jpg,(754).jpg,Calculus,Training
E:\Dr. Atef Ismail\Khaled Dental\Paper2\archive (10)\Mouth Ulcer\Mouth_Ulcer_0_3814.jpeg,Mouth_Ulcer_0_3814.jpeg,Mouth Ulcer,Training
E:\Dr. Atef Ismail\Khaled Dental\Paper2\archive (10)\Calculus\(1023).jpg,(1023).jpg,Calculus,Training
E:\Dr. Atef Ismail\Khaled Dental\Paper2\archive (10)\Mouth Ulcer\Mouth_Ulcer_0_2761.jpeg,Mouth_Ulcer_0_2761.jpeg,Mouth Ulcer,Training
E:\Dr. Atef Ismail\Khaled Dental\Paper2\archive (10)\Mouth Ulcer\Mouth_Ulcer_0_5169.jpeg,Mouth_Ulcer_0_5169.jpeg,Mouth Ulcer,Training
E:\Dr. Atef Ismail\Khaled Dental\Paper2\archive (10)\Mouth Ulcer\Mouth_Ulcer_0_1690.jpeg,Mouth_Ulcer_0_1690.jpeg,Mouth Ulcer,Training
E:\Dr. Atef Ismail\Khaled Dental\Paper2\archive (10)\Calculus\(918).jpg,(918).jpg,Calculus,Training
E:\Dr. Atef Ismail\Khaled Dental\Paper2\archive (10)\Caries_Gingivitus\caries_0_3854.jpeg,caries_0_3854.jpeg,Caries-Gingivitis,Training
E:\Dr. Atef Ismail\Khaled Dental\Paper2\archive (10)\Caries_Gingivitus\168.jpg,168.jpg,Caries-Gingivitis,Training
E:\Dr. Atef Ismail\Khaled Dental\Paper2\archive (10)\hypodontia\(3).JPG,(3).JPG,Hypodontia,Training
E:\Dr. Atef Ismail\Khaled Dental\Paper2\archive (10)\Gingivitis\(338).jpg,(338).jpg,Gingivitis,Training
E:\Dr. Atef Ismail\Khaled Dental\Paper2\archive (10)\Gingivitis\(34).jpg,(34).jpg,Gingivitis,Training
E:\Dr. Atef Ismail\Khaled Dental\Paper2\archive (10)\hypodontia\(30).JPG,(30).JPG,Hypodontia,Training
E:\Dr. Atef Ismail\Khaled Dental\Paper2\archive (10)\Calculus\(594).jpg,(594).jpg,Calculus,Training
E:\Dr. Atef Ismail\Khaled Dental\Paper2\archive (10)\Tooth Discoloration\Tooth_Discoloration_0_7770.jpeg,Tooth_Discoloration_0_7770.jpeg,Tooth Discoloration,Training
E:\Dr. Atef Ismail\Khaled Dental\Paper2\archive (10)\Gingivitis\(1342).jpg,(1342).jpg,Gingivitis,Training
E:\Dr. Atef Ismail\Khaled Dental\Paper2\archive (10)\Caries_Gingivitus\617.jpg,617.jpg,Caries-Gingivitis,Training
E:\Dr. Atef Ismail\Khaled Dental\Paper2\archive (10)\Tooth Discoloration\Tooth_Discoloration_0_1569.jpeg,Tooth_Discoloration_0_1569.jpeg,Tooth Discoloration,Training
E:\Dr. Atef Ismail\Khaled Dental\Paper2\archive (10)\Caries_Gingivitus\74.jpg,74.jpg,Caries-Gingivitis,Training
E:\Dr. Atef Ismail\Khaled Dental\Paper2\archive (10)\Calculus\(718).jpg,(718).jpg,Calculus,Training
E:\Dr. Atef Ismail\Khaled Dental\Paper2\archive (10)\Gingivitis\(2160).jpg,(2160).jpg,Gingivitis,Training
E:\Dr. Atef Ismail\Khaled Dental\Paper2\archive (10)\Tooth Discoloration\Tooth_Discoloration_0_2072.jpeg,Tooth_Discoloration_0_2072.jpeg,Tooth Discoloration,Training
E:\Dr. Atef Ismail\Khaled Dental\Paper2\archive (10)\Calculus\(663).jpg,(663).jpg,Calculus,Training
E:\Dr. Atef Ismail\Khaled Dental\Paper2\archive (10)\Gingivitis\(789).jpg,(789).jpg,Gingivitis,Training
E:\Dr. Atef Ismail\Khaled Dental\Paper2\archive (10)\Gingivitis\(1094).jpg,(1094).jpg,Gingivitis,Training
E:\Dr. Atef Ismail\Khaled Dental\Paper2\archive (10)\Caries_Gingivitus\caries_0_3598.jpeg,caries_0_3598.jpeg,Caries-Gingivitis,Training
E:\Dr. Atef Ismail\Khaled Dental\Paper2\archive (10)\Calculus\(739).jpg,(739).jpg,Calculus,Training
E:\Dr. Atef Ismail\Khaled Dental\Paper2\archive (10)\Tooth Discoloration\Tooth_Discoloration_0_4974.jpeg,Tooth_Discoloration_0_4974.jpeg,Tooth Discoloration,Training
E:\Dr. Atef Ismail\Khaled Dental\Paper2\archive (10)\Tooth Discoloration\Tooth_Discoloration_0_7022.jpeg,Tooth_Discoloration_0_7022.jpeg,Tooth Discoloration,Training
E:\Dr. Atef Ismail\Khaled Dental\Paper2\archive (10)\Tooth Discoloration\Tooth_Discoloration_0_4072.jpeg,Tooth_Discoloration_0_4072.jpeg,Tooth Discoloration,Training
E:\Dr. Atef Ismail\Khaled Dental\Paper2\archive (10)\hypodontia\(1150).JPG,(1150).JPG,Hypodontia,Training
E:\Dr. Atef Ismail\Khaled Dental\Paper2\archive (10)\Mouth Ulcer\Mouth_Ulcer_0_7870.jpeg,Mouth_Ulcer_0_7870.jpeg,Mouth Ulcer,Training
E:\Dr. Atef Ismail\Khaled Dental\Paper2\archive (10)\Mouth Ulcer\Mouth_Ulcer_0_6688.jpeg,Mouth_Ulcer_0_6688.jpeg,Mouth Ulcer,Training
E:\Dr. Atef Ismail\Khaled Dental\Paper2\archive (10)\Gingivitis\(1889).jpg,(1889).jpg,Gingivitis,Training
E:\Dr. Atef Ismail\Khaled Dental\Paper2\archive (10)\Gingivitis\(659).jpg,(659).jpg,Gingivitis,Training
E:\Dr. Atef Ismail\Khaled Dental\Paper2\archive (10)\Gingivitis\(1603).jpg,(1603).jpg,Gingivitis,Training
E:\Dr. Atef Ismail\Khaled Dental\Paper2\archive (10)\Tooth Discoloration\Tooth_Discoloration_0_953.jpeg,Tooth_Discoloration_0_953.jpeg,Tooth Discoloration,Training
E:\Dr. Atef Ismail\Khaled Dental\Paper2\archive (10)\Gingivitis\(1101).jpg,(1101).jpg,Gingivitis,Training
E:\Dr. Atef Ismail\Khaled Dental\Paper2\archive (10)\Mouth Ulcer\Mouth_Ulcer_0_8219.jpeg,Mouth_Ulcer_0_8219.jpeg,Mouth Ulcer,Training
E:\Dr. Atef Ismail\Khaled Dental\Paper2\archive (10)\Gingivitis\(174).jpg,(174).jpg,Gingivitis,Training
E:\Dr. Atef Ismail\Khaled Dental\Paper2\archive (10)\Tooth Discoloration\Tooth_Discoloration_0_8564.jpeg,Tooth_Discoloration_0_8564.jpeg,Tooth Discoloration,Training
E:\Dr. Atef Ismail\Khaled Dental\Paper2\archive (10)\Mouth Ulcer\Mouth_Ulcer_0_7076.jpeg,Mouth_Ulcer_0_7076.jpeg,Mouth Ulcer,Training
E:\Dr. Atef Ismail\Khaled Dental\Paper2\archive (10)\hypodontia\(1184).JPG,(1184).JPG,Hypodontia,Training
E:\Dr. Atef Ismail\Khaled Dental\Paper2\archive (10)\Mouth Ulcer\Mouth_Ulcer_0_2030.jpeg,Mouth_Ulcer_0_2030.jpeg,Mouth Ulcer,Training
E:\Dr. Atef Ismail\Khaled Dental\Paper2\archive (10)\Mouth Ulcer\Mouth_Ulcer_0_2477.jpeg,Mouth_Ulcer_0_2477.jpeg,Mouth Ulcer,Training
E:\Dr. Atef Ismail\Khaled Dental\Paper2\archive (10)\Tooth Discoloration\Tooth_Discoloration_0_2753.jpeg,Tooth_Discoloration_0_2753.jpeg,Tooth Discoloration,Training
E:\Dr. Atef Ismail\Khaled Dental\Paper2\archive (10)\Mouth Ulcer\Mouth_Ulcer_0_4831.jpeg,Mouth_Ulcer_0_4831.jpeg,Mouth Ulcer,Training
E:\Dr. Atef Ismail\Khaled Dental\Paper2\archive (10)\Mouth Ulcer\Mouth_Ulcer_0_7695.jpeg,Mouth_Ulcer_0_7695.jpeg,Mouth Ulcer,Training
E:\Dr. Atef Ismail\Khaled Dental\Paper2\archive (10)\Mouth Ulcer\Mouth_Ulcer_0_8975.jpeg,Mouth_Ulcer_0_8975.jpeg,Mouth Ulcer,Training
E:\Dr. Atef Ismail\Khaled Dental\Paper2\archive (10)\Tooth Discoloration\Tooth_Discoloration_0_3104.jpeg,Tooth_Discoloration_0_3104.jpeg,Tooth Discoloration,Training
E:\Dr. Atef Ismail\Khaled Dental\Paper2\archive (10)\Tooth Discoloration\Tooth_Discoloration_0_3734.jpeg,Tooth_Discoloration_0_3734.jpeg,Tooth Discoloration,Training
E:\Dr. Atef Ismail\Khaled Dental\Paper2\archive (10)\Gingivitis\(1771).jpg,(1771).jpg,Gingivitis,Training
E:\Dr. Atef Ismail\Khaled Dental\Paper2\archive (10)\Caries_Gingivitus\caries_0_3528.jpeg,caries_0_3528.jpeg,Caries-Gingivitis,Training
E:\Dr. Atef Ismail\Khaled Dental\Paper2\archive (10)\Gingivitis\(1671).jpg,(1671).jpg,Gingivitis,Training
E:\Dr. Atef Ismail\Khaled Dental\Paper2\archive (10)\Gingivitis\(389).jpg,(389).jpg,Gingivitis,Training
E:\Dr. Atef Ismail\Khaled Dental\Paper2\archive (10)\Gingivitis\(2267).jpg,(2267).jpg,Gingivitis,Training
E:\Dr. Atef Ismail\Khaled Dental\Paper2\archive (10)\Tooth Discoloration\Tooth_Discoloration_0_3799.jpeg,Tooth_Discoloration_0_3799.jpeg,Tooth Discoloration,Training
E:\Dr. Atef Ismail\Khaled Dental\Paper2\archive (10)\Gingivitis\(161).jpg,(161).jpg,Gingivitis,Training
E:\Dr. Atef Ismail\Khaled Dental\Paper2\archive (10)\Mouth Ulcer\Mouth_Ulcer_0_6320.jpeg,Mouth_Ulcer_0_6320.jpeg,Mouth Ulcer,Training
E:\Dr. Atef Ismail\Khaled Dental\Paper2\archive (10)\Caries_Gingivitus\caries_0_5051.jpeg,caries_0_5051.jpeg,Caries-Gingivitis,Training
E:\Dr. Atef Ismail\Khaled Dental\Paper2\archive (10)\Mouth Ulcer\Mouth_Ulcer_0_9162.jpeg,Mouth_Ulcer_0_9162.jpeg,Mouth Ulcer,Training
E:\Dr. Atef Ismail\Khaled Dental\Paper2\archive (10)\Gingivitis\(516).jpg,(516).jpg,Gingivitis,Training
E:\Dr. Atef Ismail\Khaled Dental\Paper2\archive (10)\Mouth Ulcer\Mouth_Ulcer_0_4208.jpeg,Mouth_Ulcer_0_4208.jpeg,Mouth Ulcer,Training
E:\Dr. Atef Ismail\Khaled Dental\Paper2\archive (10)\Gingivitis\(794).jpg,(794).jpg,Gingivitis,Training
